id,smiles,exactmass,rotatablebondcount,logp,formalcharge,acceptorcount,donorcount,polarsurfacearea,error
CHEMBL513749,C=C(CSc1ccc(C(F)(F)F)cc1)CSc1ccc(OCC(=O)O)c(C)c1,428.072771,9,5.91782,0,4,1,46.53,
CID_155547646,CC1=CC(=CC2=C1OC(CC2)(C)CCC=C(C)CCC=C(C)C(=O)O)OC,372.23006,8,5.62492,0,3,1,55.76,
CHEMBL4535730,COc1cc(C)c2c(c1)CC[C@@](C)(CC/C=C(\C)CC/C=C(\C)C(=O)O)O2,372.23006,8,5.62492,0,3,1,55.76,
CHEMBL5416466,CC1=CC=C(C=C1)N2CC(=O)N(C2=O)CC3=CC(=C(C(=C3)C)OC(C)(C)C(=O)O)C,410.184172,6,3.82266,0,4,1,87.15,
CHEMBL322690,CC(C)(C(=O)O)OC1=CC=CC(=C1)CCCN(C2=CC=CC(=C2C3CC3)C4=NOC=N4)C(=O)COC5=CC(=C(C=C5)Cl)Cl,623.158991,13,7.2076,0,7,1,114.99,
CHEMBL255930,Cc1oc(-c2ccccc2)nc1CCOc1ccc(C[C@@H]2CN(c3nccc(C(F)(F)F)n3)C[C@@H]2C(=O)O)cc1,552.19844,9,5.46002,0,7,1,101.58,
CID_10347566,CC1=C(N=C(O1)C2=CC=CC=C2)CCOC3=CC=C(C=C3)CC4CN(CC4C(=O)O)C5=NC=CC(=N5)C(F)(F)F,552.19844,9,5.46002,0,7,1,101.58,
CHEMBL248411,Cc1ccc(-c2nc(CCOc3ccc4c(c3)CC[C@H]4CC(=O)O)c(C)s2)cc1,407.155515,7,5.55294,0,4,1,59.42,
CID_44442452,CC1=CC=C(C=C1)C2=NC(=C(S2)C)CCOC3=CC4=C(C=C3)C(CC4)CC(=O)O,407.155515,7,5.55294,0,4,1,59.42,
CHEMBL2204598,CC1=C(N=C(O1)C2=CC=CC=C2)CN(CC3=CC(=C(C=C3)OC(C)(C)C(=O)O)Cl)CC4=CC=CO4,494.16085,10,6.34082,0,6,1,88.94,
CHEMBL206202,CC[C@@](C)(Cc1ccc(OCCCOc2ccc(CC(F)(F)F)cc2Cl)cc1)C(=O)O,458.147172,11,6.3361,0,3,1,55.76,
CID_44409279,CCC(C)(CC1=CC=C(C=C1)OCCCOC2=C(C=C(C=C2)CC(F)(F)F)Cl)C(=O)O,458.147172,11,6.3361,0,3,1,55.76,
CHEMBL4101577,CC(=O)NC(C)c1nc(-c2ccc(OCC=C(c3ccc(Br)cc3)c3ccc(Br)cc3)cc2)no1,595.010616,8,6.9694,0,5,1,77.25,
CHEMBL247111,CCO[C@@H](Cc1ccc(OC/C=C/c2cc(/C=C/c3ccccc3)cc(/C=C/c3ccccc3)c2)cc1)C(=O)O,530.24571,13,8.1518,0,3,1,55.76,
CID_44441223,CCOC(CC1=CC=C(C=C1)OCC=CC2=CC(=CC(=C2)C=CC3=CC=CC=C3)C=CC4=CC=CC=C4)C(=O)O,530.24571,13,8.1518,0,3,1,55.76,
CHEMBL485155,CCCCCCC[C@H]1C(=O)C=C(I)[C@@H]1OCCCCCC(=O)O,436.111057,13,4.8949,0,3,1,63.6,
CID_15984029,CCCCCCCC1C(C(=CC1=O)I)OCCCCCC(=O)O,436.111057,13,4.8949,0,3,1,63.6,
CHEMBL218784,CC(C)(C(=O)O)OC1=CC=C(C=C1)CNC(=O)C2=CN=C(S2)C3=CC=CC=C3,396.114378,7,3.9821,0,5,2,88.52,
CHEMBL3707395,CSc1ccc(C(=O)/C=C/c2cc(C)c(OC(C)(C)C(=O)O)c(C)c2)cc1,384.13953,7,5.16344,0,4,1,63.6,
CID_9864881,CC1=CC(=CC(=C1OC(C)(C)C(=O)O)C)C=CC(=O)C2=CC=C(C=C2)SC,384.13953,7,5.16344,0,4,1,63.6,
CHEMBL5432415,CC1=CC(=CC(=C1OC(C)(C)C(=O)O)C)CN2C(=O)CN(C2=O)C3=CC=CC(=C3)C(F)(F)F,464.155906,6,4.53304,0,4,1,87.15,
CHEMBL249865,CCN(C(=O)Nc1ccc(OC(F)(F)F)cc1)[C@@H]1Cc2ccc(SC(C)(C)C(=O)O)cc2C1,482.148713,7,5.5617,0,4,2,78.87,
CID_11260214,CCN(C1CC2=C(C1)C=C(C=C2)SC(C)(C)C(=O)O)C(=O)NC3=CC=C(C=C3)OC(F)(F)F,482.148713,7,5.5617,0,4,2,78.87,
CHEMBL1927473,CC1=C(C=CC(=C1)SCC2=C(N=C(S2)C3=CC=C(C=C3)C(F)(F)F)C)OC(C(=O)O)F,471.058598,7,6.49704,0,5,1,59.42,
CID_46229871,CC1=C(C=C(C=C1)C(=NOCCCCON=C(CCC(=O)O)C2=CC=CC=C2)C)C,410.220557,12,5.10994,0,5,1,80.48,
CHEMBL592236,C/C(=N\OCCCCO/N=C(/CCC(=O)O)c1ccccc1)c1ccc(C)c(C)c1,410.220557,12,5.10994,0,5,1,80.48,
CHEMBL246204,Cc1oc(-c2ccc(C(C)(C)C)cc2)nc1CCOc1ccc2c(c1)CC[C@H]2CC(=O)O,433.225308,7,6.07352,0,4,1,72.56,
CID_44442445,CC1=C(N=C(O1)C2=CC=C(C=C2)C(C)(C)C)CCOC3=CC4=C(C=C3)C(CC4)CC(=O)O,433.225308,7,6.07352,0,4,1,72.56,
CHEMBL4104138,CC(=O)N[C@@H](C)c1nc(-c2ccc(OCCc3ccc(OS(C)(=O)=O)cc3)cc2)no1,445.130756,9,2.8936,0,8,1,120.62,
CHEMBL4092884,CC(C1=NC(=NO1)C2=CC=C(C=C2)OCCC3=CC=C(C=C3)OS(=O)(=O)C)NC(=O)C,445.130756,9,2.8936,0,8,1,120.62,
CHEMBL375471,CCCCOc1ccc(C[C@H](CC)C(=O)O)cc1CNC(=O)c1ccc(C(F)(F)F)cc1F,469.187621,11,5.6067,0,3,2,75.63,
CHEMBL427071,CCCCOc1ccc(C[C@@H](CC)C(=O)O)cc1CNC(=O)c1ccc(C(F)(F)F)cc1F,469.187621,11,5.6067,0,3,2,75.63,
CHEMBL229836,CCCCOC1=C(C=C(C=C1)CC(CC)C(=O)O)CNC(=O)C2=C(C=C(C=C2)C(F)(F)F)F,469.187621,11,5.6067,0,3,2,75.63,
CHEMBL112973,CCC1(C(=O)O)CCc2ccc(OCCCOc3ccc(Oc4ccccc4)cc3F)cc2O1,466.179167,10,6.0243,0,5,1,74.22,
CHEMBL589747,COc1cc(/C(C)=N/OCCCCO/N=C(/CCC(=O)O)c2ccccc2)ccc1F,430.1904,13,4.6408,0,6,1,89.71,
CID_46229903,CC(=NOCCCCON=C(CCC(=O)O)C1=CC=CC=C1)C2=CC(=C(C=C2)F)OC,430.1904,13,4.6408,0,6,1,89.71,
CHEMBL1075683,CC1=C(C=CC(=C1)OCC2=NC(=C(O2)C3=CC=C(C=C3)OC(F)(F)F)C4=CC=C(C=C4)OC5CCCC5)OCC(=O)O,583.181787,11,7.57942,0,7,1,100.25,
CID_57395238,CC=CC=CC(=O)N1CC2=C(CC1C(=O)O)C=CC(=C2)OCCC3=C(OC(=N3)C=CC(C)C)C.CC(C)(C)N,537.320271,9,5.48752,0,6,2,118.89,
CHEMBL1935493,C/C=C/C=C/C(=O)N1Cc2cc(OCCc3nc(/C=C/C(C)C)oc3C)ccc2C[C@H]1C(=O)O.CC(C)(C)N,537.320271,9,5.48752,0,6,2,118.89,
CHEMBL4855604,CC1=CC=C(C=C1)CN2C(=O)N(C(=N2)CCCC3=CC=C(C=C3)OC(C)(C)C(=O)O)CC4=CC(=CC=C4)OC,529.257671,12,4.87572,0,7,1,95.58,
CHEMBL190665,CCCC1=CC(=CC(=C1OC(C)(C)C(=O)O)CCC)C(=O)CC,320.198759,9,4.4263,0,3,1,63.6,
CHEMBL173409,CCCC1=C(C=CC2=C1ON=C2C3=CC=CC=C3)OCCCCOC4=CC(=CC=C4)OCC(=O)O,475.199488,13,6.1487,0,6,1,91.02,
CHEMBL425666,CCC(CC1=CC(=C(C=C1)OCC)CNC(=O)C2=CC=C(C=C2)C(F)(F)F)C(=O)O,423.165743,9,4.6874,0,3,2,75.63,
CHEMBL233003,CCO[C@@H](Cc1ccc(CCC(OC(=S)NCCc2ccccc2)c2ccccc2)cc1)C(=O)O,491.21303,13,5.5265,0,4,2,67.79,
CID_44431873,CCOC(CC1=CC=C(C=C1)CCC(C2=CC=CC=C2)OC(=S)NCCC3=CC=CC=C3)C(=O)O,491.21303,13,5.5265,0,4,2,67.79,
CHEMBL436113,CCOC(C(=O)O)C1CCc2cc(OCCc3nc(-c4ccccc4)oc3C)ccc21,421.188923,9,4.79102,0,5,1,81.79,
CHEMBL199928,CCC(C(=O)O)C1CCc2cc(OCCc3nc(-c4cccc(C)c4)oc3C)ccc21,419.209658,8,5.72054,0,4,1,72.56,
CHEMBL149676,CCCN1C(=NN(C1=O)CC2=CC=C(C=C2)C)CCCC3=CC=C(C=C3)OC(C)(C)C(=O)O,451.247107,11,4.22882,0,6,1,86.35,
CHEMBL2022405,CC1=C(N(N=C1C(=O)NC2=CC=C(C=C2)O)C3=C(C=C(C=C3)Cl)Cl)C4=CC=C(C=C4)Cl,471.03081,4,6.76582,0,4,2,67.15,
CHEMBL176222,CC[C@]1(C(=O)O)CCc2ccc(OCCCOc3ccc(C4CCC5(CC4)CC5)cc3Cl)cc2O1,498.217302,9,7.1841,0,4,1,64.99,
CID_44388563,CCC1(CCC2=C(O1)C=C(C=C2)OCCCOC3=C(C=C(C=C3)C4CCC5(CC4)CC5)Cl)C(=O)O,498.217302,9,7.1841,0,4,1,64.99,
CHEMBL248527,CCC(C(=O)O)OC1=CC=CC(=C1)CN(CCCOC2=CC=CC=C2)C3=NC4=C(O3)C=C(C=C4)F,478.1904,12,5.6846,0,6,1,85.03,
CHEMBL5273730,C1=CC(=CC=C1CNC2=CC(=CC(=C2)C(=O)O)F)C3=CC=C(C=C3)OC(F)(F)F,405.098806,6,5.7016,0,3,2,58.56,
CHEMBL192521,CCCc1cc2c(oc(=O)n2CC(F)(F)F)c(CCC)c1O[C@H](C(=O)O)c1ccc(C(C)C)cc1,493.207608,10,6.3899,0,5,1,81.67,
CID_11466042,CCCC1=CC2=C(C(=C1OC(C3=CC=C(C=C3)C(C)C)C(=O)O)CCC)OC(=O)N2CC(F)(F)F,493.207608,10,6.3899,0,5,1,81.67,
CHEMBL5406894,CCC1=CC=C(C=C1)N2CC(=O)N(C2=O)CC3=CC(=C(C(=C3)C)OC(C)(C)C(=O)O)C,424.199822,7,4.07664,0,4,1,87.15,
CHEMBL201581,C1=CC(=CC2=C1C=CN2CC(=O)O)OCCCOC3=CC=C(C=C3)C(=O)C4=CC=C(C=C4)F,447.148201,10,4.9439,0,5,1,77.76,
CHEMBL1075895,CC1=C(C=CC(=C1)OCC2=NC(=C(O2)C3=CC=C(C=C3)OC(F)(F)F)C4=CN=C(N=C4)N5CCOCC5)OCC(=O)O,586.167534,10,4.88462,0,10,1,129.27,
CHEMBL551884,CCCCC(C(=O)O)SC1=CC=C(C=C1)OCCCOC2=CC(=C(C=C2)Cl)C(F)(F)F,476.103593,12,6.9422,0,4,1,55.76,
CHEMBL394947,CC1=C(N=C(O1)C2=CC=CC=C2)CCOC3=CC=CC(=C3)CN(CC4=CC=C(C=C4)OCC5=CC=CC=C5)CC(=O)O,562.246772,14,6.93732,0,6,1,85.03,
CHEMBL1927476,CC/C=C\C/C=C\C/C=C\C/C=C\CC/C=C/C=C/C(=O)O,300.20893,12,5.7687,0,1,1,37.3,
CID_16742591,CCC=CCC=CCC=CCC=CCCC=CC=CC(=O)O,300.20893,12,5.7687,0,1,1,37.3,
CHEMBL460278,CCN1C(=CC(=N1)C(=O)NCC2=CC(=C(C=C2)OC(C)(C)C(=O)O)C)C3=CC=C(C=C3)C(C)(C)C,477.262757,8,5.34792,0,5,2,93.45,
CHEMBL117738,CCCC1=C(C=CC(=C1)C=C2CCCCC2)OCCCOC3=CC=CC(=C3)C4C(=O)NC(=O)S4,479.21303,10,6.8586,0,5,1,64.63,
CHEMBL1779480,CC[C@@H](Cc1ccc(OC)c(CNC(=O)c2ccc(Oc3ccc(F)cc3)cc2)c1)C(=O)O,451.179501,10,5.2099,0,4,2,84.86,
CID_54581535,CCC(CC1=CC(=C(C=C1)OC)CNC(=O)C2=CC=C(C=C2)OC3=CC=C(C=C3)F)C(=O)O,451.179501,10,5.2099,0,4,2,84.86,
CHEMBL1079489,CC1=C(C=CC(=C1)OCC2=NC(=CS2)C3=CC=C(C=C3)C4=CC=CC=C4)OCC(=O)O,431.119129,8,5.82792,0,5,1,68.65,
CHEMBL197684,CCCCCOC1=NC2=CC=CC=C2C=C1C(CC#CCCCC(=O)OC)O,383.209658,10,4.574,0,5,1,68.65,
CHEMBL214289,CC1=C(C(=NO1)C2=C(C=C(C=C2)CC(=O)O)Cl)COCCOC3=C(C=C(C=C3)C(F)(F)F)[N+](=O)[O-],514.075463,10,5.45312,0,7,1,124.93,
CHEMBL230519,CCCO/N=C(\C)C(Cc1ccc(OCc2nc(C(C)C)oc2C)cc1)C(=O)O,402.215472,11,4.73122,0,6,1,94.15,
CID_11463785,CCCON=C(C)C(CC1=CC=C(C=C1)OCC2=C(OC(=N2)C(C)C)C)C(=O)O,402.215472,11,4.73122,0,6,1,94.15,
CHEMBL270665,CC(CC1=CC(=C(C=C1)OC)CNC(=O)C2=CC=C(C=C2)C34CC5CC(C3)CC(C5)C4)C(=O)O,461.256609,8,5.3562,0,3,2,75.63,
CHEMBL247919,CC(C)(C(=O)O)OC1=CC=CC(=C1)CN(CCOC2=CC=CC=C2)C3=NC4=CC=CC=C4O3,446.184172,10,5.1554,0,6,1,85.03,
CHEMBL220708,CC1=C(N=C(O1)C2=CC=CC=C2)CCOC3=NC=C(C=C3)CC4(CCC4)C(=O)O,392.173607,8,4.46392,0,5,1,85.45,
CHEMBL1779473,CCC(CC1=CC(=C(C=C1)OC)CNC(=O)C2=CC=C(C=C2)OC(F)(F)F)C(=O)O,425.145007,9,4.1771,0,4,2,84.86,
CHEMBL387914,CCC(CC1=CC(=C(C=C1)OC)CNC(=O)C2=C(C=C(C=C2)C(F)(F)F)F)C(=O)O,427.140671,8,4.4364,0,3,2,75.63,
CHEMBL202609,CC[C@@H](Cc1ccc(OC)c(CNC(=O)c2ccc(C(F)(F)F)cc2F)c1)C(=O)O,427.140671,8,4.4364,0,3,2,75.63,
CHEMBL96451,CCCC1=C(C=CC(=C1)OC2=CC=C(C=C2)F)OCCCOC3=CC=CC(=C3)C4C(=O)NC(=O)S4,495.151572,11,6.4425,0,6,1,73.86,
CHEMBL392474,CCc1ccc(-c2nccc(N(C)CCCOc3ccc4c(c3)CC[C@H]4CC(=O)O)n2)cc1,445.236542,10,5.1158,0,5,1,75.55,
CID_44439724,CCC1=CC=C(C=C1)C2=NC=CC(=N2)N(C)CCCOC3=CC4=C(C=C3)C(CC4)CC(=O)O,445.236542,10,5.1158,0,5,1,75.55,
CHEMBL229786,CCCC(CC1=CC(=C(C=C1)OC)CNC(=O)C2=CC=C(C=C2)C(F)(F)F)C(=O)O,423.165743,9,4.6874,0,3,2,75.63,
CHEMBL246279,CCO[C@@H](Cc1ccc(OC/C=C/c2cc(-c3ccccc3)cc(-c3ccccc3)c2)cc1)C(=O)O,478.214409,11,7.145,0,3,1,55.76,
CID_20765803,CCOC(CC1=CC=C(C=C1)OCC=CC2=CC(=CC(=C2)C3=CC=CC=C3)C4=CC=CC=C4)C(=O)O,478.214409,11,7.145,0,3,1,55.76,
CHEMBL111271,CCCC1=C(C=CC(=C1)OC2=CC=C(C=C2)F)OCCCOC3=CC4=C(CCC(O4)(CC)C(=O)O)C=C3,508.226117,12,6.9768,0,5,1,74.22,
CHEMBL244573,CC1=C(C=CC(=C1)SCC2=NC(=NS2)C3=CC=C(C=C3)C(F)(F)F)OCC(=O)O,440.047619,7,5.28802,0,6,1,72.31,
CHEMBL6172690,CC1=CC(=CC(=C1OC(C)(C)C(=O)O)C)CN2CCN(C2=O)C3=CC=C(C=C3)OC,412.199822,7,3.99624,0,4,1,79.31,
CHEMBL470144,CCCCCCC1=CC=C(C=C1)CC(C(=O)O)OC2=CC=C(C=C2)Cl,360.149222,10,5.5375,0,2,1,46.53,
CHEMBL409513,CC1=C(C=C(C=C1)C2=NSC(=N2)CSC3=CC(=C(C=C3)OC(C)(C)C(=O)O)C)C,428.122835,7,5.66466,0,6,1,72.31,
CHEMBL254744,CC1=C(SC(=N1)C2=CC=C(C=C2)C(F)(F)F)C(=O)NCC3=CC=C(C=C3)NS(=O)(=O)C,469.074168,6,4.43882,0,5,2,88.16,
CHEMBL5417169,CC1=CC(=CC(=C1OC(C)(C)C(=O)O)C)CN2C(=O)CN(C2=O)C3=CC=C(C=C3)C(F)(F)F,464.155906,6,4.53304,0,4,1,87.15,
CHEMBL472399,CC1=CC=CC=C1C2=CC=C(C=C2)C3=CC(=NN3C)C(=O)NCC4=CC(=C(C=C4)OC(C)(C)C(=O)O)C,497.231456,8,5.54294,0,5,2,93.45,
CHEMBL80979,CC(C)OC(CC1=CC=C(C=C1)OCCC2=NOC(=N2)C3=CC(=CC(=C3)C(F)(F)F)C(F)(F)F)C(=O)O,532.143291,10,5.8164,0,6,1,94.68,
CHEMBL4474407,CCCCCCC(C(=O)O)SC1=NC2=C(S1)C=C(C=C2)NS(=O)(=O)C3=CC=C(C=C3)Cl,498.050848,11,6.2662,0,6,2,96.36,
CHEMBL395924,CC(C)(C(=O)O)OC1=CC=CC(=C1)CCCN(CCOC2=CC=CC=C2)C3=NC4=CC=CC=C4O3,474.215472,12,5.588,0,6,1,85.03,
CID_11223613,CCCC1=CC(=CC(=C1OC(C2=CC=C(C=C2)C(C)C)C(=O)O)CCC)C(=O)CC,410.24571,11,6.5124,0,3,1,63.6,
CHEMBL187557,CCCc1cc(C(=O)CC)cc(CCC)c1O[C@H](C(=O)O)c1ccc(C(C)C)cc1,410.24571,11,6.5124,0,3,1,63.6,
CHEMBL305854,CC(C)OC(CC1=CC=C(C=C1)OCCC2=NOC(=N2)C3=CC=C(C=C3)Cl)C(=O)O,430.12955,10,4.4322,0,6,1,94.68,
CHEMBL370024,CCC1(C(=O)O)Cc2ccc(OCCCOc3ccc(OC(F)(F)F)cc3Cl)cc2O1,460.090051,9,5.2548,0,5,1,74.22,
CHEMBL484137,CO[C@@H](Cc1ccc(OCCc2nc(-c3ccc(C(F)(F)F)cc3)oc2C)c2ccsc12)C(=O)O,505.117078,9,6.14712,0,6,1,81.79,
CID_44591724,CC1=C(N=C(O1)C2=CC=C(C=C2)C(F)(F)F)CCOC3=C4C=CSC4=C(C=C3)CC(C(=O)O)OC,505.117078,9,6.14712,0,6,1,81.79,
CHEMBL4561177,CC1=C(C=CC(=C1)CNC2=CC(=CC=C2)OC(C)(C)C(=O)O)OCC3=CC=C(C=C3)F,423.184587,9,5.56722,0,4,2,67.79,
CHEMBL518348,CC1=C(C=CC(=C1)CNC(=O)C2=NN(C(=C2)C3=CC=C(C=C3)C(C)(C)C)C)OC(C)(C)C(=O)O,463.247107,7,4.86502,0,5,2,93.45,
CHEMBL364467,CCCC1=CC(=CC(=C1OC(C2=CC=CC=C2)C(=O)O)CCC)C(=O)CC,368.198759,10,5.389,0,3,1,63.6,
CHEMBL363018,CC1=CC=C(C=C1)OC(C)(CC2=CC=C(C=C2)OCCC3=C(OC(=N3)C4=CC=C(C=C4)C5=CC=CC=C5)C)C(=O)O,547.235873,11,7.71174,0,5,1,81.79,
CHEMBL248261,COc1ccc(-c2nc(CCOc3ccc4c(c3)CC[C@H]4CC(=O)O)c(C)o2)cc1,407.173273,8,4.78462,0,5,1,81.79,
CID_44442442,CC1=C(N=C(O1)C2=CC=C(C=C2)OC)CCOC3=CC4=C(C=C3)C(CC4)CC(=O)O,407.173273,8,4.78462,0,5,1,81.79,
CHEMBL5432016,C1=CC(=CN=C1)C2=NOC(=N2)C3=NOC=N3,215.044324,2,1.1816,0,7,0,90.73,
CHEMBL223748,CCOc1csc(-c2ccc(OCCCOc3ccc4c(c3)CC[C@H]4CC(=O)O)cc2)n1,453.160994,11,5.5612,0,6,1,77.88,
CID_16110493,CCOC1=CSC(=N1)C2=CC=C(C=C2)OCCCOC3=CC4=C(C=C3)C(CC4)CC(=O)O,453.160994,11,5.5612,0,6,1,77.88,
CHEMBL468159,Cc1ccc(-c2nc(COc3ccc(C[C@H]4CO[C@@](C)(C(=O)O)OC4)cc3)c(C)o2)s1,443.140259,7,4.60524,0,7,1,91.02,
CID_44577684,CC1=CC=C(S1)C2=NC(=C(O2)C)COC3=CC=C(C=C3)CC4COC(OC4)(C)C(=O)O,443.140259,7,4.60524,0,7,1,91.02,
CHEMBL220662,CCCc1cc(-c2nc(C)c(C(=O)N(C)C)s2)ccc1OCCCOc1ccc2c(c1)CC[C@H]2CC(=O)O,536.234493,12,6.12522,0,6,1,88.96,
CID_10347115,CCCC1=C(C=CC(=C1)C2=NC(=C(S2)C(=O)N(C)C)C)OCCCOC3=CC4=C(C=C3)C(CC4)CC(=O)O,536.234493,12,6.12522,0,6,1,88.96,
CHEMBL1086515,CCCN(CC(=O)Nc1ccc(C)cc1C)Cc1ccc(OC(C)(C)C(=O)O)cc1,412.236208,10,4.39614,0,4,2,78.87,
CHEMBL230411,CCO/N=C(\C)C(Cc1ccc(OCCc2nc(-c3ccc(F)cc3)oc2C)cc1)C(=O)O,454.1904,11,5.06632,0,6,1,94.15,
CID_11453821,CCON=C(C)C(CC1=CC=C(C=C1)OCCC2=C(OC(=N2)C3=CC=C(C=C3)F)C)C(=O)O,454.1904,11,5.06632,0,6,1,94.15,
CHEMBL205803,CC[C@@](C)(Cc1ccc(OCCCOc2ccc(OCC(F)(F)F)cc2Cl)cc1)C(=O)O,474.142086,12,6.1724,0,4,1,64.99,
CID_44409251,CCC(C)(CC1=CC=C(C=C1)OCCCOC2=C(C=C(C=C2)OCC(F)(F)F)Cl)C(=O)O,474.142086,12,6.1724,0,4,1,64.99,
CHEMBL280065,CCCCCCCC/C=C\CCCCCCCC(=O)NCCO,325.298079,17,5.1324,0,2,2,49.33,
CID_5283454,CCCCCCCCC=CCCCCCCCC(=O)NCCO,325.298079,17,5.1324,0,2,2,49.33,
CHEMBL241269,CCOc1csc(-c2ccc(OCCCOc3ccc4c(c3)CC[C@H]4CC(=O)O)nc2)n1,454.156243,11,4.9562,0,7,1,90.77,
CID_44439730,CCOC1=CSC(=N1)C2=CN=C(C=C2)OCCCOC3=CC4=C(C=C3)C(CC4)CC(=O)O,454.156243,11,4.9562,0,7,1,90.77,
CHEMBL203338,CCC(CC)(CC1=CC=C(C=C1)OCCCOC2=C(C=C(C=C2)OC3=CC=C(C=C3)F)Cl)C(=O)O,500.17658,13,7.5528,0,4,1,64.99,
CHEMBL219688,Cc1cc(-c2nc(C(F)(F)F)ns2)ccc1OCCCOc1ccc2c(c1)CC[C@H]2CC(=O)O,492.133063,9,5.88472,0,6,1,81.54,
CID_11755396,CC1=C(C=CC(=C1)C2=NC(=NS2)C(F)(F)F)OCCCOC3=CC4=C(C=C3)C(CC4)CC(=O)O,492.133063,9,5.88472,0,6,1,81.54,
CHEMBL420441,CCCC1=C(C=CC(=C1)OC2=CC=C(C=C2)Cl)OCCCOC3=CC=CC(=C3)C4C(=O)NC(=O)S4,511.122022,11,6.9568,0,6,1,73.86,
CHEMBL435715,CCCC1=C(C=CC2=C1ON=C2C3=CC=CC=C3)OCCCCOC4=CC=CC(=C4)C(C)(C)C(=O)O,487.235873,12,7.0475,0,5,1,81.79,
CHEMBL3957862,CC(=O)NC(C)c1nc(-c2ccc(Oc3ccc(O)cc3)cc2)no1,339.121906,5,3.4316,0,6,2,97.48,
CHEMBL3398436,CCOC(=O)N1C[C@@H](Cc2cccc(OCCc3nc(-c4ccccc4)oc3C)c2)[C@@H](C(=O)O)C1,478.210387,9,4.60312,0,6,1,102.1,
CID_9982519,CCOC(=O)N1CC(C(C1)C(=O)O)CC2=CC(=CC=C2)OCCC3=C(OC(=N3)C4=CC=CC=C4)C,478.210387,9,4.60312,0,6,1,102.1,
CHEMBL199509,CCC(C(=O)O)C1CCc2cc(OCCc3nc(-c4ccccc4)oc3C)c(-c3ccc(OC)cc3)cc21,511.235873,10,7.08772,0,5,1,81.79,
CHEMBL248112,CCO[C@@H](Cc1ccc(OC/C=C/c2cc(C(F)(F)F)cc(C(F)(F)F)c2)cc1)C(=O)O,462.126578,9,5.8486,0,3,1,55.76,
CID_20765805,CCOC(CC1=CC=C(C=C1)OCC=CC2=CC(=CC(=C2)C(F)(F)F)C(F)(F)F)C(=O)O,462.126578,9,5.8486,0,3,1,55.76,
CHEMBL260627,CC(C(=O)O)OC1=CC=C(C=C1)SCC2=NC(=NS2)C3=CC=C(C=C3)C(F)(F)F,440.047619,7,5.3681,0,6,1,72.31,
CHEMBL312717,CC1=C(N=C(O1)C2=CC=C(C=C2)C3=CC=CC=C3)CCOC4=CC=C(C=C4)CC(C)(C(=O)O)OC5=CC=CC=C5,533.220223,11,7.40332,0,5,1,81.79,
CHEMBL200045,CCC(C(=O)O)C1CCc2cc(OCCc3nc(-c4ccccc4)oc3C)c(-c3ccc(Cl)cc3)cc21,515.186336,9,7.73252,0,4,1,72.56,
CHEMBL5081996,CC1=CC(=CC(=C1OC(C)(C)C(=O)O)C(F)(F)F)CN2C(=O)N(C=N2)C3=CC=C(C=C3)C(F)(F)F,503.127975,6,4.67032,0,6,1,86.35,
CHEMBL3103199,CC1=CC(=CC(=C1OC(C)(C)C(=O)O)C)C2CC2C(C3=CC=CC=C3OC(F)(F)F)OC,452.181059,8,5.93524,0,4,1,64.99,
CHEMBL124842,CCCCCCCN(CCC1=CC=C(C=C1)OC(C)(C)C(=O)O)C(=O)NC2=C(C=C(C=C2)F)F,476.248664,13,6.2538,0,3,2,78.87,
CHEMBL270451,CCCC(CC1=CC(=C(C=C1)OC)CNC(=O)C2=CC=C(C=C2)C34CC5CC(C3)CC(C5)C4)C(=O)O,489.287909,10,6.1364,0,3,2,75.63,
CHEMBL369725,CCC(C)(C)c1ccc(OCCCOc2ccc3c(c2)O[C@@](C)(C(=O)O)CC3)c(Cl)c1,446.186002,9,6.0438,0,4,1,64.99,
CID_44388914,CCC(C)(C)C1=CC(=C(C=C1)OCCCOC2=CC3=C(CCC(O3)(C)C(=O)O)C=C2)Cl,446.186002,9,6.0438,0,4,1,64.99,
CHEMBL223350,CC1=C(N=C(O1)C2=CC=CC=C2)CCOC3=CC(=C(C=C3)CCC(=O)O)CNC(=O)OC4=NC=CN=C4,502.185235,11,4.36732,0,8,2,136.67,
CHEMBL1091980,CC1=CC=C(C=C1)OC(=O)N(CC2=CC(=CC=C2)OCC3=C(OC(=N3)C4=CC=CC=C4Cl)C)CC(=O)O,520.140114,9,6.27644,0,6,1,102.1,
CHEMBL375761,CC1=C(SC(=N1)C2=CC=CC=C2C(F)(F)F)C(=O)NCC3=CC=C(C=C3)OC(C)(C)C(=O)O,478.117413,7,5.30932,0,5,2,88.52,
CHEMBL305723,CC(C)OC(CC1=CC=C(C=C1)OCCC2=NOC(=N2)C3=CC(=CC=C3)F)C(=O)O,414.1591,10,3.9179,0,6,1,94.68,
CHEMBL2312716,O=C(O)[C@H](Cc1ccccc1)Oc1ccc(-c2ccccc2F)cc1,336.116173,6,4.5674,0,2,1,46.53,
CID_71544684,C1=CC=C(C=C1)CC(C(=O)O)OC2=CC=C(C=C2)C3=CC=CC=C3F,336.116173,6,4.5674,0,2,1,46.53,
CHEMBL258766,CC1=C(C=CC(=C1)OCC2=NC(=NS2)C3=CC(=C(C=C3)C(F)(F)F)F)OC(C)(C)C(=O)O,470.092341,7,5.49242,0,6,1,81.54,
CHEMBL5286820,CN(C)c1ccc(/C=C/C=C2\S/C(=N\c3ccccc3)N(Cc3ccc(C(=O)O)cc3)C2=O)cc1,483.161663,7,5.8112,0,5,1,73.21,
CID_1740115,CN(C)C1=CC=C(C=C1)C=CC=C2C(=O)N(C(=NC3=CC=CC=C3)S2)CC4=CC=C(C=C4)C(=O)O,483.161663,7,5.8112,0,5,1,73.21,
CHEMBL6165188,CC1=CC(=CC(=C1OC(C)(C)C(=O)O)C)CN2CCN(C2=O)C3=CC=CC(=C3)C(F)(F)F,450.176642,6,5.00644,0,3,1,70.08,
CHEMBL239352,CCc1ccc(-c2ncc(C)c(N(C)CCCOc3ccc4c(c3)CC[C@H]4CC(=O)O)n2)cc1,459.252192,10,5.42422,0,5,1,75.55,
CID_10411897,CCC1=CC=C(C=C1)C2=NC=C(C(=N2)N(C)CCCOC3=CC4=C(C=C3)C(CC4)CC(=O)O)C,459.252192,10,5.42422,0,5,1,75.55,
CHEMBL5203327,CC(C)(C)OC(=O)NC(CSCC1=CC=C(C=C1)C2=CC=CC=C2)C(=O)O,387.150429,7,4.5647,0,4,2,75.63,
CHEMBL118887,CCCC1=C(C=CC2=C1ON=C2C(F)(F)F)OCCOC3=CC4=C(C=C3)N(C=C4)CC(=O)O,462.140256,9,5.2962,0,6,1,86.72,
CHEMBL270664,CCC(CC1=CC(=C(C=C1)OCC)CNC(=O)C2=CC=C(C=C2)C34CC5CC(C3)CC(C5)C4)C(=O)O,489.287909,10,6.1364,0,3,2,75.63,
CHEMBL5285590,C1=CC(=CC=C1CNC2=CC(=CC(=C2)C(=O)O)F)C3=CC=C(C=C3)F,339.107085,5,4.9421,0,2,2,49.33,
CHEMBL1085796,CC1=CC(=C(C=C1)NC(=O)CN(CC2=CC=CC=C2)CC3=CC=C(C=C3)OC(C)(C)C(=O)O)C,460.236208,10,5.18634,0,4,2,78.87,
CHEMBL246510,CCC(C(=O)O)OC1=CC=CC(=C1)CN(CCCOC2=CC=C(C=C2)O)C3=NC4=CC=CC=C4O3,476.194737,12,5.2511,0,7,2,105.26,
CHEMBL4444610,CC(C1=NC(=NO1)C2=CC=C(C=C2)OC3=CC=C(C=C3)OCC4=CC=CC=C4)NC(=O)C(F)(F)F,483.140591,8,5.8474,0,6,1,86.48,
CHEMBL244575,CC1=C(C=CC(=C1)SCC2=NC(=NS2)C3=CC=C(C=C3)Cl)OC(C)(C)C(=O)O,434.052562,7,5.70122,0,6,1,72.31,
CHEMBL414868,CCCC1=C(C=CC2=C1C=CC(=C2)C(=O)C3=CC=CC=C3)OCCCN4C=CC5=C4C=CC(=C5)OCC(=O)O,521.220223,12,6.9105,0,5,1,77.76,
CHEMBL5191280,CCCCCC/C=C\CCCCCCCc1cccc(OC(C)(C)C(=O)O)c1,388.297745,16,7.3383,0,2,1,46.53,
CID_168288255,CCCCCCC=CCCCCCCCC1=CC(=CC=C1)OC(C)(C)C(=O)O,388.297745,16,7.3383,0,2,1,46.53,
CHEMBL3398446,Cc1oc(-c2ccccc2)nc1CCOc1cccc(C[C@@H]2CN(c3nccc(C(F)(F)F)n3)C[C@@H]2C(=O)O)c1,552.19844,9,5.46002,0,7,1,101.58,
CID_58977541,CC1=C(N=C(O1)C2=CC=CC=C2)CCOC3=CC=CC(=C3)CC4CN(CC4C(=O)O)C5=NC=CC(=N5)C(F)(F)F,552.19844,9,5.46002,0,7,1,101.58,
CHEMBL191060,CCc1ccc(O[C@@H](Cc2ccccc2)C(=O)O)cc1,270.125594,6,3.3237,0,2,1,46.53,
CID_11149906,CCC1=CC=C(C=C1)OC(CC2=CC=CC=C2)C(=O)O,270.125594,6,3.3237,0,2,1,46.53,
CHEMBL401616,Cc1oc(-c2ccccc2)nc1CCCC[C@H]1CO[C@@](C)(C(=O)O)OC1,359.173273,7,3.82662,0,5,1,81.79,
CID_10109101,CC1=C(N=C(O1)C2=CC=CC=C2)CCCCC3COC(OC3)(C)C(=O)O,359.173273,7,3.82662,0,5,1,81.79,
CHEMBL80791,CC(C)OC(CC1=CC=C(C=C1)OCCC2=NOC(=N2)C3=CC(=CC=C3)C(F)(F)F)C(=O)O,464.155906,10,4.7976,0,6,1,94.68,
CHEMBL231428,COCO[C@@H](COc1ccc(C(F)(F)F)cc1)CSc1ccc(OCC(=O)O)c(C)c1,460.116744,12,4.63742,0,6,1,74.22,
CHEMBL231223,COCO[C@H](COc1ccc(C(F)(F)F)cc1)CSc1ccc(OCC(=O)O)c(C)c1,460.116744,12,4.63742,0,6,1,74.22,
CHEMBL395558,CC1=C(C=CC(=C1)SCC(COC2=CC=C(C=C2)C(F)(F)F)OCOC)OCC(=O)O,460.116744,12,4.63742,0,6,1,74.22,
CHEMBL78442,CC(C)OC(CC1=CC=C(C=C1)OCCC2=NOC(=N2)C3=CC(=CC=C3)Cl)C(=O)O,430.12955,10,4.4322,0,6,1,94.68,
CHEMBL367549,CC[C@]1(C(=O)O)CCc2ccc(OCCCOc3ccc(C(F)(F)F)cc3Cl)cc2O1,458.110786,8,5.7651,0,4,1,64.99,
CID_10204762,CCC1(CCC2=C(O1)C=C(C=C2)OCCCOC3=C(C=C(C=C3)C(F)(F)F)Cl)C(=O)O,458.110786,8,5.7651,0,4,1,64.99,
CHEMBL484330,CO[C@@H](Cc1ccc(OCCc2nc(-c3ccccc3)oc2C)c2sccc12)C(=O)O,437.129694,9,5.12832,0,6,1,81.79,
CID_44591815,CC1=C(N=C(O1)C2=CC=CC=C2)CCOC3=C4C(=C(C=C3)CC(C(=O)O)OC)C=CS4,437.129694,9,5.12832,0,6,1,81.79,
CHEMBL3982893,C1=CC=C(C(=C1)CSC2=CC=C(C=C2)CC(=O)OCC3=CC=C(C=C3)C(F)(F)F)C(=O)O,460.095615,8,5.9818,0,4,1,63.6,
CHEMBL193082,CCCc1cc2c(oc(=O)n2C(C)C)c(CCC)c1O[C@H](C(=O)O)c1ccc(C(C)C)cc1,453.251523,10,6.4085,0,5,1,81.67,
CID_11339979,CCCC1=CC2=C(C(=C1OC(C3=CC=C(C=C3)C(C)C)C(=O)O)CCC)OC(=O)N2C(C)C,453.251523,10,6.4085,0,5,1,81.67,
CHEMBL221201,CC1=C(SC(=N1)C2=CC=C(C=C2)C(F)(F)F)C(=O)NCCC3=CC=C(C=C3)OC(C)(C)C(=O)O,492.133063,8,5.35182,0,5,2,88.52,
CHEMBL20125,CC(C)C1=CC=C(C=C1)NC(=O)N(CCC2=CC=C(C=C2)C3=CC=CC=C3)CCC4=CC=C(C=C4)SC(C)(C)C(=O)O,580.275964,12,8.7516,0,3,2,69.64,
CHEMBL248326,CC(C(=O)O)OC1=CC=CC(=C1)CCN(CCCOC2=CC=CC=C2)C3=NC4=CC=CC=C4O3,460.199822,12,5.1979,0,6,1,85.03,
CHEMBL174764,CCCC1=C(C=CC2=C1ON=C2C3=CC=CC=C3)OCCCCOC4=CC(=CC=C4)OC(C)(C)C(=O)O,503.230788,13,6.9273,0,6,1,91.02,
CHEMBL246208,Cc1ccc(-c2nc(CCOc3ccc4c(c3)CC[C@H]4CC(=O)O)c(C)o2)cc1,391.178358,7,5.08444,0,4,1,72.56,
CID_23529368,CC1=CC=C(C=C1)C2=NC(=C(O2)C)CCOC3=CC4=C(C=C3)C(CC4)CC(=O)O,391.178358,7,5.08444,0,4,1,72.56,
CHEMBL214921,Cc1cc(OCC[C@@H](C)Oc2ccc(OC(F)(F)F)cc2Oc2ccccc2)ccc1CCC(=O)O,504.175973,12,6.93952,0,5,1,74.22,
CID_16085981,CC1=C(C=CC(=C1)OCCC(C)OC2=C(C=C(C=C2)OC(F)(F)F)OC3=CC=CC=C3)CCC(=O)O,504.175973,12,6.93952,0,5,1,74.22,
CHEMBL373874,CC1=C(N=C(O1)C2=CC=CC=C2)CCOC3=NC=C(C=C3)CC(C(=O)O)OC,382.152872,9,3.30862,0,6,1,94.68,
CHEMBL198579,CCCC1=C(C=CC2=C1OC=C2C3=CC=CC=C3)OCCCOC4=CC=CC5=C4C=CN5CC(=O)O,483.204573,11,6.9395,0,5,1,73.83,
CHEMBL484138,CO[C@@H](Cc1ccc(OCCc2nc(-c3cc(C)cc(C)c3)oc2C)c2ccsc12)C(=O)O,465.160994,9,5.74516,0,6,1,81.79,
CID_44591725,CC1=CC(=CC(=C1)C2=NC(=C(O2)C)CCOC3=C4C=CSC4=C(C=C3)CC(C(=O)O)OC)C,465.160994,9,5.74516,0,6,1,81.79,
CHEMBL117402,C1=CC=C2C=C(C=CC2=C1)OCCOC3=CC=C(C=C3)CC(C(=O)N)C(=O)O,379.141973,9,3.0262,0,4,2,98.85,
CHEMBL2204604,CC1=C(N=C(O1)C2=CC(=CC=C2)Br)CN(CC3=CC=CC=C3)CC4=CC=C(C=C4)OC(C)(C)C(=O)O,548.13107,10,6.85692,0,5,1,75.8,
CHEMBL4160945,CCOC(Cc1ccc(OCCn2c(=O)sc3cc(/C=C/c4cc(OC)cc(OC)c4)ccc32)cc1)C(N)=O,548.198108,13,4.7625,0,8,1,102.01,
CID_145958164,CCOC(CC1=CC=C(C=C1)OCCN2C3=C(C=C(C=C3)C=CC4=CC(=CC(=C4)OC)OC)SC2=O)C(=O)N,548.198108,13,4.7625,0,8,1,102.01,
CHEMBL563546,CCCCC(C(=O)O)SC1=CC=C(C=C1)OCCCOC2=CC=CC(=C2)C(C)C,416.202131,13,6.3934,0,4,1,55.76,
CHEMBL591533,COc1ccc(/C(C)=N/OCCCCO/N=C(/CCC(=O)O)c2ccccc2)cc1,412.199822,13,4.5017,0,6,1,89.71,
CID_46216831,CC(=NOCCCCON=C(CCC(=O)O)C1=CC=CC=C1)C2=CC=C(C=C2)OC,412.199822,13,4.5017,0,6,1,89.71,
CHEMBL192638,CCC1(C(=O)O)Cc2cc(OCCCOc3ccc(OCC(F)(F)F)cc3Cl)ccc2O1,474.105701,10,5.2973,0,5,1,74.22,
CHEMBL252995,CC1(CCN(C2=C1C=C(C=C2)C(=O)C3=CC=CC=C3)CCOC4=CC=C(C=C4)CC(C(=O)OC)C(=O)OC)C,529.246438,10,4.989,0,7,0,82.14,
CHEMBL5422340,CC1=C(C(=CC=C1)NC2=CC(=NC(=N2)CSC(=O)O)Cl)C,323.049525,4,4.40164,0,5,2,75.11,
CHEMBL231527,CCCC(=O)C1=CC=C(C=C1)OC(COC2=CC=C(C=C2)C(F)(F)F)CSC3=CC(=C(C=C3)OCC(=O)O)C,562.163694,14,7.07872,0,6,1,82.06,
CHEMBL206759,CC[C@@](C)(Cc1ccc(OCCCOc2cc3oc(=O)cc(C(F)(F)F)c3cc2Cl)cc1)C(=O)O,512.121351,10,6.3565,0,5,1,85.97,
CID_44409035,CCC(C)(CC1=CC=C(C=C1)OCCCOC2=C(C=C3C(=CC(=O)OC3=C2)C(F)(F)F)Cl)C(=O)O,512.121351,10,6.3565,0,5,1,85.97,
CHEMBL5440979,CC1=CC(=CC(=C1OC(C)(C)C(=O)O)C)CN2C(=O)CN(C2=O)C3=CC=C(C=C3)Br,474.079034,6,4.27674,0,4,1,87.15,
CHEMBL39687,CC1=C(OC(=N1)C2=CC=C(C=C2)C(F)(F)F)COC3=CC=C(C=C3)CCC(=O)O,405.118793,7,5.26502,0,4,1,72.56,
CHEMBL470560,C=C(COC1=CC=C(C=C1)C(F)(F)F)CSC2=CC(=C(C=C2)OCC(=O)O)Cl,432.040992,9,5.5495,0,4,1,55.76,
CHEMBL237307,CC1=C(C=C(C=C1)CNC(=O)C2=C(C=C(C=C2)C(F)(F)F)F)OC3=CC(=C(C=C3)OC(C)(C)C(=O)O)C,519.166886,8,6.42564,0,4,2,84.86,
CHEMBL436514,CCCc1cc(-c2nc(OC(C)C)cs2)ccc1OCCCOc1ccc2c(c1)CC[C@H]2CC(=O)O,509.223594,13,6.9022,0,6,1,77.88,
CID_16110494,CCCC1=C(C=CC(=C1)C2=NC(=CS2)OC(C)C)OCCCOC3=CC4=C(C=C3)C(CC4)CC(=O)O,509.223594,13,6.9022,0,6,1,77.88,
CHEMBL4468237,C1=CC(=CC(=C1)NCC2=CC(=C(C=C2)OCC3=CC=C(C=C3)F)OCC4=CC=C(C=C4)F)C(=O)O,475.159515,10,6.4331,0,4,2,67.79,
CHEMBL2204596,CC1=C(N=C(O1)C2=CC=CC=C2)CN(CC3=CC(=C(C=C3)OC(C)(C)C(=O)O)OC)CC4=CC=CO4,490.210387,11,5.69602,0,7,1,98.17,
CHEMBL519504,CO[C@@H](Cc1ccc(OCCc2nc(-c3ccccc3)oc2C)c2ccsc12)C(=O)O,437.129694,9,5.12832,0,6,1,81.79,
CHEMBL519032,CC1=C(N=C(O1)C2=CC=CC=C2)CCOC3=C4C=CSC4=C(C=C3)CC(C(=O)O)OC,437.129694,9,5.12832,0,6,1,81.79,
CHEMBL5077367,CCC1=CC(=CC(=C1OC(C)(C)C(=O)O)CC)CN2C(=O)N(C=N2)C3=CC=C(C=C3)C(F)(F)F,477.187541,8,4.4679,0,6,1,86.35,
CHEMBL1092237,CC1=C(N=C(O1)C2=CC=C(C=C2)Cl)COC3=CC=CC(=C3)CN(CC(=O)O)C(=O)OC4CCC4,484.140114,9,5.45812,0,6,1,102.1,
CHEMBL253923,C1=CC(=CC=C1CC(=O)NCC2=CC=C(C=C2)NS(=O)(=O)C(F)(F)F)C3=CC=C(C=C3)Cl,482.067876,7,5.1274,0,3,2,75.27,
CID_16110490,CCCC1=C(C=CC(=C1)C2=NC3=C(S2)CCCO3)OCCCOC4=CC5=C(C=C4)C(CC5)CC(=O)O,507.207944,11,6.44,0,6,1,77.88,
CHEMBL4463341,CC1=C(C=CC(=C1)CNC2=CC=CC(=C2)C(=O)O)OCC3=CC=C(C=C3)F,365.142722,7,5.02342,0,3,2,58.56,
CHEMBL2312701,CCc1ccccc1-c1ccc(O[C@@H](Cc2ccccc2)C(=O)O)cc1,346.156895,7,4.9907,0,2,1,46.53,
CID_71544852,CCC1=CC=CC=C1C2=CC=C(C=C2)OC(CC3=CC=CC=C3)C(=O)O,346.156895,7,4.9907,0,2,1,46.53,
CHEMBL4471853,CC(C)(Oc1ccc(CCOc2ccc(/N=N/c3ccc(Cl)cc3)cc2)cc1)C(=O)O,438.134635,9,6.6189,0,5,1,80.48,
CID_155535303,CC(C)(C(=O)O)OC1=CC=C(C=C1)CCOC2=CC=C(C=C2)N=NC3=CC=C(C=C3)Cl,438.134635,9,6.6189,0,5,1,80.48,
CHEMBL377508,CC(C)(C(=O)O)OC1=CC=C(C=C1)OCCCCOC2=C(C=C(C=C2)OC3=CC=C(C=C3)F)Cl,488.140194,12,6.7514,0,5,1,74.22,
CHEMBL198288,CCC(C(=O)O)C1CCc2cc(OCCc3nc(Cc4ccc(F)cc4)oc3C)ccc21,437.200237,9,5.47502,0,4,1,72.56,
CHEMBL201036,CCCC1=C(C=CC2=C1C=CC(=C2)C(=O)C3=CC=CC=C3)OCCCOC4=CC=CC5=C4C=CN5CC(=O)O,521.220223,12,6.9105,0,5,1,77.76,
CHEMBL246069,CCC(C(=O)O)OC1=CC=CC(=C1)CN(CCCOC2=CC=CC(=C2)[N+](=O)[O-])C3=NC4=CC=CC=C4O3,505.1849,13,5.4537,0,8,1,128.17,
CHEMBL5094105,CC1=CC(=CC(=C1OC(C)(C)C(=O)O)C(F)(F)F)CN2C(=O)N(C=N2)C3=CC=C(C=C3)OC(F)(F)F,519.12289,7,4.55012,0,7,1,95.58,
CID_44409437,CCC(C)(CC1=CC=C(C=C1)OCCCOC2=CC3=C(C=C2)C(=CC(O3)(C)C)C4=CC(=CC=C4)C(F)(F)F)C(=O)O,568.243659,11,8.1994,0,4,1,64.99,
CHEMBL202631,CC[C@@](C)(Cc1ccc(OCCCOc2ccc3c(c2)OC(C)(C)C=C3c2cccc(C(F)(F)F)c2)cc1)C(=O)O,568.243659,11,8.1994,0,4,1,64.99,
CHEMBL473952,CC1=C(N=C(O1)C2=CC=CC=C2)CCOC3=CC=CC(=C3)CC4=NN(C=C4C(=O)O)C5=CC=CC=C5,479.184506,9,5.74622,0,6,1,90.38,
CHEMBL472050,C=C(COc1ccc(C(F)(F)F)cc1)CSc1ccc(OCC(=O)O)c(C)c1,412.095615,9,5.20452,0,4,1,55.76,
CHEMBL470145,C1=CC=C(C=C1)OC2=CC=CC(=C2)CC(C(=O)O)OC3=CC=C(C=C3)Cl,368.081537,7,5.207,0,3,1,55.76,
CHEMBL213487,CCOC(CC1=C2C=CN(C2=CC=C1)CCCC3=C(OC(=N3)C4=CC=CC=C4)C)C(=O)O,432.204907,10,5.26972,0,5,1,77.49,
CHEMBL5075465,CC(C)(C(=O)O)OC1=C(C=C(C=C1)CN2C(=O)N(C=N2)C3=CC=C(C=C3)C(F)(F)F)F,439.115519,6,3.4822,0,6,1,86.35,
CHEMBL392717,CC1=C(C=CC(=C1)OC2=CC(=CC(=C2)CNC(=O)C3=C(C=C(C=C3)C(F)(F)F)F)F)OC(C)(C)C(=O)O,523.141814,8,6.25632,0,4,2,84.86,
CHEMBL271240,COc1ccc(N2C(=O)[C@@H](Cc3cccc(OCCc4nc(-c5ccccc5)oc4C)c3)[C@H]2C(=O)O)cc1,512.194737,10,4.93882,0,6,1,102.1,
CHEMBL403847,CC1=C(N=C(O1)C2=CC=CC=C2)CCOC3=CC=CC(=C3)CC4C(N(C4=O)C5=CC=C(C=C5)OC)C(=O)O,512.194737,10,4.93882,0,6,1,102.1,
CHEMBL5430889,CC1=CC(=CC(=C1OC(C)(C)C(=O)O)C)CN2CC(=O)N(C2=O)C3=CC=C(C=C3)C(F)(F)F,464.155906,6,4.53304,0,4,1,87.15,
CHEMBL198529,CCCC1=C(C=CC2=C1ON=C2C3=CC=CC=C3)OCCCOC4=CC5=C(C=C4)N(C=C5)CC(=O)O,484.199822,11,6.3345,0,6,1,86.72,
CHEMBL5191536,CC(C)(C)OC(=O)NC(CSCC1=CC=C(C=C1)C(=O)C2=CC=C(C=C2)C(F)(F)F)C(=O)O,483.132729,8,5.1475,0,5,2,92.7,
CHEMBL252996,COC(=O)C(Cc1ccc(OCCN2CCC(C)(C)c3cc(/C(=N\O)c4ccccc4)ccc32)cc1)C(=O)OC,544.257337,10,4.9846,0,8,1,97.66,
CID_44447157,CC1(CCN(C2=C1C=C(C=C2)C(=NO)C3=CC=CC=C3)CCOC4=CC=C(C=C4)CC(C(=O)OC)C(=O)OC)C,544.257337,10,4.9846,0,8,1,97.66,
CHEMBL5556504,CC1=CC(=CC(=C1OC(C)(C)C(=O)O)C)CN2CCN(CC2)C3=CC=C(C=C3)C(F)(F)F,450.213027,6,4.88644,0,4,1,53.01,
CHEMBL1080699,CC1=C(C=CC(=C1)OCC2=NC(=C(O2)C3=CC=C(C=C3)OC(F)(F)F)C4=CN=C(C=C4)OC(C)C)OCC(=O)O,558.161386,11,6.44022,0,8,1,113.14,
CID_10531248,CC1=C(N=C(O1)C2=CC=C(C=C2)OC)CCOC3=CC=C(C=C3)CC(C(=O)O)NC4=CC=CC=C4C(=O)C5=CC=CC=C5,576.226037,13,6.61892,0,7,2,110.89,
CHEMBL356382,COc1ccc(-c2nc(CCOc3ccc(C[C@H](Nc4ccccc4C(=O)c4ccccc4)C(=O)O)cc3)c(C)o2)cc1,576.226037,13,6.61892,0,7,2,110.89,
CHEMBL5285352,C[C@H]1CN(CCOc2cc(CC(=O)O)ccc2Cl)CCN1c1nc2ccc(Cl)cc2s1,479.083718,7,4.8197,0,6,1,65.9,
CHEMBL5288454,C[C@@H]1CN(CCOc2cc(CC(=O)O)ccc2Cl)CCN1c1nc2ccc(Cl)cc2s1,479.083718,7,4.8197,0,6,1,65.9,
CID_57966266,CC1CN(CCN1C2=NC3=C(S2)C=C(C=C3)Cl)CCOC4=C(C=CC(=C4)CC(=O)O)Cl,479.083718,7,4.8197,0,6,1,65.9,
CHEMBL5080884,Cc1nc(-c2ccc(C(F)(F)F)c(F)c2)sc1CSc1ccc(/C=C/C(=O)O)cc1,453.048034,6,6.66652,0,4,1,50.19,
CID_166627681,CC1=C(SC(=N1)C2=CC(=C(C=C2)C(F)(F)F)F)CSC3=CC=C(C=C3)C=CC(=O)O,453.048034,6,6.66652,0,4,1,50.19,
CHEMBL1779481,CC[C@@H](Cc1ccc(OC)c(CNC(=O)c2ccc(Oc3ccc(Cl)cc3)cc2)c1)C(=O)O,467.149951,10,5.7242,0,4,2,84.86,
CID_54580530,CCC(CC1=CC(=C(C=C1)OC)CNC(=O)C2=CC=C(C=C2)OC3=CC=C(C=C3)Cl)C(=O)O,467.149951,10,5.7242,0,4,2,84.86,
CHEMBL469534,C=C(CNc1ccc(C(F)(F)F)cc1)CSc1ccc(OCC(=O)O)c(C)c1,411.111599,9,5.23762,0,4,2,58.56,
CHEMBL1934485,COc1ccc(-c2nc(C)c(C(=O)N[C@H]3CCCN(c4cccc(C(=O)O)c4)C3)s2)cc1,451.156577,6,4.22412,0,6,2,91.76,
CID_57401312,CC1=C(SC(=N1)C2=CC=C(C=C2)OC)C(=O)NC3CCCN(C3)C4=CC=CC(=C4)C(=O)O,451.156577,6,4.22412,0,6,2,91.76,
CHEMBL470382,C=C(COc1ccc(OC)cc1)CSc1ccc(OCC(=O)O)c(C)c1,374.118795,10,4.19432,0,5,1,64.99,
CHEMBL1630383,CC1=C(C=CC(=C1)[Se]CC2=C(N=C(S2)C3=CC(=C(C=C3)C(F)(F)F)F)C)OCC(=O)O,519.003049,7,4.57794,0,4,1,59.42,
CHEMBL119496,CCCC1=C(C=CC(=C1)C(=O)C2CCCCC2)OCCCOC3=CC=CC(=C3)C4C(=O)NC(=O)S4,495.207944,11,6.2741,0,6,1,81.7,
CHEMBL380070,CCOC(CC1=CC2=C(C=C1)N(C=C2)CC3=C(OC(=N3)C4=CC(=CC(=C4)C)C)C)C(=O)O,432.204907,8,5.30206,0,5,1,77.49,
CHEMBL387350,CCCc1cc(-c2nc(OCC)cs2)ccc1OCCCOc1ccc2c(c1)CC[C@H]2CC(=O)O,495.207944,13,6.5137,0,6,1,77.88,
CID_10480923,CCCC1=C(C=CC(=C1)C2=NC(=CS2)OCC)OCCCOC3=CC4=C(C=C3)C(CC4)CC(=O)O,495.207944,13,6.5137,0,6,1,77.88,
CHEMBL395191,CC1=C(N=C(O1)C2=CC=CC=C2)CCOC3=CC=C(C=C3)CN(CC4=CC(=CC=C4)OC5=CC=CC=C5)CC(=O)O,548.231122,13,7.15062,0,6,1,85.03,
CHEMBL219587,CC1=C(SC(=N1)C2=CC=C(C=C2)F)C(=O)NCC3=CC=C(C=C3)OC(C)(C)C(=O)O,428.120606,7,4.42962,0,5,2,88.52,
CHEMBL255392,CCC(CC1=CC(=C(C=C1)OC)CNC(=O)C2=CC=C(C=C2)C)C(=O)O,355.178358,8,3.58692,0,3,2,75.63,
CID_44409212,CCC(C)(CC1=CC=C(C=C1)OCCCOC2=C(C3=C(C=C2)C(=CC(=O)O3)C(F)(F)F)C)C(=O)O,492.175973,10,6.01152,0,5,1,85.97,
CHEMBL205777,CC[C@@](C)(Cc1ccc(OCCCOc2ccc3c(C(F)(F)F)cc(=O)oc3c2C)cc1)C(=O)O,492.175973,10,6.01152,0,5,1,85.97,
CHEMBL519974,CCCOC(CC1=CC=C(C2=CC=CC=C12)OCCC3=C(OC(=N3)C4=CC=CC=C4)C)C(=O)O,459.204573,11,5.84702,0,5,1,81.79,
CHEMBL384746,CCCC1=C(C=CC2=C1C=CC(=C2)C(=O)C3=CC=CC=C3)OCCCN4C=CC5=C4C=CC=C5OCC(=O)O,521.220223,12,6.9105,0,5,1,77.76,
CHEMBL457062,CC1=C(C=CC(=C1)CNC(=O)C2=NN(C(=C2)C3=CC=C(C=C3)C(C)(C)C)CCN4CCOCC4)OC(C)(C)C(=O)O,562.31552,10,4.66022,0,7,2,105.92,
CHEMBL2375948,O=C(O)[C@H](CCCc1ccc(Cl)cc1)Oc1ccc(Cl)cc1,338.04765,7,4.8483,0,2,1,46.53,
CID_73356438,C1=CC(=CC=C1CCCC(C(=O)O)OC2=CC=C(C=C2)Cl)Cl,338.04765,7,4.8483,0,2,1,46.53,
CHEMBL472246,O=C(O)[C@H](Cc1ccc(-c2ccccc2)cc1)Oc1ccc(Cl)cc1,352.086622,6,5.0817,0,2,1,46.53,
CID_44590003,C1=CC=C(C=C1)C2=CC=C(C=C2)CC(C(=O)O)OC3=CC=C(C=C3)Cl,352.086622,6,5.0817,0,2,1,46.53,
CHEMBL230517,CCCO/N=C(\C)C(Cc1ccc(OCCc2nc(-c3ccc(F)cc3)oc2C)cc1)C(=O)O,468.20605,12,5.45642,0,6,1,94.15,
CID_11454155,CCCON=C(C)C(CC1=CC=C(C=C1)OCCC2=C(OC(=N2)C3=CC=C(C=C3)F)C)C(=O)O,468.20605,12,5.45642,0,6,1,94.15,
CHEMBL254946,CC1=C(SC(=N1)C2=CC=C(C=C2)C(F)(F)F)C(=O)NCC3=CC=C(C=C3)NS(=O)(=O)C(C)C,497.105468,7,5.21742,0,5,2,88.16,
CHEMBL200207,CCC(C(=O)O)C1CCc2cc(OCCc3nc(-c4cc(C)on4)oc3C)ccc21,410.184172,8,4.70854,0,6,1,98.59,
CHEMBL461145,C=CCn1nc(-c2ccc(C(C)(C)C)cc2)cc1C(=O)NCc1ccc(OC(C)(C)C(=O)O)c(C)c1,489.262757,9,5.51402,0,5,2,93.45,
CHEMBL370186,CCC(C(=O)O)C1CCc2cc(OCCc3nc(-c4ccc(C)c(C)c4)oc3C)ccc21,433.225308,8,6.02896,0,4,1,72.56,
CHEMBL374948,CCCCCCCCC/C=C\CCCCCCCNS(N)(=O)=O,346.265399,17,4.817,0,2,2,72.19,
CID_44418903,CCCCCCCCCC=CCCCCCCCNS(=O)(=O)N,346.265399,17,4.817,0,2,2,72.19,
CHEMBL4100619,CC(=O)NC(C)c1nc(-c2ccc(OCCN3c4ccccc4Oc4ccccc43)cc2)no1,456.179755,7,5.2565,0,7,1,89.72,
CHEMBL3397563,CCCO/N=C(/c1ccccc1)c1ccc(OC(Cc2ccccc2)C(=O)O)cc1,403.178358,10,4.9403,0,4,1,68.12,
CID_118726814,CCCON=C(C1=CC=CC=C1)C2=CC=C(C=C2)OC(CC3=CC=CC=C3)C(=O)O,403.178358,10,4.9403,0,4,1,68.12,
CHEMBL3906547,CC1=C(C(=CC=C1)C)COC(=O)CC2=CC=C(C=C2)SCC3=CC=CC=C3C(=O)O,420.13953,8,5.57984,0,4,1,63.6,
CHEMBL1089633,Cc1oc(-c2ccccc2)nc1CCOc1ccc(C[C@@H](C(=O)O)N2CCN(S(=O)(=O)c3ccccc3F)CC2)cc1,593.199585,11,4.41282,0,7,1,113.18,
CID_11599646,CC1=C(N=C(O1)C2=CC=CC=C2)CCOC3=CC=C(C=C3)CC(C(=O)O)N4CCN(CC4)S(=O)(=O)C5=CC=CC=C5F,593.199585,11,4.41282,0,7,1,113.18,
CHEMBL247749,CC[C@H](Oc1cccc(CN(CCCOc2ccc(F)cc2)c2nc3ccccc3o2)c1)C(=O)O,478.1904,12,5.6846,0,6,1,85.03,
CHEMBL245865,CCC(C(=O)O)OC1=CC=CC(=C1)CN(CCCOC2=CC=C(C=C2)F)C3=NC4=CC=CC=C4O3,478.1904,12,5.6846,0,6,1,85.03,
CHEMBL247748,CC[C@@H](Oc1cccc(CN(CCCOc2ccc(F)cc2)c2nc3ccccc3o2)c1)C(=O)O,478.1904,12,5.6846,0,6,1,85.03,
CHEMBL5290870,C[C@H]1CN(c2nc3ccc(C(F)(F)F)cc3s2)CCN1CCOc1cc(CC(=O)O)ccc1Cl,513.110075,7,5.1851,0,6,1,65.9,
CID_57966871,CC1CN(CCN1CCOC2=C(C=CC(=C2)CC(=O)O)Cl)C3=NC4=C(S3)C=C(C=C4)C(F)(F)F,513.110075,7,5.1851,0,6,1,65.9,
CHEMBL1090189,CC1=CC=C(C=C1)OC(=O)N(CC2=CC(=CC=C2)OCC3=C(OC(=N3)C4=CC=C(C=C4)OC)C)CC(=O)O,516.189651,10,5.63164,0,7,1,111.33,
CHEMBL179622,CC[C@]1(C(=O)O)CCc2ccc(OCCCOc3ccc(CC(C)C)cc3Cl)cc2O1,446.186002,10,5.9448,0,4,1,64.99,
CID_10225637,CCC1(CCC2=C(O1)C=C(C=C2)OCCCOC3=C(C=C(C=C3)CC(C)C)Cl)C(=O)O,446.186002,10,5.9448,0,4,1,64.99,
CHEMBL192582,CC1(C(=O)O)Cc2cc(OCCCOc3ccc(OCC(F)(F)F)cc3Cl)ccc2O1,460.090051,9,4.9072,0,5,1,74.22,
CHEMBL4174996,COc1cc(/C=C/c2ccc3c(c2)sc(=O)n3CCOc2ccc(CC(OCC(F)(F)F)C(=O)O)cc2)cc(OC)c1,603.153858,13,5.9042,0,8,1,96.22,
CID_145952141,COC1=CC(=CC(=C1)C=CC2=CC3=C(C=C2)N(C(=O)S3)CCOC4=CC=C(C=C4)CC(C(=O)O)OCC(F)(F)F)OC,603.153858,13,5.9042,0,8,1,96.22,
CHEMBL360246,C[C@]1(C(=O)O)CCc2ccc(OCCCOc3ccc(Oc4ccc(F)cc4)cc3Cl)cc2O1,486.124544,9,6.2876,0,5,1,74.22,
CID_44389191,CC1(CCC2=C(O1)C=C(C=C2)OCCCOC3=C(C=C(C=C3)OC4=CC=C(C=C4)F)Cl)C(=O)O,486.124544,9,6.2876,0,5,1,74.22,
CHEMBL514328,CC1=C(N=C(O1)C2=CC=CC=C2)CCOC3=CC=C(C=C3)CC4=CN(C=C4C(=O)O)C5=CC=CC=C5,478.189257,9,6.35122,0,5,1,77.49,
CHEMBL6177502,CC1=CC(=CC(=C1OC(C)(C)C(=O)O)C)CN2CCN(C2=O)C3=CC=C(C=C3)C(C)(C)C,438.251858,6,5.28514,0,3,1,70.08,
CHEMBL306229,CCOC(CC1=CC=C(C=C1)OCCN(C)C2=NC3=CC=CC=C3O2)C(=O)O,384.168522,10,3.3752,0,6,1,85.03,
CHEMBL1778840,CC1=CC2=C(C=C1OC(C)(C)C(=O)O)ON=C2CCC3=C(N=C(S3)C4=CC=C(C=C4)C(F)(F)F)C(C)C,532.164363,8,7.42912,0,6,1,85.45,
CHEMBL1778839,CC(C)C1=C(SC(=N1)C2=CC=C(C=C2)C(F)(F)F)CCC3=NOC4=C3C=CC(=C4)OC(C)(C)C(=O)O,518.148713,8,7.1207,0,6,1,85.45,
CHEMBL514256,CCCOC1=C(C=C(C(=C1)F)CC(CC)C(=O)O)CNC(=O)C2=CC=C(C=C2)C34CC5CC(C3)CC(C5)C4,521.294137,11,6.6656,0,3,2,75.63,
CHEMBL1083110,CC1=CC(=C(C=C1)NC(=O)CN(CC2=CC=C(C=C2)OC)CC3=CC=C(C=C3)OC(C)(C)C(=O)O)C,490.246772,11,5.19494,0,5,2,88.1,
CHEMBL3890301,C1=CC=C(C=C1)C2=NC(=C(O2)C(F)(F)F)C(=O)OCC3=CC=C(C=C3)CC(C(=O)O)SCCC4=CC=C(C=C4)F,573.123307,11,6.8281,0,6,1,89.63,
CHEMBL221184,CC1=CC=C(C=C1)C2=NC(=C(O2)C)CCOC3=NC=C(C=C3)CC4(CCCO4)C(=O)O,422.184172,8,4.15124,0,6,1,94.68,
CHEMBL4103575,CC(C)(CCC1=CC2=C(N1S(=O)(=O)C3=CC=CC=C3)C=CC(=C2)Cl)C(=O)O,405.080157,6,4.5751,0,4,1,76.37,
CHEMBL430182,CCc1ccc(-c2ncc(F)c(N(C)CCCOc3ccc4c(c3)CC[C@H]4CC(=O)O)n2)cc1,463.22712,10,5.2549,0,5,1,75.55,
CID_44439725,CCC1=CC=C(C=C1)C2=NC=C(C(=N2)N(C)CCCOC3=CC4=C(C=C3)C(CC4)CC(=O)O)F,463.22712,10,5.2549,0,5,1,75.55,
CHEMBL5191690,CC1=CC=C(C=C1)C(=O)C2=CC=C(C=C2)CSCC(C(=O)O)NC(=O)OC(C)(C)C,429.160994,8,4.43712,0,5,2,92.7,
CHEMBL230268,CCCCOC(COC1=CC=C(C=C1)C(F)(F)F)CSC2=CC(=C(C=C2)OCC(=O)O)C,472.15313,13,5.83362,0,5,1,64.99,
CHEMBL5072619,CCC1=CC=C(C=C1)N2C=NN(C2=O)CC3=CC(=C(C(=C3)C)OC(C)(C)C(=O)O)C,409.200156,7,3.50354,0,6,1,86.35,
CHEMBL1092931,CC1=CC=C(C=C1)OC(=O)N(CC2=CC(=CC=C2)OCC3=C(OC(=N3)C4=CC(=CC=C4)Cl)C)CC(=O)O,520.140114,9,6.27644,0,6,1,102.1,
CHEMBL3827584,CCOC(=O)N(CC(=O)O)Cc1cc(OCc2nc(-c3ccc(Cl)cc3)oc2C)ccc1F,476.115042,9,5.06462,0,6,1,102.1,
CHEMBL484962,CCO[C@@H](Cc1ccc(OCCc2nc(-c3ccccc3)oc2C)c2ccsc12)C(=O)O,451.145344,10,5.51842,0,6,1,81.79,
CHEMBL485537,CCOC(CC1=C2C(=C(C=C1)OCCC3=C(OC(=N3)C4=CC=CC=C4)C)C=CS2)C(=O)O,451.145344,10,5.51842,0,6,1,81.79,
CHEMBL220223,CCCc1cc(-c2nc3c(s2)CCC3)ccc1OCCCOc1ccc2c(c1)CC[C@H]2CC(=O)O,491.21303,11,6.6037,0,5,1,68.65,
CID_10323352,CCCC1=C(C=CC(=C1)C2=NC3=C(S2)CCC3)OCCCOC4=CC5=C(C=C4)C(CC5)CC(=O)O,491.21303,11,6.6037,0,5,1,68.65,
CHEMBL3827510,CC1=C(N=C(O1)C2=CC=C(C=C2)Cl)COC3=CC(=C(C=C3)F)CN(CC(=O)O)C(=O)OC4=CC=C(C=C4)OC,554.125607,10,6.11572,0,7,1,111.33,
CHEMBL247110,CCO[C@@H](Cc1ccc(OC/C=C/c2cc(C#Cc3ccccc3)cc(C#Cc3ccccc3)c2)cc1)C(=O)O,526.214409,9,6.6106,0,3,1,55.76,
CID_44441221,CCOC(CC1=CC=C(C=C1)OCC=CC2=CC(=CC(=C2)C#CC3=CC=CC=C3)C#CC4=CC=CC=C4)C(=O)O,526.214409,9,6.6106,0,3,1,55.76,
CHEMBL426483,CCC(CC1=CC(=C(C=C1)OC)CNC(=O)C2=CC(=C(C=C2)F)C(F)(F)F)C(=O)O,427.140671,8,4.4364,0,3,2,75.63,
CHEMBL519802,CC1=C(N=C(O1)C2=CC=CC=C2OC)CCOC3=C4C=CSC4=C(C=C3)CC(C(=O)O)OC,467.140259,10,5.13692,0,7,1,91.02,
CHEMBL2312714,Cc1ccccc1-c1ccc(O[C@@H](Cc2ccccc2)C(=O)O)cc1,332.141244,6,4.73672,0,2,1,46.53,
CID_71544682,CC1=CC=CC=C1C2=CC=C(C=C2)OC(CC3=CC=CC=C3)C(=O)O,332.141244,6,4.73672,0,2,1,46.53,
CHEMBL5180328,C1CN(CCC1CCOC2=C(C=CC(=C2)CC(=O)O)Cl)C3=NC4=C(S3)C=C(C=C4)Cl,464.072819,7,5.9157,0,5,1,62.66,
CHEMBL1813006,CCO[C@@H](Cc1ccc(OCc2nc(-c3ccc(C)s3)oc2C)cc1)C(=O)O,401.129694,9,4.63114,0,6,1,81.79,
CID_56659348,CCOC(CC1=CC=C(C=C1)OCC2=C(OC(=N2)C3=CC=C(S3)C)C)C(=O)O,401.129694,9,4.63114,0,6,1,81.79,
CHEMBL426883,CCCc1c(OCCCOc2ccc3c(c2)CC[C@H]3CC(=O)O)ccc2c(C(F)(F)F)noc12,477.176308,10,6.1515,0,5,1,81.79,
CID_24776380,CCCC1=C(C=CC2=C1ON=C2C(F)(F)F)OCCCOC3=CC4=C(C=C3)C(CC4)CC(=O)O,477.176308,10,6.1515,0,5,1,81.79,
CHEMBL5612023,CC[C@H](Oc1ccc(-c2cccc3ccccc23)cc1)C(=O)O.NC1CCCCC1,405.230394,5,6.0266,0,3,2,72.55,
CID_177658551,CCC(C(=O)O)OC1=CC=C(C=C1)C2=CC=CC3=CC=CC=C32.C1CCC(CC1)N,405.230394,5,6.0266,0,3,2,72.55,
CHEMBL1086861,CCCCOC1=C(C=C(C=C1)C2=C(C=CC(=C2)C(=O)O)C)CNC(=O)C3=C(C=C(C=C3)C(F)(F)F)F,503.171971,9,6.62702,0,3,2,75.63,
CHEMBL441554,CC1=C(N=C(O1)C2=CC=CC=C2)CCOC3=CC(=C(C=C3)CCC(=O)O)CNC(=O)OCC4=CC=CC=C4,514.210387,12,5.71512,0,6,2,110.89,
CHEMBL481683,CC1=CC=C(C=C1)C2=NC(=C(O2)C)CCCCCCN(CC(=O)O)C(=O)OC3=CC=C(C=C3)OC,480.226037,12,5.65554,0,6,1,102.1,
CHEMBL426878,CC1=C(C=CC(=C1)OC2=CC(=CC=C2)Cl)CCOC3=NC=C(C=C3)CC(C(=O)O)OC,441.134301,10,5.09932,0,5,1,77.88,
CHEMBL2204597,CC1=C(C=CC(=C1)CN(CC2=CC=CO2)CC3=C(OC(=N3)C4=CC=CC=C4)C)OC(C)(C)C(=O)O,474.215472,10,5.99584,0,6,1,88.94,
CHEMBL245454,CCO[C@@H](Cc1ccc(OC/C=C/c2cc(Br)cc(Br)c2)cc1)C(=O)O,481.972833,9,5.336,0,3,1,55.76,
CID_44441213,CCOC(CC1=CC=C(C=C1)OCC=CC2=CC(=CC(=C2)Br)Br)C(=O)O,481.972833,9,5.336,0,3,1,55.76,
CHEMBL213602,CCOC(CC1=CC2=C(C=C1)N(C=C2)CC3=C(OC(=N3)C4=CC=C(C=C4)C(C)(C)C)C)C(=O)O,460.236208,8,5.98272,0,5,1,77.49,
CHEMBL4571498,CCCCCCC(C(=O)O)SC1=NC2=C(S1)C=C(C=C2)NS(=O)(=O)C3=CC=C(C=C3)C(C)(C)C,520.152421,11,6.9103,0,6,2,96.36,
CHEMBL5532117,CC1=CC(=CC(=C1OC(C)(C)C(=O)O)C)CN2CCN(CC2)C3=NC=C(C=C3)C(F)(F)F,451.208276,6,4.28144,0,5,1,65.9,
CHEMBL1088098,C[C@@H](c1cccc(OCc2coc(-c3ccc(Cl)cc3)n2)c1)N(CC(=O)O)C(=O)Oc1ccccc1,506.124464,9,6.2206,0,6,1,102.1,
CID_46889046,CC(C1=CC(=CC=C1)OCC2=COC(=N2)C3=CC=C(C=C3)Cl)N(CC(=O)O)C(=O)OC4=CC=CC=C4,506.124464,9,6.2206,0,6,1,102.1,
CHEMBL148639,CC(C)(C)C1=CC=C(C=C1)CN2C(=O)N(C(=N2)CCCC3=CC=C(C=C3)OC(C)(C)C(=O)O)C,465.262757,9,4.3449,0,6,1,86.35,
CHEMBL603612,COc1cc(/C(C)=N/OCCCCO/N=C(/CCC(=O)O)c2ccccc2)ccc1C,426.215472,13,4.81012,0,6,1,89.71,
CID_46216832,CC1=C(C=C(C=C1)C(=NOCCCCON=C(CCC(=O)O)C2=CC=CC=C2)C)OC,426.215472,13,4.81012,0,6,1,89.71,
CHEMBL1089500,CCCOC(=O)N(CC(=O)O)Cc1cccc(OCc2nc(-c3ccc(Cl)cc3)oc2C)c1,472.140114,10,5.31562,0,6,1,102.1,
CHEMBL5430327,CC1=CC(=CC(=C1OC(C)(C)C(=O)O)C)CCCN2C(=O)CN(C2=O)C3=CC=C(C=C3)C(F)(F)F,492.187207,8,4.96564,0,4,1,87.15,
CHEMBL3318041,CCCCCCC(C(=O)O)SC1=NC(=CC(=N1)Cl)NC2=CC=C(C=C2)CC3=CC=CC=C3,469.159076,12,6.9801,0,5,2,75.11,
CHEMBL396696,CC1=C(N=C(O1)C2=CC=CC=C2)CCOC3=CC=C(C=C3)CN(CC4=CC5=CC=CC=C5C=C4)CC(=O)O,506.220557,11,6.51152,0,5,1,75.8,
CHEMBL5558175,CC1=CC(=CC(=C1OC(C)(C)C(=O)O)C)CN2CCN(CC2)C3=NC=CC(=C3)C(F)(F)F,451.208276,6,4.28144,0,5,1,65.9,
CHEMBL4093146,COC1=CC(=CC=C1)S(=O)(=O)N2C3=C(C=C(C=C3)Cl)C=C2CCCC(=O)O,407.059421,7,3.9476,0,5,1,85.6,
CHEMBL562864,Cc1c(C(=O)c2ccc(Cl)cc2)c2ccc(OC(F)(F)F)cc2n1Cc1cccc(O[C@@H](C(=O)O)C(C)C)c1,559.137335,9,7.26902,0,5,1,77.76,
CID_44190676,CC1=C(C2=C(N1CC3=CC(=CC=C3)OC(C(C)C)C(=O)O)C=C(C=C2)OC(F)(F)F)C(=O)C4=CC=C(C=C4)Cl,559.137335,9,7.26902,0,5,1,77.76,
CHEMBL1088246,Cc1ccc(F)c(OC(=O)N(CC(=O)O)[C@@H](C)c2cccc(OCc3coc(-c4ccc(Cl)cc4)n3)c2)c1,538.130692,9,6.66812,0,6,1,102.1,
CID_46889073,CC1=CC(=C(C=C1)F)OC(=O)N(CC(=O)O)C(C)C2=CC(=CC=C2)OCC3=COC(=N3)C4=CC=C(C=C4)Cl,538.130692,9,6.66812,0,6,1,102.1,
CHEMBL1779479,CCC(CC1=CC(=C(C=C1)OC)CNC(=O)C2=CC=C(C=C2)OCCC3=CC=CC=C3)C(=O)O,461.220223,12,4.9,0,4,2,84.86,
CHEMBL3923046,CS(=O)(=O)OC1=CC=C(C=C1)CC(=O)OCCCC2=CC=C(C=C2)CC(C(=O)O)SCCC3=CC=C(C=C3)F,574.149524,15,4.8542,0,7,1,106.97,
CID_446642,CC1=C(N=C(O1)C2=CC=CC=C2)CCOC3=CC=C(C=C3)CC(C(=O)O)NC(=CC(=O)C4=CC=CC=C4)C,510.215472,12,5.64352,0,6,2,101.66,
CHEMBL410478,C/C(=C/C(=O)c1ccccc1)N[C@@H](Cc1ccc(OCCc2nc(-c3ccccc3)oc2C)cc1)C(=O)O,510.215472,12,5.64352,0,6,2,101.66,
CHEMBL230706,C/C(=N\OCC1CC1)C(Cc1ccc(OCCc2nc(-c3ccccc3)oc2C)cc1)C(=O)O,462.215472,12,5.31732,0,6,1,94.15,
CID_25263405,CC1=C(N=C(O1)C2=CC=CC=C2)CCOC3=CC=C(C=C3)CC(C(=NOCC4CC4)C)C(=O)O,462.215472,12,5.31732,0,6,1,94.15,
CHEMBL4245047,C1=CC(=CC(=C1)NCC2=CC=C(C=C2)OCC3=CC=C(C=C3)Cl)C(=O)O,367.097521,7,5.2293,0,3,2,58.56,
CID_25263407,CCC(=NOCC)C(CC1=CC=C(C=C1)OCCC2=C(OC(=N2)C3=CC=CC=C3)C)C(=O)O,450.215472,12,5.31732,0,6,1,94.15,
CHEMBL230814,CCO/N=C(\CC)C(Cc1ccc(OCCc2nc(-c3ccccc3)oc2C)cc1)C(=O)O,450.215472,12,5.31732,0,6,1,94.15,
CHEMBL147095,Cc1ccc(-c2nc(CCOc3ccc(C[C@H](Nc4ccccc4C(=O)c4ccccc4)C(=O)O)cc3)c(C)o2)s1,566.187543,12,6.98024,0,7,2,101.66,
CID_10674509,CC1=CC=C(S1)C2=NC(=C(O2)C)CCOC3=CC=C(C=C3)CC(C(=O)O)NC4=CC=CC=C4C(=O)C5=CC=CC=C5,566.187543,12,6.98024,0,7,2,101.66,
CHEMBL201832,CCC(CC1=CC(=C(C=C1)OC)C(=O)NCC2=C(C=C(C=C2)C(F)(F)F)F)C(=O)O,427.140671,8,4.4364,0,3,2,75.63,
CHEMBL1813005,CCO[C@@H](Cc1ccc(OCc2nc(-c3sccc3C)oc2C)cc1)C(=O)O,401.129694,9,4.63114,0,6,1,81.79,
CID_56679849,CCOC(CC1=CC=C(C=C1)OCC2=C(OC(=N2)C3=C(C=CS3)C)C)C(=O)O,401.129694,9,4.63114,0,6,1,81.79,
CHEMBL471011,O=C(O)[C@H](Cc1ccc(C(F)(F)F)cc1)Oc1ccc(Cl)cc1,344.042707,5,4.4335,0,2,1,46.53,
CID_44590101,C1=CC(=CC=C1CC(C(=O)O)OC2=CC=C(C=C2)Cl)C(F)(F)F,344.042707,5,4.4335,0,2,1,46.53,
CHEMBL1934310,CC1=C(SC(=N1)C2=CC=C(C=C2)Cl)C(=O)NCC3CCCN(C3)C4=CC=CC(=C4)C(=O)O,469.12269,6,5.11652,0,5,2,82.53,
CHEMBL1091218,CC1=CC=C(C=C1)OC(=O)N(CC2=CC(=CC=C2)OCC3=C(OC(=N3)C4=CC=C(C=C4)C(F)(F)F)C)CC(=O)O,554.166471,9,6.64184,0,6,1,102.1,
CHEMBL257517,COc1ccc(-c2nc(CCOc3cccc(C[C@@H]4C(=O)N(c5ccc(C(C)(C)C)cc5)[C@@H]4C(=O)O)c3)c(C)o2)cc1,568.257337,10,6.23632,0,6,1,102.1,
CID_11757696,CC1=C(N=C(O1)C2=CC=C(C=C2)OC)CCOC3=CC=CC(=C3)CC4C(N(C4=O)C5=CC=C(C=C5)C(C)(C)C)C(=O)O,568.257337,10,6.23632,0,6,1,102.1,
CHEMBL572565,C1=CC=C(C=C1)CC(C(=O)O)OC2=CC=C(C=C2)OCC3=CC=CC=C3,348.136159,8,4.3403,0,3,1,55.76,
CHEMBL383011,C1CC(C1)C(CC2=CC=C(C=C2)OCCCOC3=C(C=C(C=C3)OC4=CC=C(C=C4)F)Cl)C(=O)O,498.16093,12,7.1627,0,4,1,64.99,
CHEMBL219687,COc1cc(-c2nc(C(F)(F)F)cs2)ccc1OCCCOc1ccc2c(c1)CC[C@H]2CC(=O)O,507.132729,10,6.1899,0,6,1,77.88,
CID_16110487,COC1=C(C=CC(=C1)C2=NC(=CS2)C(F)(F)F)OCCCOC3=CC4=C(C=C3)C(CC4)CC(=O)O,507.132729,10,6.1899,0,6,1,77.88,
CHEMBL219669,COc1cc(-c2nc(OC(C)C)cs2)ccc1OCCCOc1ccc2c(c1)CC[C@H]2CC(=O)O,497.187209,12,5.9583,0,7,1,87.11,
CID_10323599,CC(C)OC1=CSC(=N1)C2=CC(=C(C=C2)OCCCOC3=CC4=C(C=C3)C(CC4)CC(=O)O)OC,497.187209,12,5.9583,0,7,1,87.11,
CHEMBL5415906,C1=CC(=CN=C1)C2=NOC(=N2)C3=NSC=N3,231.021481,2,1.6501,0,7,0,77.59,
CHEMBL446489,CCCC1=C(C=CC(=C1)C(=O)C2=CC3=CC=CC=C3C=C2)OCCCN4C=CC5=C4C=CC=C5OC(C)(C)C(=O)O,549.251523,12,7.6891,0,5,1,77.76,
CHEMBL5076583,CC(C)(C(=O)O)OC1=C(C=C(C=C1F)CN2C(=O)N(C=N2)C3=CC=C(C=C3)C(F)(F)F)F,457.106097,6,3.6213,0,6,1,86.35,
CHEMBL197496,CCCC1=C(C=CC2=C1ON=C2C3=CC=CC=C3)OCCCOC4=CC=CC5=C4C=CN5CC(=O)O,484.199822,11,6.3345,0,6,1,86.72,
CHEMBL4471421,CCCCCC[C@H](Sc1nc2ccc(NS(=O)(=O)c3ccc(Cl)cc3Cl)cc2s1)C(=O)O,532.011876,11,6.9196,0,6,2,96.36,
CHEMBL4445084,CCCCCC[C@@H](Sc1nc2ccc(NS(=O)(=O)c3ccc(Cl)cc3Cl)cc2s1)C(=O)O,532.011876,11,6.9196,0,6,2,96.36,
CHEMBL4466709,CCCCCCC(C(=O)O)SC1=NC2=C(S1)C=C(C=C2)NS(=O)(=O)C3=C(C=C(C=C3)Cl)Cl,532.011876,11,6.9196,0,6,2,96.36,
CHEMBL402840,CCCOc1ccc(C[C@H](CC)C(=O)O)cc1CNC(=O)c1ccc(C23CC4CC(CC(C4)C2)C3)cc1,503.303559,11,6.5265,0,3,2,75.63,
CHEMBL272137,CCCOc1ccc(C[C@@H](CC)C(=O)O)cc1CNC(=O)c1ccc(C23CC4CC(CC(C4)C2)C3)cc1,503.303559,11,6.5265,0,3,2,75.63,
CHEMBL402841,CCCOC1=C(C=C(C=C1)CC(CC)C(=O)O)CNC(=O)C2=CC=C(C=C2)C34CC5CC(C3)CC(C5)C4,503.303559,11,6.5265,0,3,2,75.63,
CHEMBL573252,C1=CC=C(C=C1)CC(C(=O)O)OC2=CC=C(C=C2)SCC3=CC=CC=C3,364.113315,8,5.0536,0,3,1,46.53,
CHEMBL5173673,C1=CC=C(C=C1)COC(=O)NC(CSCC2=CC=C(C=C2)CC3=CC=C(C=C3)Cl)C(=O)O,469.111457,10,5.5436,0,4,2,75.63,
CHEMBL198929,CCCC1=C(C=CC2=C1ON=C2C(F)(F)F)OCCCOC3=CC4=C(C=C3)N(C=C4)CC5=NNN=N5,500.178373,10,5.1631,0,8,1,103.88,
CHEMBL221525,CC1=C(N=C(O1)C2=CC(=CC=C2)C(F)(F)F)CCOC3=NC=C(C=C3)CC4(CCCO4)C(=O)O,476.155906,8,4.86162,0,6,1,94.68,
CHEMBL192518,O=C(O)[C@H](Cc1ccccc1)Oc1ccc(C(F)(F)F)cc1,310.081679,5,3.7801,0,2,1,46.53,
CID_11335874,C1=CC=C(C=C1)CC(C(=O)O)OC2=CC=C(C=C2)C(F)(F)F,310.081679,5,3.7801,0,2,1,46.53,
CHEMBL121206,CCCC1=C(C=CC2=C1ON=C2C(F)(F)F)OCCCOC3=CC=CC4=C3C=CN4CC(=O)O,476.155906,10,5.6863,0,6,1,86.72,
CHEMBL80671,CC(C)OC(CC1=CC=C(C=C1)OCC2=NOC(=N2)C3=CC=C(C=C3)Cl)C(=O)O,416.113899,9,4.3897,0,6,1,94.68,
CHEMBL271877,CCC(CC1=CC(=C(C=C1)OC)CNC(=O)C2=CC=C(C=C2)C(C)(C)C)C(=O)O,397.225308,8,4.576,0,3,2,75.63,
CHEMBL190938,CCCc1cc(C(=O)CC)cc(CCC)c1O[C@H](C(=O)O)c1ccc(C(F)(F)F)cc1,436.186144,10,6.4078,0,3,1,63.6,
CID_11178075,CCCC1=CC(=CC(=C1OC(C2=CC=C(C=C2)C(F)(F)F)C(=O)O)CCC)C(=O)CC,436.186144,10,6.4078,0,3,1,63.6,
CHEMBL5094903,CC1=CC(=CC(=C1OC(C)(C)C(=O)O)C)CCCN2C(=O)N(C=N2)C3=CC=C(C=C3)C(F)(F)F,477.187541,8,4.54444,0,6,1,86.35,
CHEMBL272466,Cc1cccc(-c2nc(CCCC[C@H]3CO[C@@](C)(C(=O)O)OC3)c(C)o2)c1,373.188923,7,4.13504,0,5,1,81.79,
CID_10177349,CC1=CC(=CC=C1)C2=NC(=C(O2)C)CCCCC3COC(OC3)(C)C(=O)O,373.188923,7,4.13504,0,5,1,81.79,
CHEMBL438346,COC1=CC2=C(C=C1)SC(=C2)C(=O)NCC3=CC=C(C=C3)NS(=O)(=O)C(F)(F)F,444.042534,6,4.1014,0,5,2,84.5,
CHEMBL469937,CCCC1=CC=C(C=C1)CC(C(=O)O)OC2=CC=C(C=C2)Cl,318.102272,7,4.3672,0,2,1,46.53,
CHEMBL2312713,CC1=CC(=CC=C1)C2=CC=C(C=C2)OC(CC3=CC=CC=C3)C(=O)O,332.141244,6,4.73672,0,2,1,46.53,
CHEMBL153057,CCCC1=C(C=CC(=C1O)C(=O)C)OCCCOC2=CC=C(C=C2)OCC(=O)O,402.167853,12,3.8586,0,6,2,102.29,
CHEMBL3354989,CC1=C(SC(=N1)C2=CC(=CC=C2)C(F)(F)F)CNCC3=CC=C(C=C3)OC(C)(C)C(=O)O,464.138148,8,5.66912,0,5,2,71.45,
CHEMBL5429423,CC1=CC(=CC(=C1OC(C)(C)C(=O)O)C)CN2C(=O)CN(C2=O)C3=CC=C(C=C3)OC,426.179087,7,3.52284,0,5,1,96.38,
CHEMBL245656,CC1=C(N=C(O1)C2=CC=CC=C2)CCOC3=CC=CC(=C3)CN(CC4=CC(=CC=C4)OC5=CC=CC=C5)CC(=O)O,548.231122,13,7.15062,0,6,1,85.03,
CHEMBL1080470,CCCCOC1=C(C=C(C=C1)C2=CC(=CC=C2)C(=O)O)CNC(=O)C3=C(C=C(C=C3)C(F)(F)F)F,489.156321,9,6.3186,0,3,2,75.63,
CHEMBL2204696,CC(C)(Oc1ccc(CCOc2ccc(/N=N/c3ccccc3)cc2)cc1)C(=O)O,404.173607,9,5.9655,0,5,1,80.48,
CHEMBL5087457,CC(C)(Oc1ccc(CCOc2ccc(/N=N\c3ccccc3)cc2)cc1)C(=O)O,404.173607,9,5.9655,0,5,1,80.48,
CID_71450448,CC(C)(C(=O)O)OC1=CC=C(C=C1)CCOC2=CC=C(C=C2)N=NC3=CC=CC=C3,404.173607,9,5.9655,0,5,1,80.48,
CHEMBL5283926,CC[C@H]1CN(c2nc3ccc(C(F)(F)F)cc3s2)CCN1CCOc1cc(CC(=O)O)ccc1Cl,527.125725,8,5.5752,0,6,1,65.9,
CID_57966557,CCC1CN(CCN1CCOC2=C(C=CC(=C2)CC(=O)O)Cl)C3=NC4=C(S3)C=C(C=C4)C(F)(F)F,527.125725,8,5.5752,0,6,1,65.9,
CHEMBL376641,CC(C)(C(=O)O)OC1=CC=C(C=C1)CNC(=O)C2=C(N=C(S2)C3=CC=C(C=C3)C(F)(F)F)C(F)(F)F,532.089147,7,6.0197,0,5,2,88.52,
CHEMBL229837,CCCC(CC1=CC(=C(C=C1)OC)CNC(=O)C2=C(C=C(C=C2)C(F)(F)F)F)C(=O)O,441.156321,9,4.8265,0,3,2,75.63,
CHEMBL374090,CCCc1cc(-c2nc(C(F)(F)F)cs2)ccc1OCCCOc1ccc2c(c1)CC[C@H]2CC(=O)O,519.169114,11,7.1338,0,5,1,68.65,
CID_10075336,CCCC1=C(C=CC(=C1)C2=NC(=CS2)C(F)(F)F)OCCCOC3=CC4=C(C=C3)C(CC4)CC(=O)O,519.169114,11,7.1338,0,5,1,68.65,
CHEMBL220533,CC1=C(N=C(O1)C2=CC=CC=C2)CCOC3=NC=C(C=C3)CC4(CCCCO4)C(=O)O,422.184172,8,4.23292,0,6,1,94.68,
CHEMBL221649,CC1=C(N=C(O1)C2=CC=C(C=C2)OC)CCOC3=NC=C(C=C3)CC4(CCCO4)C(=O)O,438.179087,9,3.85142,0,7,1,103.91,
CHEMBL470559,C=C(CCc1ccc(C(F)(F)F)cc1)CSc1ccc(OCC(=O)O)c(C)c1,410.11635,9,5.75832,0,3,1,46.53,
CHEMBL1934308,COC1=C(C=C(C=C1)C2=CC(=CC=C2)C(=O)O)CNC(=O)C3=CC=C(C=C3)OC4=CC=CC=C4,453.157623,8,5.7827,0,4,2,84.86,
CHEMBL4475061,CCC(C1=NC(=NO1)C2=CC=C(C=C2)OC3=CC=C(C=C3)OCC4=CC=CC=C4)NC(=O)C,443.184506,9,5.6951,0,6,1,86.48,
CHEMBL1080365,CC1=C(C=CC(=C1)OCC2=NC(=C(O2)C3=CC=C(C=C3)OC(F)(F)F)C4=CN=C(N=C4)OC(C)C)OCC(=O)O,559.156635,11,5.83522,0,9,1,126.03,
CHEMBL5078096,CC(C)(Oc1ccc(CCOc2ccc(/N=N\c3ccccc3)cc2C(F)(F)F)cc1)C(=O)O,472.160992,9,6.9843,0,5,1,80.48,
CHEMBL5075710,CC(C)(Oc1ccc(CCOc2ccc(/N=N/c3ccccc3)cc2C(F)(F)F)cc1)C(=O)O,472.160992,9,6.9843,0,5,1,80.48,
CID_166626435,CC(C)(C(=O)O)OC1=CC=C(C=C1)CCOC2=C(C=C(C=C2)N=NC3=CC=CC=C3)C(F)(F)F,472.160992,9,6.9843,0,5,1,80.48,
CID_142599795,CC1=CC(=CC(=C1OC(C)(C)C(=O)O)C)C=CC(=O)C2=CC3=CC=CC=C3N=C2OCCOC,463.199488,10,5.01494,0,6,1,94.95,
CHEMBL5750812,COCCOc1nc2ccccc2cc1C(=O)/C=C/c1cc(C)c(OC(C)(C)C(=O)O)c(C)c1,463.199488,10,5.01494,0,6,1,94.95,
CHEMBL246282,CCC(C(=O)O)OC1=CC=CC(=C1)CN(CCCOC2=C(C=C(C=C2)F)F)C3=NC4=CC=CC=C4O3,496.180978,12,5.8237,0,6,1,85.03,
CHEMBL190968,CCC1(C(=O)O)Cc2cc(OCCCOc3ccc(C(C)(C)C)cc3Cl)ccc2O1,432.170352,8,5.6537,0,4,1,64.99,
CHEMBL5076771,Cc1nc(-c2ccc(C(F)(F)F)cc2)sc1CN(C)c1ccc(/C=C/C(=O)O)cc1,432.111934,6,5.87152,0,4,1,53.43,
CID_166626265,CC1=C(SC(=N1)C2=CC=C(C=C2)C(F)(F)F)CN(C)C3=CC=C(C=C3)C=CC(=O)O,432.111934,6,5.87152,0,4,1,53.43,
CHEMBL214295,CC1=C(C(=NO1)C2=C(C=C(C=C2)CC(=O)O)Cl)C(=O)NCCOC3=C(C=C(C=C3)C(F)(F)F)[N+](=O)[O-],527.070712,9,4.66632,0,7,2,144.8,
CHEMBL199559,CCC(C(=O)O)C1CCc2cc(OCCc3nc(-c4cccc(C(F)(F)F)c4)oc3C)ccc21,473.181393,8,6.43092,0,4,1,72.56,
CHEMBL5421536,C1=CC(=CN=C1)C2=NOC(=N2)C3=NON=N3,216.039573,2,0.5766,0,8,0,103.62,
CHEMBL246473,CC1=C(N=C(O1)C2=CC=CC=C2)CCOC3=CC=CC(=C3)CN(CCC4=CC=CC=C4)CC(=O)O,470.220557,12,5.40082,0,5,1,75.8,
CHEMBL202973,CC[C@@](C)(Cc1ccc(OCCCOc2ccc(OS(C)(=O)=O)cc2Cl)cc1)C(=O)O,470.116602,12,4.5697,0,6,1,99.13,
CID_44409273,CCC(C)(CC1=CC=C(C=C1)OCCCOC2=C(C=C(C=C2)OS(=O)(=O)C)Cl)C(=O)O,470.116602,12,4.5697,0,6,1,99.13,
CHEMBL4470753,CC1=CC(=CC(=C1OC(C)(C)C(=O)O)C)CC2=NOC(=C2)C3=CC=C(C=C3)Br,443.07322,6,5.55374,0,4,1,72.56,
CHEMBL246485,CCO[C@@H](Cc1ccc(OC/C=C/c2cc(OC(=O)c3ccccc3)cc(OC(=O)c3ccccc3)c2)cc1)C(=O)O,566.194068,13,6.2494,0,7,1,108.36,
CID_44441220,CCOC(CC1=CC=C(C=C1)OCC=CC2=CC(=CC(=C2)OC(=O)C3=CC=CC=C3)OC(=O)C4=CC=CC=C4)C(=O)O,566.194068,13,6.2494,0,7,1,108.36,
CHEMBL5087349,CC(C)(C(=O)O)OC1=C(C=C(C=C1F)CN2C(=O)N(C=N2)C3=CC=C(C=C3)OC(F)(F)F)F,473.101012,7,3.5011,0,7,1,95.58,
CHEMBL247925,CC1=C(N=C(O1)C2=CC=CC=C2)CCOC3=CC=C(C=C3)CN(CC4=CC=C(C=C4)OC5=CC=CC=C5)CC(=O)O,548.231122,13,7.15062,0,6,1,85.03,
CHEMBL87380,CCO[C@@H](Cc1ccc(OCC=C(c2ccc(C)cc2)c2ccc(C)cc2)cc1)C(=O)O,430.214409,10,5.84634,0,3,1,55.76,
CID_44321573,CCOC(CC1=CC=C(C=C1)OCC=C(C2=CC=C(C=C2)C)C3=CC=C(C=C3)C)C(=O)O,430.214409,10,5.84634,0,3,1,55.76,
CHEMBL3828201,CC1=C(N=C(O1)C2=CC=C(C=C2)C(C)(C)C)COC3=CC(=C(C=C3)F)CN(CC(=O)O)C(=O)OC,484.200965,8,5.31862,0,6,1,102.1,
CHEMBL2312717,O=C(O)[C@H](Cc1ccccc1)Oc1ccc(-c2ccccc2C(F)(F)F)cc1,386.112979,6,5.4471,0,2,1,46.53,
CID_71544685,C1=CC=C(C=C1)CC(C(=O)O)OC2=CC=C(C=C2)C3=CC=CC=C3C(F)(F)F,386.112979,6,5.4471,0,2,1,46.53,
CHEMBL309778,CC(C)OC(CC1=CC=C(C=C1)OCC2=NOC(=N2)C3=CC(=CC(=C3)F)F)C(=O)O,418.134028,9,4.0145,0,6,1,94.68,
CHEMBL244574,CC1=C(C=CC(=C1)SCC2=NC(=NS2)C3=CC=C(C=C3)C(F)(F)F)OC(C)(C)C(=O)O,468.078919,7,6.06662,0,6,1,72.31,
CHEMBL211513,CCOC(CC1=CC2=C(C=C1)N(C=C2)CC3=C(OC(=N3)C4=CC(=CC=C4)Cl)C)C(=O)O,438.134635,8,5.33862,0,5,1,77.49,
CHEMBL4073499,C[C@@H](Oc1ccc(Cc2ccc(OCc3coc(-c4ccccc4)n3)cc2)cc1)C(=O)O,429.157623,9,5.3633,0,5,1,81.79,
CHEMBL4092600,C[C@H](Oc1ccc(Cc2ccc(OCc3coc(-c4ccccc4)n3)cc2)cc1)C(=O)O,429.157623,9,5.3633,0,5,1,81.79,
CHEMBL4064900,CC(C(=O)O)OC1=CC=C(C=C1)CC2=CC=C(C=C2)OCC3=COC(=N3)C4=CC=CC=C4,429.157623,9,5.3633,0,5,1,81.79,
CHEMBL1934472,Cc1nc(-c2ccc(Cl)cc2)sc1/C=C/C1CCCN(c2cccc(C(=O)O)c2)C1,438.116877,5,6.39992,0,4,1,53.43,
CID_57392587,CC1=C(SC(=N1)C2=CC=C(C=C2)Cl)C=CC3CCCN(C3)C4=CC=CC(=C4)C(=O)O,438.116877,5,6.39992,0,4,1,53.43,
CID_25263401,CC1=C(N=C(O1)C2=CC=CC=C2)CCOC3=CC=C(C=C3)CC(C(=NOC)C)C(=O)O,422.184172,10,4.53712,0,6,1,94.15,
CHEMBL231425,CO/N=C(\C)C(Cc1ccc(OCCc2nc(-c3ccccc3)oc2C)cc1)C(=O)O,422.184172,10,4.53712,0,6,1,94.15,
CHEMBL5076063,CC1=C(C=CC(=C1)CN2C(=O)N(C=N2)C3=CC=C(C=C3)OC(F)(F)F)OC(C)(C)C(=O)O,451.135505,7,3.53132,0,7,1,95.58,
CHEMBL279211,CC1=CC(=C(C=C1C)NC(=O)N(CCC2=CC=C(C=C2)C3=CC=CC=C3)CCC4=CC=C(C=C4)SC(C)(C)C(=O)O)C,580.275964,11,8.55346,0,3,2,69.64,
CHEMBL371964,CC[C@@H](C(=O)O)[C@H]1CCc2cc(OCCc3nc(-c4ccc(F)cc4)oc3C)ccc21,423.184587,8,5.55122,0,4,1,72.56,
CHEMBL199324,CCC(C1CCC2=C1C=CC(=C2)OCCC3=C(OC(=N3)C4=CC=C(C=C4)F)C)C(=O)O,423.184587,8,5.55122,0,4,1,72.56,
CHEMBL200893,CC[C@H](C(=O)O)[C@@H]1CCc2cc(OCCc3nc(-c4ccc(F)cc4)oc3C)ccc21,423.184587,8,5.55122,0,4,1,72.56,
CHEMBL462982,CCC(CC1=CC(=C(C=C1F)OC)CNC(=O)C2=CC=C(C=C2)C(F)(F)F)C(=O)O,427.140671,8,4.4364,0,3,2,75.63,
CHEMBL371195,CCCC1=CC(=CC(=C1OC(C2=CC=CC=C2)C(=O)O)CCC)C(=O)C(C)C,382.214409,10,5.635,0,3,1,63.6,
CHEMBL1091664,CC1=CC=C(C=C1)OC(=O)N(CC2=CC(=CC=C2)OCC3=C(SC(=N3)C4=CC=C(C=C4)Cl)C)CC(=O)O,536.117271,9,6.74494,0,6,1,88.96,
CHEMBL199432,CCC(C(=O)O)C1CCc2cc(OCCc3nc(-c4ccccc4F)oc3C)ccc21,423.184587,8,5.55122,0,4,1,72.56,
CHEMBL521131,CC1=C(N=C(O1)C2=CC=CC=C2)CCOC3=CC=C(C4=CC=CC=C43)CC(C(=O)O)OC,431.173273,9,5.06682,0,5,1,81.79,
CHEMBL484329,CO[C@H](Cc1ccc(OCCc2nc(-c3ccccc3)oc2C)c2ccccc12)C(=O)O,431.173273,9,5.06682,0,5,1,81.79,
CHEMBL549723,CCCCC(C(=O)O)SC1=CC=C(C=C1)OCCCOC2=CC=CC=C2C,388.17083,12,5.57842,0,4,1,55.76,
CID_11212480,CCCC1=CC(=CC(=C1OC(C2=CC=C(C=C2)OC(C)C)C(=O)O)CCC)C(=O)CC,426.240624,12,6.1762,0,4,1,72.83,
CHEMBL191276,CCCc1cc(C(=O)CC)cc(CCC)c1O[C@H](C(=O)O)c1ccc(OC(C)C)cc1,426.240624,12,6.1762,0,4,1,72.83,
CHEMBL470322,CC1=C(C=CC(=C1)CNC(=O)C2=NN(C(=C2)C3=CC=C(C=C3)N4CCOCC4)C)OC(C)(C)C(=O)O,492.23727,8,3.40412,0,7,2,105.92,
CHEMBL218094,CC1=C(SC(=N1)C2=CC=C(C=C2)C(F)(F)F)CNCC3=CC=C(C=C3)OC(C)(C)C(=O)O,464.138148,8,5.66912,0,5,2,71.45,
CHEMBL188751,CCCc1cc(C(=O)CC)cc(CCC)c1O[C@H](C(=O)O)c1ccc(CC(C)C)cc1,424.26136,12,6.5875,0,3,1,63.6,
CID_11774595,CCCC1=CC(=CC(=C1OC(C2=CC=C(C=C2)CC(C)C)C(=O)O)CCC)C(=O)CC,424.26136,12,6.5875,0,3,1,63.6,
CHEMBL4448458,C1=CC(=CC(=C1)NCC2=CC=C(C=C2)OCC3=CC=C(C=C3)Br)C(=O)O,411.047006,7,5.3384,0,3,2,58.56,
CHEMBL572795,O=C([O-])C(Cc1ccccc1)Oc1ccc(/C=C\c2ccccc2)cc1.[Na+],366.123189,7,0.601,0,3,0,49.36,
CID_44480717,C1=CC=C(C=C1)CC(C(=O)[O-])OC2=CC=C(C=C2)C=CC3=CC=CC=C3.[Na+],366.123189,7,0.601,0,3,0,49.36,
CHEMBL236876,CC1=C(C=CC(=C1)OC2=CC=CC(=C2)CNC(=O)C3=C(C=C(C=C3)C(F)(F)F)F)OC(C)(C)C(=O)O,505.151236,8,6.11722,0,4,2,84.86,
CHEMBL5429348,CC1=CC(=CC(=C1OC(C)(C)C(=O)O)C)N2C(=O)CN(C2=O)C3=CC=C(C=C3)C(F)(F)F,450.140256,5,4.53744,0,4,1,87.15,
CHEMBL200943,CCC(C(=O)O)C1CCc2cc(OCCc3nc(-c4ccccc4)oc3C)c(Cl)cc21,439.155036,8,6.06552,0,4,1,72.56,
CHEMBL20392,CC(C)(C(=O)O)SC1=CC=C(C=C1)CCN(CCCCC2CCCCC2)C(=O)NC3=CC=CC=C3OC,526.286529,13,7.4777,0,4,2,78.87,
CHEMBL5279586,Cc1cc(CC(=O)O)cc(CN2CCN(c3nc4ccc(C(F)(F)F)cc4s3)C[C@@H]2C)c1,463.154133,5,4.96132,0,5,1,56.67,
CID_57966660,CC1CN(CCN1CC2=CC(=CC(=C2)CC(=O)O)C)C3=NC4=C(S3)C=C(C=C4)C(F)(F)F,463.154133,5,4.96132,0,5,1,56.67,
CHEMBL382957,CCC(C(=O)O)C1CCc2cc(OCCc3nc(-c4ccc(C(C)C)cc4)oc3C)ccc21,447.240959,9,6.53552,0,4,1,72.56,
CHEMBL199703,CCC1=CC=C(C=C1)C2=NC(=C(O2)C)CCOC3=CC4=C(C=C3)C(CC4)C(CC)C(=O)O,433.225308,9,5.97452,0,4,1,72.56,
CHEMBL1089210,CC1=CC=C(C=C1)OC(=O)N(CC2=CC(=CC=C2)OCC3=C(OC(=N3)C4=CC=C(C=C4)Cl)C)CC(=O)O,520.140114,9,6.27644,0,6,1,102.1,
CID_57398720,CC1=C(N=C(O1)C=CCCC(C)C)CCOC2=CC3=C(CC(N(C3)C(=O)C=CC=C(C)C)C(=O)O)C=C2.CC(C)(C)N,579.367222,11,6.65782,0,6,2,118.89,
CHEMBL1935608,CC(C)(C)N.CC(C)=C/C=C/C(=O)N1Cc2cc(OCCc3nc(/C=C/CCC(C)C)oc3C)ccc2C[C@H]1C(=O)O,579.367222,11,6.65782,0,6,2,118.89,
CHEMBL331206,CCCCC(CC1=CC(=C(C=C1)OC)C(=O)NCC2=CC=C(C=C2)C(F)(F)F)C(=O)O,437.181393,10,5.0775,0,3,2,75.63,
CHEMBL518038,CCCCCCC(C(=O)O)SC1=NC(=CC(=N1)Cl)NC2=CC=CC(=C2C)C,407.143426,10,6.00614,0,5,2,75.11,
CID_122184720,CC(CC1=CC(=CC=C1)NC(=O)C2=CC=C(C=C2)NC(=O)CC3=CC=C(C=C3)C(C)(C)C)C(=O)N4C(COC4=O)CC5=CC=CC=C5,631.304621,10,7.1863,0,5,2,104.81,
CHEMBL3601096,C[C@@H](Cc1cccc(NC(=O)c2ccc(NC(=O)Cc3ccc(C(C)(C)C)cc3)cc2)c1)C(=O)N1C(=O)OC[C@H]1Cc1ccccc1,631.304621,10,7.1863,0,5,2,104.81,
CHEMBL5407426,CC(C)(C(=O)O)OC1=C(C=C(C=C1F)CN2C(=O)CN(C2=O)C3=CC=C(C=C3)C(F)(F)F)F,472.105763,6,4.1944,0,4,1,87.15,
CHEMBL3827617,CC1=CC=C(C=C1)OC(=O)N(CC2=C(C=CC(=C2)OCC3=C(OC(=N3)C4=CC=C(C=C4)Cl)C)F)CC(=O)O,538.130692,9,6.41554,0,6,1,102.1,
CID_44453913,CC1=C(N=C(O1)C2=CC=CC=C2)CCOC3=CC=C(C=C3)CC4C(N(C4=O)C5=CC=C(C=C5)C(C)(C)C)C(=O)O,538.246772,9,6.22772,0,5,1,92.87,
CHEMBL256468,Cc1oc(-c2ccccc2)nc1CCOc1ccc(C[C@@H]2C(=O)N(c3ccc(C(C)(C)C)cc3)[C@@H]2C(=O)O)cc1,538.246772,9,6.22772,0,5,1,92.87,
CHEMBL38508,CC1=C(C=CC(=C1)SCC2=C(N=C(S2)C3=CC(=C(C=C3)C(F)(F)F)F)C)OCC(=O)O,471.058598,7,6.34054,0,5,1,59.42,
CHEMBL1090212,CC1=CC=C(C=C1)OC(=O)N(CC2=CC(=CC=C2)OCC3=C(N=C(S3)C4=CC=C(C=C4)Cl)C)CC(=O)O,536.117271,9,6.74494,0,6,1,88.96,
CHEMBL3335660,CC1=C(C=C(C=C1)NC(=O)C2=CC=CC=C2NC(=O)C3=CC=C(C=C3)C(C)(C)C)C(=O)O,430.189257,5,5.49532,0,3,3,95.5,
CHEMBL5085927,CC1=CC(=CC(=C1OC(C)(C)C(=O)O)Cl)CN2C(=O)N(C=N2)C3=CC=C(C=C3)OC(F)(F)F,485.096533,7,4.18472,0,7,1,95.58,
CHEMBL5982567,Cc1cc(/C=C/C(=O)c2cc3ccccc3nc2Cl)cc(C)c1OC(C)(C)C(=O)O,423.123736,6,5.64314,0,4,1,76.49,
CID_142599784,CC1=CC(=CC(=C1OC(C)(C)C(=O)O)C)C=CC(=O)C2=CC3=CC=CC=C3N=C2Cl,423.123736,6,5.64314,0,4,1,76.49,
CID_25263402,CCON=C(C)C(CC1=CC=C(C=C1)OCCC2=C(OC(=N2)C3=CC=CC=C3)C)C(=O)O,436.199822,11,4.92722,0,6,1,94.15,
CHEMBL388422,CCO/N=C(\C)C(Cc1ccc(OCCc2nc(-c3ccccc3)oc2C)cc1)C(=O)O,436.199822,11,4.92722,0,6,1,94.15,
CHEMBL317424,CC(C)(C(=O)O)OC1=CC=CC(=C1)CCCN(CC2=C(C=C(C=C2)C(F)(F)F)C(F)(F)F)C(=O)COC3=CC(=C(C=C3)Cl)Cl,665.117048,12,8.3134,0,4,1,76.07,
CHEMBL474149,CC1=C(N=C(O1)C2=CC=CC=C2)CCOC3=CC=CC(=C3)CC4=CN(N=C4C(=O)O)C5=CC=CC=C5,479.184506,9,5.74622,0,6,1,90.38,
CHEMBL516510,CC1=C(C=CC(=C1)CNC(=O)C2=CC(=NN2CCOC)C3=CC=C(C=C3)C(C)(C)C)OC(C)(C)C(=O)O,507.273321,10,4.97442,0,6,2,102.68,
CHEMBL3828133,CCCCOC(=O)N(CC(=O)O)Cc1cc(OCc2nc(-c3ccc(Cl)cc3)oc2C)ccc1F,504.146342,11,5.84482,0,6,1,102.1,
CHEMBL481550,Cc1ccc(-c2nc(CCCCCCO/N=C(/CCC(=O)O)c3ccccc3)c(C)o2)cc1,448.236208,13,6.34704,0,5,1,84.92,
CID_44571519,CC1=CC=C(C=C1)C2=NC(=C(O2)C)CCCCCCON=C(CCC(=O)O)C3=CC=CC=C3,448.236208,13,6.34704,0,5,1,84.92,
CHEMBL2113263,CCCc1cc(-c2nc3c(s2)CCCC3)ccc1OCCCOc1ccc2c(c1)CC[C@H]2CC(=O)O,505.22868,11,6.9938,0,5,1,68.65,
CID_10458842,CCCC1=C(C=CC(=C1)C2=NC3=C(S2)CCCC3)OCCCOC4=CC5=C(C=C4)C(CC5)CC(=O)O,505.22868,11,6.9938,0,5,1,68.65,
CHEMBL80301,CC1=CC(=CC=C1)C2=NC(=NO2)COC3=CC=C(C=C3)CC(C(=O)O)OC(C)C,396.168522,9,4.04472,0,6,1,94.68,
CHEMBL4465958,CC1=C(C=CC(=C1)CN(C)C2=CC=CC(=C2)C(=O)O)OCC3=CC=C(C=C3)F,379.158372,7,5.04772,0,3,1,49.77,
CHEMBL144489,CCO[C@@H](Cc1ccc(OC/C=C(\C)c2ccc(-c3ccccc3)cc2)cc1)C(=O)O,416.198759,10,5.8681,0,3,1,55.76,
CID_10093355,CCOC(CC1=CC=C(C=C1)OCC=C(C)C2=CC=C(C=C2)C3=CC=CC=C3)C(=O)O,416.198759,10,5.8681,0,3,1,55.76,
CHEMBL3398443,Cc1oc(-c2ccccc2)nc1CCOc1ccc(C[C@@H]2CN(C(=O)Oc3ccccc3)C[C@@H]2C(=O)O)cc1,526.210387,9,5.64562,0,6,1,102.1,
CID_10346786,CC1=C(N=C(O1)C2=CC=CC=C2)CCOC3=CC=C(C=C3)CC4CN(CC4C(=O)O)C(=O)OC5=CC=CC=C5,526.210387,9,5.64562,0,6,1,102.1,
CHEMBL6173976,CC1=CC(=CC(=C1OC(C)(C)C(=O)O)C)CN2CCN(C2=O)C3=CC=C(C=C3)OC(F)(F)F,466.171557,7,4.88624,0,4,1,79.31,
CHEMBL361424,CC[C@]1(C(=O)O)CCc2ccc(OCCCOc3ccc(OC(F)(F)F)cc3Cl)cc2O1,474.105701,9,5.6449,0,5,1,74.22,
CID_9826186,CCC1(CCC2=C(O1)C=C(C=C2)OCCCOC3=C(C=C(C=C3)OC(F)(F)F)Cl)C(=O)O,474.105701,9,5.6449,0,5,1,74.22,
CHEMBL120246,CC(C)C(CC1=CC(=C(C=C1)OC)C(=O)NCC2=CC=C(C=C2)C(F)(F)F)C(=O)O,423.165743,8,4.5433,0,3,2,75.63,
CHEMBL1711502,O=C(O)CCN1C(=O)/C(=C/c2cccc(OCc3ccc(F)cc3)c2)SC1=S,417.050478,7,4.0806,0,5,1,66.84,
CID_44807133,C1=CC(=CC(=C1)OCC2=CC=C(C=C2)F)C=C3C(=O)N(C(=S)S3)CCC(=O)O,417.050478,7,4.0806,0,5,1,66.84,
CID_51346913,CCC(=NOCC1=C(N=C(S1)C2=CC=C(C=C2)C(F)(F)F)C)C3=CC(=C(C=C3)OCC(=O)O)C,492.133063,9,6.24004,0,6,1,81.01,
CHEMBL1644301,CC/C(=N\OCc1sc(-c2ccc(C(F)(F)F)cc2)nc1C)c1ccc(OCC(=O)O)c(C)c1,492.133063,9,6.24004,0,6,1,81.01,
CHEMBL455157,CC1=C(C=CC(=C1)CNC(=O)C2=NN(C(=C2)C3=CC=C(C=C3)C(C)C)C)OC(C)(C)C(=O)O,449.231456,8,4.69092,0,5,2,93.45,
CHEMBL255872,CC1=C(N=C(O1)C2=CC=CC=C2)CCOC3=CC=CC(=C3)CC4=CN(CCC4C(=O)O)C5=NC=CC(=N5)C(F)(F)F,564.19844,9,6.11782,0,7,1,101.58,
CHEMBL222248,COc1cc(-c2nc3c(s2)CCC3)ccc1OCCCOc1ccc2c(c1)CC[C@H]2CC(=O)O,479.176644,10,5.6598,0,6,1,77.88,
CID_10457843,COC1=C(C=CC(=C1)C2=NC3=C(S2)CCC3)OCCCOC4=CC5=C(C=C4)C(CC5)CC(=O)O,479.176644,10,5.6598,0,6,1,77.88,
CHEMBL2375951,O=C(O)[C@H](Cc1ccccc1)Oc1ccc(Oc2ccccc2)cc1,334.120509,7,4.5536,0,3,1,55.76,
CHEMBL578860,C1=CC=C(C=C1)CC(C(=O)O)OC2=CC=C(C=C2)OC3=CC=CC=C3,334.120509,7,4.5536,0,3,1,55.76,
CHEMBL2204610,CC1=C(N=C(O1)C2=CC(=CC=C2)Br)CCOC3=CC=C(C=C3)OC(C)(C)C(=O)O,459.068135,8,5.27602,0,5,1,81.79,
CHEMBL516824,CC1=C(C=CC(=C1)CNC(=O)C2=CC(=NN2)C3=CC=C(C=C3)C(C)(C)C)OC(C)(C)C(=O)O,449.231456,7,4.85462,0,4,3,104.31,
CHEMBL3826990,CCCOC(=O)N(CC(=O)O)Cc1cc(OCc2nc(-c3ccc(Cl)cc3)oc2C)ccc1F,490.130692,10,5.45472,0,6,1,102.1,
CHEMBL2204594,CC1=C(N=C(O1)C2=CC=CC=C2)CN(CC3=C(C=C(C=C3)OC(C)(C)C(=O)O)OC)CC4=CC=CO4,490.210387,11,5.69602,0,7,1,98.17,
CHEMBL461533,CC1=C(C=CC(=C1)CNC(=O)C2=CC(=NN2C)C3=CC=C(C=C3)C(C)C)OC(C)(C)C(=O)O,449.231456,8,4.69092,0,5,2,93.45,
CHEMBL420973,CCO[C@@H](Cc1ccc(OC/C=C(\c2ccccc2)c2ccc(-c3ccccc3)cc2)cc1)C(=O)O,478.214409,11,6.8965,0,3,1,55.76,
CID_44320978,CCOC(CC1=CC=C(C=C1)OCC=C(C2=CC=CC=C2)C3=CC=C(C=C3)C4=CC=CC=C4)C(=O)O,478.214409,11,6.8965,0,3,1,55.76,
CHEMBL421729,CCO[C@@H](Cc1ccc(OC/C=C(/c2ccccc2)c2ccc(-c3ccccc3)cc2)cc1)C(=O)O,478.214409,11,6.8965,0,3,1,55.76,
CHEMBL220151,COc1cc(-c2nc(C)c(C(C)=O)s2)ccc1OCCCOc1ccc2c(c1)CC[C@H]2CC(=O)O,495.171559,11,5.68212,0,7,1,94.95,
CID_10074505,CC1=C(SC(=N1)C2=CC(=C(C=C2)OCCCOC3=CC4=C(C=C3)C(CC4)CC(=O)O)OC)C(=O)C,495.171559,11,5.68212,0,7,1,94.95,
CID_142599779,CC1=CC(=CC(=C1OC(C)(C)C(=O)O)C)C=CC(=O)C2=CC3=CC=CC=C3N=C2N4CCCC4,458.220557,7,5.58994,0,5,1,79.73,
CHEMBL5748052,Cc1cc(/C=C/C(=O)c2cc3ccccc3nc2N2CCCC2)cc(C)c1OC(C)(C)C(=O)O,458.220557,7,5.58994,0,5,1,79.73,
CHEMBL3920204,CCC1=C(C=CC(=C1)OCCC2=C(OC(=N2)C3=CC=C(C=C3)C(F)(F)F)C)CCC(=O)O,447.165743,9,5.86992,0,4,1,72.56,
CHEMBL178630,CC(C)Oc1ccc(OCCCOc2ccc3c(c2)O[C@@](C)(C(=O)O)CC3)c(Cl)c1,434.149616,9,5.1434,0,5,1,74.22,
CID_44388882,CC(C)OC1=CC(=C(C=C1)OCCCOC2=CC3=C(CCC(O3)(C)C(=O)O)C=C2)Cl,434.149616,9,5.1434,0,5,1,74.22,
CHEMBL1934484,Cc1ccc(-c2nc(C)c(C(=O)N[C@H]3CCCN(c4cccc(C(=O)O)c4)C3)s2)cc1,435.161663,5,4.52394,0,5,2,82.53,
CID_57396101,CC1=CC=C(C=C1)C2=NC(=C(S2)C(=O)NC3CCCN(C3)C4=CC=CC(=C4)C(=O)O)C,435.161663,5,4.52394,0,5,2,82.53,
CHEMBL3905544,CC(=O)N[C@@H](C)c1nc(-c2ccc(Oc3ccccc3)cc2)no1,323.126991,5,3.726,0,5,1,77.25,
CHEMBL3981588,CC(C1=NC(=NO1)C2=CC=C(C=C2)OC3=CC=CC=C3)NC(=O)C,323.126991,5,3.726,0,5,1,77.25,
CHEMBL3318039,CCCCCCC(C(=O)O)SC1=NC(=CC(=N1)Cl)NC2=CC=C(C=C2)C(=O)C3=CC=C(C=C3)N,498.149239,12,6.2025,0,7,3,118.2,
CHEMBL3318037,CCCCC(C(=O)O)SC1=NC(=CC(=N1)Cl)NC2=CC=C(C=C2)NC3=CC=CC=C3,442.123025,10,6.3527,0,6,3,87.14,
CHEMBL219586,CC1=C(SC(=N1)C2=CC=C(C=C2)C(F)(F)F)C(=O)NCC3=CC=C(C=C3)OC(C)(C)C(=O)O,478.117413,7,5.30932,0,5,2,88.52,
CHEMBL4571975,CC(C)(C(=O)O)OC1=CC=C(C=C1)OCC2=NN(C(=O)N2C3=CC=CC=C3F)C4=CC=C(C=C4)C(F)(F)F,531.141734,8,5.0021,0,7,1,95.58,
CHEMBL270960,Cc1ccc(-c2nc(CCCC[C@H]3CO[C@@](C)(C(=O)O)OC3)c(C)o2)cc1,373.188923,7,4.13504,0,5,1,81.79,
CID_9947731,CC1=CC=C(C=C1)C2=NC(=C(O2)C)CCCCC3COC(OC3)(C)C(=O)O,373.188923,7,4.13504,0,5,1,81.79,
CHEMBL5438357,CCCCC1(CCN(CC1)C2=NC3=C(S2)C=C(C=C3)Cl)CCOC4=C(C=CC(=C4)CC(=O)O)Cl,520.135419,10,7.4761,0,5,1,62.66,
CHEMBL230622,CCO/N=C(\C)C(Cc1ccc(OCCc2nc(C(C)C)oc2C)cc1)C(=O)O,402.215472,11,4.38362,0,6,1,94.15,
CID_25263412,CCON=C(C)C(CC1=CC=C(C=C1)OCCC2=C(OC(=N2)C(C)C)C)C(=O)O,402.215472,11,4.38362,0,6,1,94.15,
CHEMBL4586557,CCCCCCC(C(=O)O)SC1=NC2=C(S1)C=C(C=C2)NCC3=CC=CC=C3,414.14357,11,6.4241,0,5,2,62.22,
CHEMBL186179,CC1=C(N=C(O1)C2=CC=CC=C2)CCOC3=CC=C(C=C3)CN(CC(=O)O)C(=O)OC4=CC=C(C=C4)OC,516.189651,11,5.36572,0,7,1,111.33,
CHEMBL382525,CCC(C(=O)O)C1CCc2cc(OCc3nc(-c4ccccc4)oc3C(F)(F)F)ccc21,445.150093,7,6.08,0,4,1,72.56,
CHEMBL246281,CCC(C(=O)O)OC1=CC=CC(=C1)CN(CCCOC2=CC(=C(C=C2)C)C)C3=NC4=CC=CC=C4O3,488.231122,12,6.16234,0,6,1,85.03,
CHEMBL5419064,CC1=CC(=CC(=C1OC(C)(C)C(=O)O)C)CN2C(=O)CN(C2=O)C3=CC=C(C=C3)Cl,430.12955,6,4.16764,0,4,1,87.15,
CHEMBL448996,CCCC1=C(C=CC2=C1C=CC(=C2)C(=O)C3=CC=CC=C3)OCCCN4CCCC5=C4C=CC=C5OC(C)(C)C(=O)O,565.282823,12,7.487,0,5,1,76.07,
CHEMBL560205,CCCCC(C(=O)O)SC1=CC=C(C=C1)OCCCOC2=CC=CC=C2OC,404.165745,13,5.2786,0,5,1,64.99,
CHEMBL5436973,CC1=C(C=CC(=C1)CN2C(=O)CN(C2=O)C3=CC=C(C=C3)C(F)(F)F)OC(C)(C)C(=O)O,450.140256,6,4.22462,0,4,1,87.15,
CHEMBL5084377,CC1=CC(=CC(=C1OC(C)(C)C(=O)O)C)CN2C(=O)N(C=N2)C3=CC=C(C=C3)OC(F)(F)F,465.151155,7,3.83974,0,7,1,95.58,
CHEMBL198023,CCC(C(=O)O)C1CCc2cc(OCCc3nc(-c4ccc(C)c(F)c4)oc3C)ccc21,437.200237,8,5.85964,0,4,1,72.56,
CHEMBL189110,CC[C@@]1(C(=O)O)Cc2cc(OCCCOc3ccc(CC(F)(F)F)cc3Cl)ccc2O1,458.110786,9,5.461,0,4,1,64.99,
CID_9981617,CCC1(CC2=C(O1)C=CC(=C2)OCCCOC3=C(C=C(C=C3)CC(F)(F)F)Cl)C(=O)O,458.110786,9,5.461,0,4,1,64.99,
CHEMBL410705,CCc1ccc(-c2nc(CCCC[C@H]3CO[C@@](C)(C(=O)O)OC3)c(C)o2)cc1,387.204573,8,4.38902,0,5,1,81.79,
CID_21866936,CCC1=CC=C(C=C1)C2=NC(=C(O2)C)CCCCC3COC(OC3)(C)C(=O)O,387.204573,8,4.38902,0,5,1,81.79,
CHEMBL396496,CC1=C(C=CC(=C1)SCC2=NC(=NS2)C3=CC=C(C=C3)OC(F)(F)F)OC(C)(C)C(=O)O,484.073834,8,5.94642,0,7,1,81.54,
CHEMBL371764,CCC(C(=O)O)C1CCc2cc(OCCc3nc(COc4ccc(Cl)cc4)oc3C)ccc21,469.165601,10,5.97752,0,5,1,81.79,
CHEMBL4540905,CC1=C(C=CC(=C1)CNC2=CC=CC(=C2)C(=O)O)OCC3=C(C=C(C=C3)F)F,383.1333,7,5.16252,0,3,2,58.56,
CHEMBL78523,CC(C)OC(CC1=CC=C(C=C1)OCC2=NOC(=N2)C3=CC=C(C=C3)F)C(=O)O,400.14345,9,3.8754,0,6,1,94.68,
CHEMBL1092236,CC1=C(N=C(O1)C2=CC=C(C=C2)Cl)COC3=CC=CC(=C3)CN(CC(=O)O)C(=O)OC4CCCC4,498.155764,9,5.84822,0,6,1,102.1,
CHEMBL245664,CCC(C(=O)O)OC1=CC=CC(=C1)CN(CCCOC2=CC=CC=C2)C3=NC4=C(O3)C=CC(=C4)O,476.194737,12,5.2511,0,7,2,105.26,
CHEMBL5413215,CC1=CC(=CC(=C1OC(C)(C)C(=O)O)C)CN2C(=O)CN(C2=O)C3=CC=C(C=C3)C#N,421.163771,6,3.38592,0,5,1,110.94,
CHEMBL424674,CC[C@@](C)(Cc1ccc(OCCCOc2ccc(C(F)(F)F)cc2Cl)cc1)C(=O)O,444.131522,10,6.2501,0,3,1,55.76,
CID_44409274,CCC(C)(CC1=CC=C(C=C1)OCCCOC2=C(C=C(C=C2)C(F)(F)F)Cl)C(=O)O,444.131522,10,6.2501,0,3,1,55.76,
CHEMBL3103193,CC1=CC(=CC(=C1OC(C)(C)C(=O)O)C)C2CC2C(C3=CC=C(C=C3)Br)OC,446.109271,7,5.79914,0,3,1,55.76,
CHEMBL520272,Cc1ccc(-c2nc(CCCCCO/N=C(/CCC(=O)O)c3ccccc3)c(C)o2)cc1,434.220557,12,5.95694,0,5,1,84.92,
CID_44571518,CC1=CC=C(C=C1)C2=NC(=C(O2)C)CCCCCON=C(CCC(=O)O)C3=CC=CC=C3,434.220557,12,5.95694,0,5,1,84.92,
CHEMBL25259,CC1=C(N=C(O1)C2=CC=C(C=C2)C3=CC=CC=C3)CCOC4=CC=C(C=C4)OC(C)(C)C(=O)O,457.188923,9,6.18052,0,5,1,81.79,
CHEMBL562786,CC1=C(C(=CC=C1)OCCCOC2=CC=C(C=C2)SCC(=O)O)C,346.12388,9,4.32804,0,4,1,55.76,
CHEMBL5081988,CC1=CC(=CC(=C1OC(C)(C)C(=O)O)C)CN2C(=O)N(C=N2)C3=CC=C(C=C3)Br,459.079368,6,3.70364,0,6,1,86.35,
CHEMBL4877444,CC1=CC=C(C=C1)CN2C(=O)N(C(=N2)CCCC3=CC=C(C=C3)OC(C)(C)C(=O)O)CC4=CC=CC=C4,499.247107,11,4.86712,0,6,1,86.35,
CHEMBL591348,C/C(=N\OCCCCO/N=C(/CCC(=O)O)c1ccccc1)c1cccc(-c2ccccc2)c1,458.220557,13,6.1601,0,5,1,80.48,
CID_46229834,CC(=NOCCCCON=C(CCC(=O)O)C1=CC=CC=C1)C2=CC=CC(=C2)C3=CC=CC=C3,458.220557,13,6.1601,0,5,1,80.48,
CHEMBL5439116,CC1=CC(=CC(=C1OC(C)(C)C(=O)O)C)CN2C(=O)N(C(=O)C2(C)C)C3=CC=C(C=C3)C(F)(F)F,492.187207,6,5.31164,0,4,1,87.15,
CHEMBL80905,CC(C)OC(CC1=CC=C(C=C1)OCC2=NOC(=N2)C3=CC=C(C=C3)OC(F)(F)F)C(=O)O,466.135171,10,4.6349,0,7,1,103.91,
CHEMBL3398459,Cc1oc(-c2ccccc2)nc1CCOc1ccc(CC[C@@H]2CN(C(=O)Oc3ccccc3)C[C@@H]2C(=O)O)cc1,540.226037,10,6.03572,0,6,1,102.1,
CID_10370056,CC1=C(N=C(O1)C2=CC=CC=C2)CCOC3=CC=C(C=C3)CCC4CN(CC4C(=O)O)C(=O)OC5=CC=CC=C5,540.226037,10,6.03572,0,6,1,102.1,
CHEMBL245465,CCC(C(=O)O)OC1=CC=CC(=C1)CN(CCCOC2=CC=CC=C2)C3=NC4=C(O3)C=CC(=C4)C,474.215472,12,5.85392,0,6,1,85.03,
CHEMBL1075732,CC1=C(C=CC(=C1)OCC2=NC(=C(O2)C3=CC=C(C=C3)OC(F)(F)F)C4=CC=C(C=C4)C(=O)N(C)C(C)C)OCC(=O)O,598.192686,11,6.73842,0,7,1,111.33,
CHEMBL364774,CCCC1=CC2=C(C(=C1OC(C)(CC)C(=O)O)CCC)ON=C2C(F)(F)F,387.165743,8,5.3837,0,4,1,72.56,
CHEMBL201803,CCC(CC1=CC(=C(C=C1)OC)C(=O)NCC2=CC(=C(C=C2)C(F)(F)F)F)C(=O)O,427.140671,8,4.4364,0,3,2,75.63,
CHEMBL572566,C1=CC=C(C=C1)CC(C(=O)O)OC2=CC=C(C=C2)COC3=CC=CC=C3,348.136159,8,4.3403,0,3,1,55.76,
CHEMBL584704,CCCC1=NC2=C(C=CC=C2N1CCOC3=CC=C(C=C3)CC(C)(C(=O)OCC)OC4=CC=CC=C4)C,500.267508,12,6.31952,0,6,0,62.58,
CHEMBL2206304,CCCCCCCN(CCC1=CC=C(C=C1)OCC(=O)[O-])C2=NC3=CC=CC=C3O2.[Na+],432.202502,13,0.98,0,6,0,78.63,
CHEMBL2204593,CC1=C(N=C(O1)C2=CC=CC=C2)CN(CC3=C(C=C(C=C3)OC(C)(C)C(=O)O)Cl)CC4=CC=CO4,494.16085,10,6.34082,0,6,1,88.94,
CHEMBL23874,CCCc1c(OCCCSc2ccc(CC(=O)O)cc2Cl)ccc(/C(CC)=N/O)c1O,465.137672,12,5.7747,0,6,3,99.35,
CID_135544305,CCCC1=C(C=CC(=C1O)C(=NO)CC)OCCCSC2=C(C=C(C=C2)CC(=O)O)Cl,465.137672,12,5.7747,0,6,3,99.35,
CHEMBL230518,C/C(=N\OCCF)C(Cc1ccc(OCCc2nc(-c3ccc(F)cc3)oc2C)cc1)C(=O)O,472.180978,12,5.01592,0,6,1,94.15,
CID_11213609,CC1=C(N=C(O1)C2=CC=C(C=C2)F)CCOC3=CC=C(C=C3)CC(C(=NOCCF)C)C(=O)O,472.180978,12,5.01592,0,6,1,94.15,
CHEMBL5433219,CC1=CC(=CC(=C1OC(C)(C)C(=O)O)C)CN2C(=O)CN(C2=O)C3=CC=C(C=C3)C(C)C,438.215472,7,4.63764,0,4,1,87.15,
CHEMBL481549,Cc1ccc(-c2nc(CCCCO/N=C(\CCC(=O)O)c3ccccc3)c(C)o2)cc1,420.204907,11,5.56684,0,5,1,84.92,
CID_44571517,CC1=CC=C(C=C1)C2=NC(=C(O2)C)CCCCON=C(CCC(=O)O)C3=CC=CC=C3,420.204907,11,5.56684,0,5,1,84.92,
CHEMBL513035,CC1=C(C=CC(=C1)CNC(=O)C2=NN(C(=C2)C3=CC=C(C=C3)N4CCCC4)C)OC(C)(C)C(=O)O,476.242356,8,4.16772,0,6,2,96.69,
CHEMBL356170,CCCN1C(=NN(C1=O)C(C)C2=CC=CC=C2)CCCC3=CC=C(C=C3)OC(C)(C)C(=O)O,451.247107,11,4.4814,0,6,1,86.35,
CHEMBL310426,CC1=CC=C(C=C1)C2=NC(=NO2)COC3=CC=C(C=C3)CC(C(=O)O)OC(C)C,396.168522,9,4.04472,0,6,1,94.68,
CHEMBL556643,CCO[C@@H](Cc1ccc(OCCN2CCC(C)(C)c3cc(/C(=N/OCc4ccccc4)c4ccccc4)ccc32)cc1)C(=O)O,606.309372,14,7.2547,0,6,1,80.59,
CID_45268054,CCOC(CC1=CC=C(C=C1)OCCN2CCC(C3=C2C=CC(=C3)C(=NOCC4=CC=CC=C4)C5=CC=CC=C5)(C)C)C(=O)O,606.309372,14,7.2547,0,6,1,80.59,
CHEMBL116671,CC1=C(N=C(O1)C2=CC=CC=C2)CCOC3=CC4=C(CC(C(=O)O4)C(=O)OC)C=C3,407.136887,6,3.52222,0,7,0,87.86,
CHEMBL81248,Cc1oc(-c2ccccc2)nc1CCOc1ccc(C[C@](C)(Oc2ccccc2)C(=O)O)cc1,457.188923,10,5.73632,0,5,1,81.79,
CHEMBL82034,CC1=C(N=C(O1)C2=CC=CC=C2)CCOC3=CC=C(C=C3)CC(C)(C(=O)O)OC4=CC=CC=C4,457.188923,10,5.73632,0,5,1,81.79,
CHEMBL371760,CCC(C(=O)O)C1CCc2cc(OCCc3nc(-c4c(F)cccc4F)oc3C)ccc21,441.175165,8,5.69032,0,4,1,72.56,
CHEMBL229525,CCCCC(CC1=CC(=C(C=C1)OC)CNC(=O)C2=C(C=C(C=C2)C(F)(F)F)F)C(=O)O,455.171971,10,5.2166,0,3,2,75.63,
CHEMBL469745,C=C(COc1ccc(Cl)c(Cl)c1)CSc1ccc(OCC(=O)O)c(C)c1,412.030285,9,5.49252,0,4,1,55.76,
CHEMBL482334,CC1=CC=C(C=C1)C2=NC(=CO2)CCCCCN(CC(=O)O)C(=O)OC3=CC=C(C=C3)OC,452.194737,11,4.95702,0,6,1,102.1,
CHEMBL474295,CC(=O)c1ccccc1N[C@@H](Cc1ccc(OCCc2nc(-c3ccccc3)oc2C)cc1)C(=O)O,484.199822,11,5.58192,0,6,2,101.66,
CID_44591474,CC1=C(N=C(O1)C2=CC=CC=C2)CCOC3=CC=C(C=C3)CC(C(=O)O)NC4=CC=CC=C4C(=O)C,484.199822,11,5.58192,0,6,2,101.66,
CID_10415698,CC1=C(N=C(O1)C2=CC=C(C=C2)Cl)CCOC3=CC=CC(=C3)CC4C(N(C4=O)C5=CC=C(C=C5)C(C)(C)C)C(=O)O,572.2078,9,6.88112,0,5,1,92.87,
CHEMBL272336,Cc1oc(-c2ccc(Cl)cc2)nc1CCOc1cccc(C[C@@H]2C(=O)N(c3ccc(C(C)(C)C)cc3)[C@@H]2C(=O)O)c1,572.2078,9,6.88112,0,5,1,92.87,
CHEMBL189146,CC(C)O[C@@H](Cc1ccc(OCc2noc(-c3ccc(C(C)C)cc3)n2)cc1)C(=O)O,424.199822,10,4.8597,0,6,1,94.68,
CHEMBL80364,CC(C)C1=CC=C(C=C1)C2=NC(=NO2)COC3=CC=C(C=C3)CC(C(=O)O)OC(C)C,424.199822,10,4.8597,0,6,1,94.68,
CHEMBL1600564,CC(C)(C(=O)O)OC1=CC=C(C=C1)C2=CC=CC3=CC=CC=C32,306.125594,4,4.7488,0,2,1,46.53,
CHEMBL220597,CCOC(CC1=CN=C(C=C1)OCCC2=C(OC(=N2)C3=CC=CC=C3)C)C(=O)O,396.168522,10,3.69872,0,6,1,94.68,
CHEMBL200071,CCC(C(=O)O)C1CCc2cc(OCCc3nc(C4CCCC4)oc3C)ccc21,397.225308,8,5.40272,0,4,1,72.56,
CHEMBL318696,CC(C)(C(=O)O)OC1=CC=CC(=C1)CCCN(CCOC(=O)C2=CC=C(C=C2)N=C=O)CC3=C(C=C(C=C3)C(F)(F)F)C(F)(F)F,652.200806,14,7.2253,0,7,1,105.5,
CHEMBL537921,CCO[C@@H](Cc1ccc(OCCN2CCC(C)(C)c3cc(/C(=N/OCC4CC4)c4ccccc4)ccc32)cc1)C(=O)O,570.309372,14,6.4645,0,6,1,80.59,
CID_45269787,CCOC(CC1=CC=C(C=C1)OCCN2CCC(C3=C2C=CC(=C3)C(=NOCC4CC4)C5=CC=CC=C5)(C)C)C(=O)O,570.309372,14,6.4645,0,6,1,80.59,
CHEMBL389768,CCO[C@@H](COc1ccc(C(F)(F)F)cc1)CSc1ccc(OCC(=O)O)c(C)c1,444.121829,11,5.05342,0,5,1,64.99,
CHEMBL230158,CCO[C@H](COc1ccc(C(F)(F)F)cc1)CSc1ccc(OCC(=O)O)c(C)c1,444.121829,11,5.05342,0,5,1,64.99,
CHEMBL230050,CCOC(COC1=CC=C(C=C1)C(F)(F)F)CSC2=CC(=C(C=C2)OCC(=O)O)C,444.121829,11,5.05342,0,5,1,64.99,
CHEMBL252675,C1=CC(=CC=C1CNC(=O)C2=CC=C(C=C2)C3=CC=C(C=C3)Cl)NS(=O)(=O)C(F)(F)F,468.052226,6,5.1985,0,3,2,75.27,
CHEMBL526740,CCO[C@@H](Cc1cccc(/C(C)=N/OCc2ccc(I)cc2)c1)C(=O)O,467.059356,9,4.2642,0,4,1,68.12,
CID_25114873,CCOC(CC1=CC(=CC=C1)C(=NOCC2=CC=C(C=C2)I)C)C(=O)O,467.059356,9,4.2642,0,4,1,68.12,
CHEMBL512715,C=C(COc1ccc(Cl)c(C(F)(F)F)c1)CSc1ccc(OCC(=O)O)c(C)c1,446.056642,9,5.85792,0,4,1,55.76,
CHEMBL4519542,CCCOc1cc(C)c2c(c1)CC[C@@](C)(CC/C=C(\C)CC/C=C(\C)C(=O)O)O2,400.26136,10,6.40512,0,3,1,55.76,
CID_155541750,CCCOC1=CC2=C(C(=C1)C)OC(CC2)(C)CCC=C(C)CCC=C(C)C(=O)O,400.26136,10,6.40512,0,3,1,55.76,
CHEMBL192500,CCCC1=C(C=CC(=C1)SC(F)(F)F)OCCCOC2=CC3=C(C=C2)OC(C3)(CC)C(=O)O,484.15313,11,6.2672,0,5,1,64.99,
CHEMBL2035070,CCCCC(C1=C(N=C(S1)C2=CC=C(C=C2)C(F)(F)F)C)SC3=CC(=C(C=C3)OCC(=O)O)C,509.13062,10,7.93274,0,5,1,59.42,
CHEMBL116947,CCC(CC1=CC(=C(C=C1)OC)C(=O)NCC2=CC(=CC=C2)OC3=CC=CC=C3)C(=O)O,433.188923,10,5.0708,0,4,2,84.86,
CHEMBL470561,C=C(COC1=CC=C(C=C1)C(F)(F)F)CSC2=CC(=C(C=C2)OCC(=O)O)C(F)(F)F,466.067349,9,5.9149,0,4,1,55.76,
CHEMBL340011,CCCCCCCN(CCC1=CC=C(C=C1)OC(C)(C)C(=O)O)C(=O)NC2=CC=C(C=C2)F,458.258086,13,6.1147,0,3,2,78.87,
CHEMBL564017,CCCCC(C(=O)O)SC1=CC=C(C=C1)OCCCOC2=CC=CC(=C2)C(F)(F)F,442.142565,12,6.2888,0,4,1,55.76,
CHEMBL1813011,CCO[C@@H](Cc1ccc(OCCc2nc(-c3ccc(C)s3)oc2C)cc1)C(=O)O,415.145344,10,4.67364,0,6,1,81.79,
CID_53233135,CCOC(CC1=CC=C(C=C1)OCCC2=C(OC(=N2)C3=CC=C(S3)C)C)C(=O)O,415.145344,10,4.67364,0,6,1,81.79,
CHEMBL278994,CCCC1=C(C=CC2=C1OC=C2C3=CC=CC=C3)OCCCSC4=C(C=C(C=C4)CC(=O)O)Cl,494.131858,11,7.894,0,4,1,59.67,
CHEMBL271776,Cc1oc(-c2ccc(C(F)(F)F)cc2)nc1CCCC[C@H]1CO[C@@](C)(C(=O)O)OC1,427.160658,7,4.84542,0,5,1,81.79,
CID_10137337,CC1=C(N=C(O1)C2=CC=C(C=C2)C(F)(F)F)CCCCC3COC(OC3)(C)C(=O)O,427.160658,7,4.84542,0,5,1,81.79,
CHEMBL2022403,CC1=C(N(N=C1C(=O)NC2=CC(=CC=C2)O)C3=C(C=C(C=C3)Cl)Cl)C4=CC=C(C=C4)Cl,471.03081,4,6.76582,0,4,2,67.15,
CHEMBL392811,CCC(C(=O)O)OC1=CC=CC(=C1)CN(CCCOC2=CC=C(C=C2)S(=O)(=O)OC)C3=NC4=CC=CC=C4O3,554.172287,14,4.8806,0,9,1,128.4,
CHEMBL374448,CC1=CC(=CC=C1)C2=NC(=C(O2)C)CCOC3=NC=C(C=C3)CC4(CCCO4)C(=O)O,422.184172,8,4.15124,0,6,1,94.68,
CHEMBL438979,CCC(C(=O)O)C1CCc2cc(OCCc3nc(-c4ccccc4C)oc3C)ccc21,419.209658,8,5.72054,0,4,1,72.56,
CHEMBL472451,O=C(O)[C@H](Cc1ccc(-c2cccs2)cc1)Oc1ccc(Cl)cc1,358.043043,6,5.1432,0,3,1,46.53,
CID_44590004,C1=CSC(=C1)C2=CC=C(C=C2)CC(C(=O)O)OC3=CC=C(C=C3)Cl,358.043043,6,5.1432,0,3,1,46.53,
CHEMBL1630385,CCC(C(=O)O)OC1=C(C=C(C=C1)[Se]CC2=C(N=C(S2)C3=CC(=C(C=C3)C(F)(F)F)F)C)C,547.034349,8,5.35654,0,4,1,59.42,
CHEMBL454508,CCCC1=C(C=CC2=C1C=CC=C2C(=O)C3=CC=CC=C3)OCCCN4C=CC5=C4C=CC(=C5)OC(C)(C)C(=O)O,549.251523,12,7.6891,0,5,1,77.76,
CHEMBL3735011,CC1=CC(=CC(=C1OC(C)(C)C(=O)O)C)N2N=C3C=CC=CC3=N2,325.142641,4,3.27934,0,5,1,77.24,
CHEMBL5267473,CC[C@H]1CN(c2nc3ccc(Cl)cc3s2)CCC1CCOc1cc(CC(=O)O)ccc1Cl,492.104119,8,6.5518,0,5,1,62.66,
CID_171350656,CCC1CN(CCC1CCOC2=C(C=CC(=C2)CC(=O)O)Cl)C3=NC4=C(S3)C=C(C=C4)Cl,492.104119,8,6.5518,0,5,1,62.66,
CHEMBL2375947,O=C(O)[C@H](CCCc1ccccc1)Oc1ccc(Cl)cc1,304.086622,7,4.1949,0,2,1,46.53,
CID_73347299,C1=CC=C(C=C1)CCCC(C(=O)O)OC2=CC=C(C=C2)Cl,304.086622,7,4.1949,0,2,1,46.53,
CHEMBL476197,CC1=C(N=C(O1)C2=CC(=CC=C2)C(F)(F)F)CCOC3=CC4=C(CC(C(=O)O4)C(=O)OC)C=C3,475.124272,6,4.54102,0,7,0,87.86,
CHEMBL589256,C/C(=N\OCCCCO/N=C(/CCC(=O)O)c1ccccc1)c1ccc2ccccc2c1,432.204907,12,5.6463,0,5,1,80.48,
CID_46229835,CC(=NOCCCCON=C(CCC(=O)O)C1=CC=CC=C1)C2=CC3=CC=CC=C3C=C2,432.204907,12,5.6463,0,5,1,80.48,
CHEMBL257345,CC1=C(N=C(O1)C2=CC=CC=C2)CCOC3=CC=C(C=C3)CCC4=C(CCN(C4)C(=O)OCC(C)C)C(=O)O,532.257337,11,6.08362,0,6,1,102.1,
CHEMBL5405660,CC1=CC(=CC(=C1OC(C)(C)C(=O)O)C)CN2C(=O)C(N(C2=O)C3=CC=C(C=C3)C(F)(F)F)(C)C,492.187207,6,5.31164,0,4,1,87.15,
CHEMBL456974,CCC(CC1=CC(=C(C=C1F)OCC)CNC(=O)C2=CC=C(C=C2)C34CC5CC(C3)CC(C5)C4)C(=O)O,507.278487,10,6.2755,0,3,2,75.63,
CHEMBL1779474,CCC(CC1=CC(=C(C=C1)OC)CNC(=O)C2=CC(=CC=C2)OC3=CC=CC=C3)C(=O)O,433.188923,10,5.0708,0,4,2,84.86,
CHEMBL197866,CCC(C(=O)O)C1CCc2cc(OCCc3nc(-c4ccc5c(c4)OCO5)oc3C)ccc21,449.183838,8,5.14082,0,6,1,91.02,
CHEMBL200760,CCC1=C(N=C(O1)C2=CC=CC=C2)CCOC3=CC4=C(C=C3)C(CC4)C(CC)C(=O)O,419.209658,9,5.6661,0,4,1,72.56,
CHEMBL248118,CC(C)(C(=O)O)OC1=CC=CC(=C1)CN(CCCOC2=CC=CC=C2)C3=NC4=CC=CC=C4O3,460.199822,11,5.5455,0,6,1,85.03,
CHEMBL237710,CC1=C(C=CC(=C1)OC2=CC=CC(=C2)CNC(=O)C3=C(C=C(C=C3)C(F)(F)F)OC4=CC=CC=C4)OC(C)(C)C(=O)O,579.186872,10,7.77042,0,5,2,94.09,
CHEMBL468160,Cc1ccc(-c2nc(CCOc3ccc(C[C@H]4CO[C@@](C)(C(=O)O)OC4)cc3)c(C)o2)s1,457.155909,8,4.64774,0,7,1,91.02,
CID_44577685,CC1=CC=C(S1)C2=NC(=C(O2)C)CCOC3=CC=C(C=C3)CC4COC(OC4)(C)C(=O)O,457.155909,8,4.64774,0,7,1,91.02,
CHEMBL187258,CC1=C(N=C(O1)C2=CC=CC=C2)CCOC3=CC=C(C=C3)CC(C)(C(=O)O)OC4=CC=C(C=C4)C(C)(C)C,513.251523,10,7.03382,0,5,1,81.79,
CHEMBL512789,Cc1oc(C(C)(C)C)nc1CCOc1ccc(C[C@H]2CO[C@@](C)(C(=O)O)OC2)cc1,417.215138,7,3.90832,0,6,1,91.02,
CID_44577687,CC1=C(N=C(O1)C(C)(C)C)CCOC2=CC=C(C=C2)CC3COC(OC3)(C)C(=O)O,417.215138,7,3.90832,0,6,1,91.02,
CHEMBL205725,CCCC1=C(C=CC(=C1)OC2=CC=C(C=C2)F)OCCCOC3=CC=C(C=C3)OC(C)(C)C(=O)O,482.210467,13,6.6604,0,5,1,74.22,
CID_44577535,CC1=CC=C(C=C1)C2=NC(=C(O2)C)CCOC3=CC=C(C=C3)CC4COC(OC4)(C)C(=O)O,451.199488,8,4.58624,0,6,1,91.02,
CHEMBL513145,Cc1ccc(-c2nc(CCOc3ccc(C[C@H]4CO[C@@](C)(C(=O)O)OC4)cc3)c(C)o2)cc1,451.199488,8,4.58624,0,6,1,91.02,
CHEMBL1644310,C/C(=N\OCc1nc(-c2ccc(C)cc2)oc1C)c1ccc(OCC(=O)O)c(C)c1,408.168522,8,4.67106,0,6,1,94.15,
CID_24949596,CC1=CC=C(C=C1)C2=NC(=C(O2)C)CON=C(C)C3=CC(=C(C=C3)OCC(=O)O)C,408.168522,8,4.67106,0,6,1,94.15,
CHEMBL514568,CC1=C(N=C(O1)C2=CC=C(C=C2)C(C)(C)C)CCOC3=CC4=C(CC(C(=O)O4)C(=O)OC)C=C3,463.199488,6,4.81972,0,7,0,87.86,
CHEMBL203940,CC(C)(C(=O)O)OC1=CC=C(C=C1)OCCOC2=C(C=C(C=C2)OC3=CC=C(C=C3)F)Cl,460.108894,10,5.9712,0,5,1,74.22,
CHEMBL5278892,C[C@H]1CN(c2nc3ccc(Cl)cc3s2)CCN1CCOc1cc(CC(=O)O)ccc1Cl,479.083718,7,4.8197,0,6,1,65.9,
CHEMBL5281528,C[C@@H]1CN(c2nc3ccc(Cl)cc3s2)CCN1CCOc1cc(CC(=O)O)ccc1Cl,479.083718,7,4.8197,0,6,1,65.9,
CID_57966407,CC1CN(CCN1CCOC2=C(C=CC(=C2)CC(=O)O)Cl)C3=NC4=C(S3)C=C(C=C4)Cl,479.083718,7,4.8197,0,6,1,65.9,
CHEMBL21706,CC(C)(C(=O)O)SC1=CC=C(C=C1)CCN(CCCCC2CCCCC2)C(=O)NC3=CC(=CC(=C3)Cl)Cl,564.198019,12,8.7759,0,3,2,69.64,
CHEMBL557555,CC(C)(C(=O)O)OC1=CC=C(C=C1)C2CC2(Cl)Cl,288.032,4,3.5898,0,2,1,46.53,
CHEMBL6168093,CC1=C(C=CC(=C1)SCC2=NN=C(S2)C3=CC=C(C=C3)OC(C)(C)C)OCC(=O)O,444.117749,8,5.44652,0,7,1,81.54,
CHEMBL4461949,CC(C)(Oc1ccc(OCCc2ccc(/N=N/c3ccc(Cl)cc3)cc2)cc1)C(=O)O,438.134635,9,6.6189,0,5,1,80.48,
CID_155528955,CC(C)(C(=O)O)OC1=CC=C(C=C1)OCCC2=CC=C(C=C2)N=NC3=CC=C(C=C3)Cl,438.134635,9,6.6189,0,5,1,80.48,
CHEMBL483341,CC1=C(N=C(O1)C2=CC=CC=C2)CCOC3=C4C=CSC4=C(C=C3)CC(C(=O)O)OCC(C)C,479.176644,11,6.15452,0,6,1,81.79,
CHEMBL1222408,CCC(CC1=CC(=C(C=C1)OC)CNC(=O)C2=CC=C(C=C2)OC3=CC=CC=C3)C(=O)O,433.188923,10,5.0708,0,4,2,84.86,
CHEMBL390005,CC[C@H](COc1ccc(C(F)(F)F)cc1)CSc1ccc(OCC(=O)O)c(C)c1,428.126915,10,5.67452,0,4,1,55.76,
CHEMBL230063,CCC(COC1=CC=C(C=C1)C(F)(F)F)CSC2=CC(=C(C=C2)OCC(=O)O)C,428.126915,10,5.67452,0,4,1,55.76,
CHEMBL456752,CCC(CC1=CC(=C(C=C1)OC)CNC(=O)C2=C(C=C(C=C2)C34CC5CC(C3)CC(C5)C4)F)C(=O)O,493.262837,9,5.8854,0,3,2,75.63,
CHEMBL397331,CCO[C@@H](Cc1ccc(OC/C=C/c2cc(OC)cc(OC)c2)cc1)C(=O)O,386.172939,11,3.8282,0,5,1,74.22,
CID_44441214,CCOC(CC1=CC=C(C=C1)OCC=CC2=CC(=CC(=C2)OC)OC)C(=O)O,386.172939,11,3.8282,0,5,1,74.22,
CHEMBL218637,CC1=C(SC(=N1)C2=CC=C(C=C2)[N+](=O)[O-])C(=O)NCC3=CC=C(C=C3)OC(C)(C)C(=O)O,455.115106,8,4.19872,0,7,2,131.66,
CHEMBL3103197,CCOC(C1CC1C2=CC(=C(C(=C2)C)OC(C)(C)C(=O)O)C)C3=CC=C(C=C3)OC(F)(F)F,466.196709,9,6.32534,0,4,1,64.99,
CHEMBL198163,CCCCCOC1=CC2=CC=CC=C2C=C1C(CC#CCCCC(=O)[O-])O.[Na+],390.180704,10,0.7599,0,4,1,69.59,
CHEMBL5402111,CC1=CC(=CC(=C1OC(C)(C)C(=O)O)C)CN2C(=O)CN(C2=O)C3=CC(=C(C=C3)C(F)(F)F)Cl,498.116934,6,5.18644,0,4,1,87.15,
CHEMBL384203,CCOC(CC1=CC2=C(C=C1)N(C=C2C)CC3=C(OC(=N3)C4=CC=C(C=C4)C(F)(F)F)C)C(=O)O,486.176642,8,6.01244,0,5,1,77.49,
CHEMBL173386,CCCC1=C(C=CC2=C1ON=C2C3=CC=CC=C3)OCCCCOC4=CC=C(C=C4)C(C)(C)CC(=O)O,501.251523,13,7.4376,0,5,1,81.79,
CHEMBL79426,Cc1oc(-c2cccs2)nc1CCOc1ccc(C[C@@](C)(Oc2ccccc2)C(=O)O)cc1,463.145344,10,5.79782,0,6,1,81.79,
CHEMBL77502,Cc1oc(-c2cccs2)nc1CCOc1ccc(C[C@](C)(Oc2ccccc2)C(=O)O)cc1,463.145344,10,5.79782,0,6,1,81.79,
CHEMBL82602,CC1=C(N=C(O1)C2=CC=CS2)CCOC3=CC=C(C=C3)CC(C)(C(=O)O)OC4=CC=CC=C4,463.145344,10,5.79782,0,6,1,81.79,
CHEMBL4074391,C1=CC=C(C=C1)S(=O)(=O)N2C3=C(C=C(C=C3)Cl)C=C2CCC(=O)O,363.033207,5,3.5489,0,4,1,76.37,
CHEMBL178309,CC(C)c1ccc(OCCCOc2ccc3c(c2)O[C@@](C)(C(=O)O)CC3)c(Cl)c1,418.154702,8,5.4796,0,4,1,64.99,
CID_44388866,CC(C)C1=CC(=C(C=C1)OCCCOC2=CC3=C(CCC(O3)(C)C(=O)O)C=C2)Cl,418.154702,8,5.4796,0,4,1,64.99,
CID_10224783,CCC1(CCC2=C(O1)C=C(C=C2)OCCCOC3=C(C=C(C=C3)C(C)C)Cl)C(=O)O,432.170352,9,5.8697,0,4,1,64.99,
CHEMBL361166,CC[C@]1(C(=O)O)CCc2ccc(OCCCOc3ccc(C(C)C)cc3Cl)cc2O1,432.170352,9,5.8697,0,4,1,64.99,
CHEMBL248113,CCOc1cc(/C=C/COc2ccc(C[C@H](OCC)C(=O)O)cc2)cc(OCC)c1,414.204239,13,4.6084,0,5,1,74.22,
CID_44441215,CCOC1=CC(=CC(=C1)C=CCOC2=CC=C(C=C2)CC(C(=O)O)OCC)OCC,414.204239,13,4.6084,0,5,1,74.22,
CHEMBL6174977,CC1=CC=C(C=C1)N2CCN(C2=O)CC3=CC(=C(C(=C3)C)OC(C)(C)C(=O)O)C,396.204907,6,4.29606,0,3,1,70.08,
CHEMBL278590,CCCCCCCN(CCC1=CC=C(C=C1)SC(C)(C)C(=O)O)C(=O)NC2=C(C=C(C=C2)F)F,492.22582,13,6.9671,0,3,2,69.64,
CHEMBL21105,CC1=CC(=C(C=C1)OC)NC(=O)N(CCC2=CC=C(C=C2)C3=CC=CC=C3)CCC4=CC=C(C=C4)SC(C)(C)C(=O)O,582.255229,12,7.94522,0,4,2,78.87,
CHEMBL5193822,C1=CC=C(C=C1)COC(=O)NC(CSCC2=CC=C(C=C2)C3=CC=C(C=C3)Cl)C(=O)O,455.095807,9,5.6198,0,4,2,75.63,
CHEMBL410704,Cc1ccc(-c2nc(CCCC[C@H]3CO[C@@](C)(C(=O)O)OC3)c(C)o2)cc1F,391.179501,7,4.27414,0,5,1,81.79,
CID_10178534,CC1=C(C=C(C=C1)C2=NC(=C(O2)C)CCCCC3COC(OC3)(C)C(=O)O)F,391.179501,7,4.27414,0,5,1,81.79,
CHEMBL191556,CCCc1cc2c(=O)n(C(C)C)oc2c(CCC)c1O[C@H](C(=O)O)c1ccc(C(C)C)cc1,453.251523,10,6.4085,0,5,1,81.67,
CID_11419635,CCCC1=CC2=C(C(=C1OC(C3=CC=C(C=C3)C(C)C)C(=O)O)CCC)ON(C2=O)C(C)C,453.251523,10,6.4085,0,5,1,81.67,
CHEMBL279053,CCCC1=C(C=CC2=C1ON=C2CC)OCCCSC3=C(C=C(C=C3)CC(=O)O)Cl,447.127107,11,6.1844,0,5,1,72.56,
CHEMBL1091196,CC1=C(N=C(O1)C2=CC=C(C=C2)Cl)COC3=CC=CC(=C3)CN(CC(=O)O)C(=O)OCC4CC4,484.140114,10,5.31562,0,6,1,102.1,
CHEMBL230269,C=CCOC(COc1ccc(C(F)(F)F)cc1)CSc1ccc(OCC(=O)O)c(C)c1,456.121829,12,5.21952,0,5,1,64.99,
CHEMBL199579,CCC(C(=O)O)C1CCc2cc(OCCc3nc(-c4ccc(C(C)(C)C)cc4)oc3C)ccc21,461.256609,8,6.70962,0,4,1,72.56,
CHEMBL376325,CCC(CC1=CN=C(C=C1)OCCC2=C(OC(=N2)C3=CC=CC=C3)C)C(=O)O,380.173607,9,4.31982,0,5,1,85.45,
CHEMBL1090188,CC1=CC=C(C=C1)OC(=O)N(CC2=CC(=CC=C2)OCC3=C(OC(=N3)C4=CC=C(C=C4)C#N)C)CC(=O)O,511.174336,9,5.49472,0,7,1,125.89,
CHEMBL189066,CCCC1=C(C(=CC(=C1)C(=O)CC)C)OC(C2=CC=C(C=C2)C(C)C)C(=O)O,382.214409,9,5.86832,0,3,1,63.6,
CHEMBL232597,CC1=C(C=CC(=C1)SCC2=NSC(=N2)C3=CC=C(C=C3)OC(F)(F)F)OC(C)(C)C(=O)O,484.073834,8,5.94642,0,7,1,81.54,
CHEMBL396154,CCO[C@@H](Cc1ccc(OC/C=C/c2cc(OC(C)C)cc(OC(C)C)c2)cc1)C(=O)O,442.235539,13,5.3854,0,5,1,74.22,
CID_44441216,CCOC(CC1=CC=C(C=C1)OCC=CC2=CC(=CC(=C2)OC(C)C)OC(C)C)C(=O)O,442.235539,13,5.3854,0,5,1,74.22,
CHEMBL400309,CC1=C(N=C(O1)C2=CC=CC=C2)CCOC3=CC4=C(C=C3)C(CC4)CC(=O)O,377.162708,7,4.77602,0,4,1,72.56,
CHEMBL2204600,CC1=C(N=C(O1)C2=CC(=CC=C2)Br)CN(CC3=CC=C(C=C3)OC(C)(C)C(=O)O)CC4=CC=CO4,538.110334,10,6.44992,0,6,1,88.94,
CHEMBL2312703,CC(C)c1ccccc1-c1ccc(O[C@H](Cc2ccccc2)C(=O)O)cc1,360.172545,7,5.5517,0,2,1,46.53,
CHEMBL2312702,CC(C)c1ccccc1-c1ccc(O[C@@H](Cc2ccccc2)C(=O)O)cc1,360.172545,7,5.5517,0,2,1,46.53,
CID_70680568,CC(C)C1=CC=CC=C1C2=CC=C(C=C2)OC(CC3=CC=CC=C3)C(=O)O,360.172545,7,5.5517,0,2,1,46.53,
CHEMBL3103196,CC1=CC(=CC(=C1OC(C)(C)C(=O)O)C)C2CC2C(C3=CC=C(C=C3)OC(F)(F)F)OCCC4CCCCC4,548.274959,11,8.27584,0,4,1,64.99,
CHEMBL3318040,CCCCCCC(C(=O)O)SC1=NC(=CC(=N1)Cl)NC2=CC=C(C=C2)OC3=CC=CC=C3,471.13834,12,7.1816,0,6,2,84.34,
CHEMBL429824,CCC(C(=O)O)OC1=CC=CC(=C1)CN(CCCOC2=CC3=C(C=C2)OCO3)C4=NC5=CC=CC=C5O4,504.189651,12,5.2742,0,8,1,103.49,
CHEMBL1087582,CC1=CC(=CC=C1)C2=NC(=CO2)COC3=CC=CC(=C3)CN(CC(=O)O)C(=O)OC,410.147786,8,3.88202,0,6,1,102.1,
CHEMBL237518,CC1=CC(=CC(=C1)OC2=CC(=C(C=C2)OC(C)(C)C(=O)O)C)CNC(=O)C3=C(C=C(C=C3)C(F)(F)F)F,519.166886,8,6.42564,0,4,2,84.86,
CHEMBL246272,CC1=C(N=C(O1)C2=CC=CC=C2)CCOC3=CC=CC(=C3)CN(CC4=CC=C(C=C4)OC5=CC=CC=C5)CC(=O)O,548.231122,13,7.15062,0,6,1,85.03,
CHEMBL5078556,CC1=CC(=CC(=C1OC(C)(C)C(=O)O)C)CN2C(=O)N(C=N2)C3=CC=C(C=C3)C(F)(F)F,449.156241,6,3.95994,0,6,1,86.35,
CHEMBL200138,CCC(C(=O)O)C1CCc2cc(OCCc3nc(-c4ccc5c(c4)OCC5)oc3C)ccc21,447.204573,8,5.34702,0,5,1,81.79,
CHEMBL4062472,C1=CC=C2C(=C1)C=CC=C2S(=O)(=O)N3C4=C(C=C(C=C4)Cl)C=C3CCCC(=O)O,427.064507,6,5.0922,0,4,1,76.37,
CHEMBL1088515,COc1cccc(OC(=O)N(CC(=O)O)[C@@H](C)c2cccc(OCc3coc(-c4ccc(Cl)cc4)n3)c2)c1,536.135029,10,6.2292,0,7,1,111.33,
CID_46861800,CC(C1=CC(=CC=C1)OCC2=COC(=N2)C3=CC=C(C=C3)Cl)N(CC(=O)O)C(=O)OC4=CC=CC(=C4)OC,536.135029,10,6.2292,0,7,1,111.33,
CHEMBL231531,CC1=C(C=CC(=C1)SCC(COC2=CC=C(C=C2)C(F)(F)F)COC3=CC=C(C=C3)C(F)(F)F)OCC(=O)O,574.124864,12,7.36232,0,5,1,64.99,
CHEMBL375760,CC1=C(SC(=N1)C2=CC(=CC=C2)C(F)(F)F)C(=O)NCC3=CC=C(C=C3)OC(C)(C)C(=O)O,478.117413,7,5.30932,0,5,2,88.52,
CHEMBL345009,CCO[C@@H](Cc1ccc(OC/C=C/C#Cc2cccc(C#C/C=C/COc3ccc(C[C@H](OCC)C(=O)O)cc3)c2)cc1)C(=O)O,622.256668,16,5.7244,0,6,2,111.52,
CID_9960726,CCOC(CC1=CC=C(C=C1)OCC=CC#CC2=CC(=CC=C2)C#CC=CCOC3=CC=C(C=C3)CC(C(=O)O)OCC)C(=O)O,622.256668,16,5.7244,0,6,2,111.52,
CHEMBL474157,CC1=C(N=C(O1)C2=CC=CC=C2)CCOC3=CC=CC(=C3)CC4=CN(C=C4C(=O)O)C5=CC=CC=C5,478.189257,9,6.35122,0,5,1,77.49,
CHEMBL109638,C[C@]1(C(=O)O)CCc2ccc(OCCCOc3ccc(Oc4ccccc4)cc3Cl)cc2O1,468.133966,9,6.1485,0,5,1,74.22,
CHEMBL111480,CC1(CCC2=C(O1)C=C(C=C2)OCCCOC3=C(C=C(C=C3)OC4=CC=CC=C4)Cl)C(=O)O,468.133966,9,6.1485,0,5,1,74.22,
CHEMBL1813007,CCO[C@@H](Cc1ccc(OCc2nc(-c3ccc(-c4ccccc4)s3)oc2C)cc1)C(=O)O,463.145344,10,5.98972,0,6,1,81.79,
CID_56676523,CCOC(CC1=CC=C(C=C1)OCC2=C(OC(=N2)C3=CC=C(S3)C4=CC=CC=C4)C)C(=O)O,463.145344,10,5.98972,0,6,1,81.79,
CHEMBL220926,CC1=C(SC(=N1)C2=CC=C(C=C2)C(F)(F)F)C(=O)N(C)CC3=CC=C(C=C3)OC(C)(C)C(=O)O,492.133063,7,5.65152,0,5,1,79.73,
CHEMBL427530,CCCc1cc2c(=O)n(C)oc2c(CCC)c1O[C@H](C(=O)O)c1ccccc1,383.173273,8,4.2412,0,5,1,81.67,
CID_11234452,CCCC1=CC2=C(C(=C1OC(C3=CC=CC=C3)C(=O)O)CCC)ON(C2=O)C,383.173273,8,4.2412,0,5,1,81.67,
CHEMBL399629,CCOC(=O)C(Cc1ccc(OCCN2CCC(C)(C)c3cc(/C(=N\OC)c4ccccc4)ccc32)cc1)OCC,558.309372,13,6.1628,0,7,0,69.59,
CHEMBL254054,CCOC(=O)[C@H](Cc1ccc(OCCN2CCC(C)(C)c3cc(/C(=N\OC)c4ccccc4)ccc32)cc1)OCC,558.309372,13,6.1628,0,7,0,69.59,
CID_44447160,CCOC(CC1=CC=C(C=C1)OCCN2CCC(C3=C2C=CC(=C3)C(=NOC)C4=CC=CC=C4)(C)C)C(=O)OCC,558.309372,13,6.1628,0,7,0,69.59,
CHEMBL231523,CCCO/N=C(\C)C(Cc1ccc(OCCc2nc(-c3ccccc3)oc2C)cc1)C(=O)O,450.215472,12,5.31732,0,6,1,94.15,
CID_11751301,CCCON=C(C)C(CC1=CC=C(C=C1)OCCC2=C(OC(=N2)C3=CC=CC=C3)C)C(=O)O,450.215472,12,5.31732,0,6,1,94.15,
CHEMBL331388,COC(=O)C(CC1=CC=C(C=C1)OCCOC2=CC3=CC=CC=C3C=C2)C(=O)O,394.141638,9,3.7139,0,5,1,82.06,
CHEMBL404646,COc1cccc(-c2nc(CCOc3cccc(C[C@@H]4C(=O)N(c5ccc(C(C)(C)C)cc5)[C@@H]4C(=O)O)c3)c(C)o2)c1,568.257337,10,6.23632,0,6,1,102.1,
CID_10257392,CC1=C(N=C(O1)C2=CC(=CC=C2)OC)CCOC3=CC=CC(=C3)CC4C(N(C4=O)C5=CC=C(C=C5)C(C)(C)C)C(=O)O,568.257337,10,6.23632,0,6,1,102.1,
CHEMBL403637,CC1=CSC(=N1)C2=CC=C(C=C2)C(=O)NCC3=CC=C(C=C3)NS(=O)(=O)C(F)(F)F,455.058518,6,4.31002,0,5,2,88.16,
CHEMBL281791,CC1=C(C=C(C=C1)NC(=O)N(CCCCC2CCCCC2)CCC3=CC=C(C=C3)SC(C)(C)C(=O)O)[N+](=O)[O-],555.276692,13,7.68572,0,5,2,112.78,
CHEMBL4454999,CC1=CC(=C2C(=NN(C2=N1)C3=CC=C(C=C3)Cl)C(C)C)C(=O)O,329.093104,3,4.20392,0,4,1,68.01,
CHEMBL2158959,CCCOc1ccc(C[C@H](CCc2ccccc2)C(=O)O)cc1CNC(=O)c1ccc(C23CC4CC(CC(C4)C2)C3)cc1,579.334859,13,7.7493,0,3,2,75.63,
CID_56929315,CCCOC1=C(C=C(C=C1)CC(CCC2=CC=CC=C2)C(=O)O)CNC(=O)C3=CC=C(C=C3)C45CC6CC(C4)CC(C6)C5,579.334859,13,7.7493,0,3,2,75.63,
CHEMBL5416531,C1=CC(c2nc(-c3cccnc3)no2)=CC1,211.074562,2,2.4749,0,4,0,51.81,
CHEMBL6164730,CC1=CC(=CC(=C1OC(C)(C)C(=O)O)C)CN2CCN(C2=O)C3=CC=C(C=C3)F,400.179836,6,4.12674,0,3,1,70.08,
CHEMBL5910841,Cc1cc(/C=C/C(=O)c2cc3ccccc3nc2C(F)(F)F)cc(C)c1OC(C)(C)C(=O)O,457.150093,6,6.00854,0,4,1,76.49,
CID_142599781,CC1=CC(=CC(=C1OC(C)(C)C(=O)O)C)C=CC(=O)C2=CC3=CC=CC=C3N=C2C(F)(F)F,457.150093,6,6.00854,0,4,1,76.49,
CID_10137693,CC(C)CC1=CC(=C(C=C1)OCCCOC2=CC3=C(CCC(O3)(C)C(=O)O)C=C2)Cl,432.170352,9,5.5547,0,4,1,64.99,
CHEMBL180019,CC(C)Cc1ccc(OCCCOc2ccc3c(c2)O[C@@](C)(C(=O)O)CC3)c(Cl)c1,432.170352,9,5.5547,0,4,1,64.99,
CHEMBL2112051,CCO[C@H](Cc1ccc(OC/C=C/C#Cc2ccccc2)cc1)C(=O)O,350.151809,8,3.7055,0,3,1,55.76,
CID_11393977,CCOC(CC1=CC=C(C=C1)OCC=CC#CC2=CC=CC=C2)C(=O)O,350.151809,8,3.7055,0,3,1,55.76,
CHEMBL446893,CCO[C@@H](Cc1ccc(OC/C=C/C#Cc2ccccc2)cc1)C(=O)O,350.151809,8,3.7055,0,3,1,55.76,
CHEMBL221074,CC1=C(SC(=N1)C2=CC=C(C=C2)C(C)(C)C)C(=O)NCC3=CC=C(C=C3)OC(C)(C)C(=O)O,466.192628,7,5.58802,0,5,2,88.52,
CHEMBL558072,CCCCC(C(=O)O)SC1=CC=C(C=C1)OCCCOC2=CC=CC3=C2CCCC3,428.202131,12,6.1488,0,4,1,55.76,
CHEMBL440758,CCC(C(=O)O)C1CCc2cc(OCCc3nc(-c4ccc(C(F)(F)F)cc4)oc3C)ccc21,473.181393,8,6.43092,0,4,1,72.56,
CHEMBL492535,CCCC1=C(C=CC(=C1)C(=O)C2=CC=C(C=C2)OC)OCCCN3C=CC4=C3C=CC(=C4)OC(C)(C)C(=O)O,529.246438,13,6.5445,0,6,1,86.99,
CHEMBL1087466,COC(=O)N(CC(=O)O)Cc1cccc(OCc2coc(-c3ccc(F)c(Cl)c3)n2)c1,448.083742,8,4.3661,0,6,1,102.1,
CHEMBL390199,CC1=C(C=CC(=C1)SCC(CCC2=CC=C(C=C2)C(F)(F)F)OCSC)OCC(=O)O,474.114636,12,5.90782,0,5,1,55.76,
CHEMBL4436335,CC1=CC(=CC(=C1OC(C)(C)C(=O)O)C)CCC2=NOC(=C2)C3=CC=C(C=C3)Br,457.08887,7,5.74814,0,4,1,72.56,
CHEMBL362759,CC1=C(N=C(O1)C2=CC=C(C=C2)C3=CC=CC=C3)CCOC4=CC=C(C=C4)CC(C)(C(=O)O)OC5=CC=C(C=C5)C(C)(C)C,589.282823,11,8.70082,0,5,1,81.79,
CHEMBL1494365,CCCCCOC(=O)C1=CC=C(C=C1)NC(=O)C2=CC(=CC=C2)NC(=O)C3=CC=CC=C3C(=O)O,474.179087,10,5.2364,0,5,3,121.8,
CHEMBL5081430,CC1=CC(=CC(=C1OC(C)(C)C(=O)O)C)SCN2C(=O)N(C=N2)C3=CC=C(C=C3)C(F)(F)F,481.128312,7,4.66144,0,7,1,86.35,
CHEMBL1630384,CC1=C(C=CC(=C1)[Se]CC2=C(N=C(S2)C3=CC(=C(C=C3)C(F)(F)F)F)C)OC(C)(C)C(=O)O,547.034349,7,5.35654,0,4,1,59.42,
CHEMBL433306,CC1=CC=CC=C1C2=NC(=NO2)COC3=CC=C(C=C3)CC(C(=O)O)OC(C)C,396.168522,9,4.04472,0,6,1,94.68,
CHEMBL5589777,CC1(CC/C=N/Nc2ncc(Cl)cc2C(F)(F)F)CCc2cc(OCc3ccc(F)cc3)ccc2O1,521.149318,8,7.4337,0,5,1,55.74,
CID_177382463,CC1(CCC2=C(O1)C=CC(=C2)OCC3=CC=C(C=C3)F)CCC=NNC4=C(C=C(C=N4)Cl)C(F)(F)F,521.149318,8,7.4337,0,5,1,55.74,
CHEMBL221474,CC1=C(N=C(O1)C2=CC=C(C=C2)Cl)CCOC3=NC=C(C=C3)CC4(CCCO4)C(=O)O,442.12955,8,4.49622,0,6,1,94.68,
CHEMBL373685,CC1=C(N=C(O1)C2=CC=C(C=C2)OC3=CC=CC=C3)CCOC4=CC(=C(C=C4)CCC(=O)O)CNC(=O)OC(C)C,558.236601,13,6.71562,0,7,2,120.12,
CHEMBL3103198,CC1=CC(=CC(=C1OC(C)(C)C(=O)O)C)C2CC2C(C3=CC=C(C=C3)OC(F)(F)F)OC(=O)C4=CC=CC=C4,542.191623,9,7.14584,0,5,1,82.06,
CHEMBL594034,Cc1oc(-c2ccccc2)nc1CCCc1ccc(C[C@@H](C(=O)O)n2nccn2)cc1,416.184841,9,4.28522,0,6,1,94.04,
CHEMBL593796,CC1=C(N=C(O1)C2=CC=CC=C2)CCCC3=CC=C(C=C3)CC(C(=O)O)N4N=CC=N4,416.184841,9,4.28522,0,6,1,94.04,
CHEMBL5750266,COc1ccc2cc(C(=O)/C=C/c3cc(C)c(OC(C)(C)C(=O)O)c(C)c3)c(OC)nc2c1,449.183838,8,5.00694,0,6,1,94.95,
CID_142599782,CC1=CC(=CC(=C1OC(C)(C)C(=O)O)C)C=CC(=O)C2=C(N=C3C=C(C=CC3=C2)OC)OC,449.183838,8,5.00694,0,6,1,94.95,
CHEMBL2204599,CC1=C(N=C(O1)C2=CC=CC=C2)CN(CC3=CC=C(C=C3)OC(C)(C)C(=O)O)CC4=CC=CO4,460.199822,10,5.68742,0,6,1,88.94,
CHEMBL372825,CCC(C(=O)O)C1CCc2cc(OCCc3nc(-c4ccccc4)sc3C)ccc21,421.171165,8,5.88062,0,4,1,59.42,
CHEMBL1813008,CCO[C@@H](Cc1ccc(OCCc2nc(-c3cccs3)oc2C)cc1)C(=O)O,401.129694,10,4.36522,0,6,1,81.79,
CID_56669689,CCOC(CC1=CC=C(C=C1)OCCC2=C(OC(=N2)C3=CC=CS3)C)C(=O)O,401.129694,10,4.36522,0,6,1,81.79,
CHEMBL520508,CCCCCCC#CC1=CC(=O)[C@H](CCCCCCC)[C@@H]1OCCCCCC(=O)O,418.30831,17,6.4762,0,3,1,63.6,
CHEMBL485179,CCCCCCC#CC1=CC(=O)[C@H](CCCCCCC)[C@H]1OCCCCCC(=O)O,418.30831,17,6.4762,0,3,1,63.6,
CID_16222636,CCCCCCCC1C(C(=CC1=O)C#CCCCCCC)OCCCCCC(=O)O,418.30831,17,6.4762,0,3,1,63.6,
CHEMBL470383,C=C(COc1ccc(N(C)C)cc1)CSc1ccc(OCC(=O)O)c(C)c1,387.150429,10,4.25172,0,5,1,59.0,
CHEMBL483351,CC1=CC=CC=C1C2=NC(=C(O2)C)CCOC3=CC=C(C4=CC=CC=C43)CC(C(=O)O)OC,445.188923,9,5.37524,0,5,1,81.79,
CHEMBL355695,CCO[C@@H](Cc1ccc(OCCn2c3ccc(Br)cc3c3cc(Br)ccc32)cc1)C(=O)O,558.999382,9,6.4307,0,4,1,60.69,
CID_11049998,CCOC(CC1=CC=C(C=C1)OCCN2C3=C(C=C(C=C3)Br)C4=C2C=CC(=C4)Br)C(=O)O,558.999382,9,6.4307,0,4,1,60.69,
CHEMBL360552,CCO[C@@H](Cc1ccc(OC/C=C(/C)C#Cc2ccccc2)cc1)C(=O)O,364.167459,8,4.0956,0,3,1,55.76,
CID_44389733,CCOC(CC1=CC=C(C=C1)OCC=C(C)C#CC2=CC=CC=C2)C(=O)O,364.167459,8,4.0956,0,3,1,55.76,
CHEMBL552347,CCCCC(C(=O)O)SC1=CC=C(C=C1)OCCCOC2=CC=CC=C2,374.15518,12,5.27,0,4,1,55.76,
CHEMBL118816,C1CC2=C(C=C(C=C2)OCCOC3=CC=C(C=C3)CC(C(=O)N)C(=O)O)NC1,384.168522,9,2.2311,0,5,3,110.88,
CHEMBL310962,CC(C)OC(CC1=CC=C(C=C1)OCC2=NOC(=N2)C3=CC=C(C=C3)Br)C(=O)O,460.063384,9,4.4988,0,6,1,94.68,
CHEMBL261555,CC1=C(C=CC(=C1)OCC2=NC(=NS2)C3=CC(=C(C=C3)OC(F)(F)F)Cl)OC(C)(C)C(=O)O,502.057705,8,5.88652,0,7,1,90.77,
CHEMBL6167224,CCC1=CC=C(C=C1)N2CCN(C2=O)CC3=CC(=C(C(=C3)C)OC(C)(C)C(=O)O)C,410.220557,7,4.55004,0,3,1,70.08,
CHEMBL5089010,CCC1=CC(=CC(=C1OC(C)(C)C(=O)O)CC)CN2C(=O)N(C=N2)C3=CC=C(C=C3)OC(F)(F)F,493.182456,9,4.3477,0,7,1,95.58,
CHEMBL265364,CCOC(CC1=CC2=C(C=C1)N(C=C2)CC3=C(OC(=N3)C4=CC(=C(C=C4)F)C)C)C(=O)O,436.179835,8,5.13274,0,5,1,77.49,
CHEMBL508299,Cc1oc(-c2ccc(-c3ccccc3)cc2)nc1CCOc1ccc(C[C@H](OCC(F)(F)F)C(=O)O)c2ccccc12,575.191958,11,7.66632,0,5,1,81.79,
CID_44591805,CC1=C(N=C(O1)C2=CC=C(C=C2)C3=CC=CC=C3)CCOC4=CC=C(C5=CC=CC=C54)CC(C(=O)O)OCC(F)(F)F,575.191958,11,7.66632,0,5,1,81.79,
CHEMBL25710,CCCC1=C(C=CC(=C1O)C(=O)CC)OCCCSC2=C(C=C(C=C2)CC(=O)O)Cl,450.126773,12,5.7791,0,5,2,83.83,
CHEMBL477312,CCCCCCCN(CCC1=CC=C(C=C1)OC(C)(C)C(=O)O)C2=NC3=CC=CC=C3O2,438.251858,13,6.0893,0,5,1,75.8,
CHEMBL426550,CC1=C(N=C(O1)C2=CC(=CC=C2)OC)CCOC3=NC=C(C=C3)CC4(CCCO4)C(=O)O,438.179087,9,3.85142,0,7,1,103.91,
CHEMBL454651,CC(C)(C)C1=CC=C(C=C1)C2=NN(C(=C2)C(=O)NCC3=CC=C(C=C3)OC(C)(C)C(=O)O)C,449.231456,7,4.5566,0,5,2,93.45,
CHEMBL1934468,CC1=C(SC(=N1)C2=CC=C(C=C2)Cl)NC(=O)C3CCCN(C3)C4=CC=CC(=C4)C(=O)O,455.10704,5,5.32522,0,5,2,82.53,
CHEMBL4448919,CN(CC1=CC=C(C=C1)OCC2=CC=C(C=C2)F)C3=CC=CC(=C3)C(=O)O,365.142722,7,4.7393,0,3,1,49.77,
CHEMBL3354988,CCOC(=O)C1=C(Nc2ccc(OCC)cc2)S/C(=C/c2ccc(OCC(=O)O)c(OC)c2)C1=O,499.130088,11,4.1009,0,9,2,120.39,
CHEMBL3916538,C1=CC=C(C(=C1)CSC2=CC=C(C=C2)COC(=O)CC3=CC=C(C=C3)C(F)(F)F)C(=O)O,460.095615,8,5.9818,0,4,1,63.6,
CHEMBL381477,CCCC(CC1=CC=C(C=C1)OCCCOC2=C(C=C(C=C2)OC3=CC=C(C=C3)F)Cl)C(=O)O,486.16093,13,7.1627,0,4,1,64.99,
CHEMBL81592,CC1=C(N=C(O1)C2=CC=CC=C2)CCOC3=CC=C(C=C3)OC(C)(CC4=CC=CC=C4)C(=O)O,457.188923,10,5.73632,0,5,1,81.79,
CHEMBL230605,CC1=C(C=CC(=C1)SCC(COC2=CC=C(C=C2)C(F)(F)F)OCC3=CC=CC=C3)OCC(=O)O,506.13748,12,6.23372,0,5,1,64.99,
CHEMBL272175,Cc1ccc(-c2nc(CCCC[C@H]3CO[C@@](C)(C(=O)O)OC3)c(C)o2)c(C)c1,387.204573,7,4.44346,0,5,1,81.79,
CID_21866699,CC1=CC(=C(C=C1)C2=NC(=C(O2)C)CCCCC3COC(OC3)(C)C(=O)O)C,387.204573,7,4.44346,0,5,1,81.79,
CHEMBL391620,CCC(C(=O)O)OC1=CC=CC(=C1)CN(CCCOC2=CC(=C(C=C2)F)F)C3=NC4=CC=CC=C4O3,496.180978,12,5.8237,0,6,1,85.03,
CHEMBL207569,CC(C)(C(=O)O)OC1=CC=C(C=C1)OCC2=CC(=CC(=C2)C3=CC=C(C=C3)C(F)(F)F)C4=CC=C(C=C4)C(F)(F)F,574.157879,8,8.8792,0,3,1,55.76,
CHEMBL5919005,Cc1cc(/C=C/C(=O)c2cc3ccccc3nc2N2CCOCC2)cc(C)c1OC(C)(C)C(=O)O,474.215472,7,4.82634,0,6,1,88.96,
CID_142599788,CC1=CC(=CC(=C1OC(C)(C)C(=O)O)C)C=CC(=O)C2=CC3=CC=CC=C3N=C2N4CCOCC4,474.215472,7,4.82634,0,6,1,88.96,
CHEMBL119911,COC1=C(C=C(C=C1)CC(C(=O)O)OC)C(=O)NCC2=CC=C(C=C2)C(F)(F)F,411.129357,8,3.2861,0,4,2,84.86,
CHEMBL2035057,CC1=C(C=CC(=C1)SC(CC2CC2)C3=C(N=C(S3)C4=CC=C(C=C4)C(F)(F)F)C)OCC(=O)O,507.11497,9,7.54264,0,5,1,59.42,
CHEMBL4741090,C/C(=C\COc1ccccc1Cc1c(-c2ccc(-c3ccco3)cc2)ncn1C)CCC(=O)O,456.204907,10,6.1278,0,5,1,77.49,
CID_162646032,CC(=CCOC1=CC=CC=C1CC2=C(N=CN2C)C3=CC=C(C=C3)C4=CC=CO4)CCC(=O)O,456.204907,10,6.1278,0,5,1,77.49,
CHEMBL118756,CCCC1=C(C=CC(=C1)C2CCCCC2)OCCCOC3=CC=CC(=C3)C4C(=O)NC(=O)O4,451.235873,10,5.8422,0,5,1,73.86,
CHEMBL4872922,Cc1cc(COc2ccc3c(c2)O/C(=C\c2ccc(C(F)(F)F)cc2)C3=O)cc(C)c1OC(C)(C)C(=O)O,526.160323,7,6.75944,0,5,1,82.06,
CID_164624380,CC1=CC(=CC(=C1OC(C)(C)C(=O)O)C)COC2=CC3=C(C=C2)C(=O)C(=CC4=CC=C(C=C4)C(F)(F)F)O3,526.160323,7,6.75944,0,5,1,82.06,
CHEMBL4297530,CCO[C@@H](Cc1ccc(OCCn2c(C)ccc2-c2ccc(SC)cc2)cc1)C(=O)O,439.181729,11,5.29662,0,5,1,60.69,
CID_60151560,CCOC(CC1=CC=C(C=C1)OCCN2C(=CC=C2C3=CC=C(C=C3)SC)C)C(=O)O,439.181729,11,5.29662,0,5,1,60.69,
CHEMBL3957467,C1=CC(=CC=C1CCSC(CC2=CC=C(C=C2)CC(=O)OCC3=CC=C(C=C3)C(F)(F)F)C(=O)O)F,520.133143,11,6.102,0,4,1,63.6,
CHEMBL4093975,CC(=O)NC(C)c1nc(-c2ccc(OCCCOc3ccc(Oc4ccccc4)cc3)cc2)no1,473.195071,11,5.5739,0,7,1,95.71,
CHEMBL221641,CC1=C(N=C(O1)C2=CC=C(C=C2)C(F)(F)F)CCOC3=NC=C(C=C3)CC4(CCCO4)C(=O)O,476.155906,8,4.86162,0,6,1,94.68,
CHEMBL472245,O=C(O)[C@H](Cc1ccc(Oc2ccccc2)cc1)Oc1ccc(Cl)cc1,368.081537,7,5.207,0,3,1,55.76,
CHEMBL513244,O=C(O)[C@@H](Cc1ccc(Oc2ccccc2)cc1)Oc1ccc(Cl)cc1,368.081537,7,5.207,0,3,1,55.76,
CHEMBL472244,C1=CC=C(C=C1)OC2=CC=C(C=C2)CC(C(=O)O)OC3=CC=C(C=C3)Cl,368.081537,7,5.207,0,3,1,55.76,
CHEMBL176075,CC[C@]1(C(=O)O)CCc2ccc(OCCCOc3ccc(C4CCCCC4)cc3Cl)cc2O1,472.201652,9,6.794,0,4,1,64.99,
CID_10140233,CCC1(CCC2=C(O1)C=C(C=C2)OCCCOC3=C(C=C(C=C3)C4CCCCC4)Cl)C(=O)O,472.201652,9,6.794,0,4,1,64.99,
CHEMBL592234,C/C(=N\OCCCCO/N=C(/CCC(=O)O)c1ccccc1)c1ccc2c(c1)CCCC2,436.236208,12,5.3719,0,5,1,80.48,
CID_46229869,CC(=NOCCCCON=C(CCC(=O)O)C1=CC=CC=C1)C2=CC3=C(CCCC3)C=C2,436.236208,12,5.3719,0,5,1,80.48,
CHEMBL489178,CCO[C@@H](Cc1ccc(OCCN2CC=C(c3ccc(Cl)c(Cl)c3)CC2)cc1)C(=O)O,463.131714,10,5.1937,0,4,1,59.0,
CHEMBL490402,CCOC(CC1=CC=C(C=C1)OCCN2CCC(=CC2)C3=CC(=C(C=C3)Cl)Cl)C(=O)O,463.131714,10,5.1937,0,4,1,59.0,
CHEMBL199645,CCC(C(=O)O)C1CCc2cc(OCCc3nc(-c4ccc(F)c(C)c4)oc3C)ccc21,437.200237,8,5.85964,0,4,1,72.56,
CHEMBL1927474,CCC1=C(C=CC(=C1)SCC2=C(N=C(S2)C3=CC=C(C=C3)C(F)(F)F)C)OC(C(=O)O)F,485.074248,8,6.75102,0,5,1,59.42,
CHEMBL3948805,CS(=O)(=O)OC1=CC=C(C=C1)CC(=O)OCCC2=CC=C(C=C2)CC(C(=O)O)SCCC3=CC=C(C=C3)F,560.133873,14,4.4641,0,7,1,106.97,
CHEMBL409215,CC1=C(C=CC(=C1)OCC2=NC(=NS2)C3=CC(=C(C=C3)Cl)Cl)OC(C)(C)C(=O)O,452.036433,7,5.64132,0,6,1,81.54,
CHEMBL397449,CC1=C(C=CC(=C1)SCC(COC2=CC=C(C=C2)C(F)(F)F)OC3=CC=C(C=C3)OC)OCC(=O)O,522.132394,12,6.10452,0,6,1,74.22,
CHEMBL4167789,CCOC(Cc1ccc(OCCn2c(=O)sc3cc(/C=C/c4cc(OC)cc(OC)c4)ccc32)cc1)C(=O)O,549.182123,13,5.3618,0,8,1,96.22,
CID_145955709,CCOC(CC1=CC=C(C=C1)OCCN2C3=C(C=C(C=C3)C=CC4=CC(=CC(=C4)OC)OC)SC2=O)C(=O)O,549.182123,13,5.3618,0,8,1,96.22,
CHEMBL230177,CCOC(CCC1=CC=C(C=C1)C(F)(F)F)CSC2=CC(=C(C=C2)OCC(=O)O)C,442.142565,11,5.60722,0,4,1,55.76,
CHEMBL5091032,CC(C)(C(=O)O)OC1=CC=C(C=C1)CN2C(=O)N(C=N2)C3=CC=C(C=C3)OC(F)(F)F,437.119855,7,3.2229,0,7,1,95.58,
CHEMBL3601089,CCCCCNC(=O)c1ccc(NC(=O)c2cccc(CN3C(=O)OC[C@H]3Cc3ccccc3)c2)cc1,499.247107,11,5.4224,0,4,2,87.74,
CID_86582930,CCCCCNC(=O)C1=CC=C(C=C1)NC(=O)C2=CC=CC(=C2)CN3C(COC3=O)CC4=CC=CC=C4,499.247107,11,5.4224,0,4,2,87.74,
CHEMBL253486,C1=CC(=CC=C1CNC(=O)C2=CC=C(C=C2)C3=CC=C(C=C3)C#N)NS(=O)(=O)C(F)(F)F,459.086447,6,4.41678,0,4,2,99.06,
CID_44388819,CC1(CCC2=C(O1)C=C(C=C2)OCCCOC3=C(C=C(C=C3)OCC4CC4)Cl)C(=O)O,446.149616,10,5.145,0,5,1,74.22,
CHEMBL178513,C[C@]1(C(=O)O)CCc2ccc(OCCCOc3ccc(OCC4CC4)cc3Cl)cc2O1,446.149616,10,5.145,0,5,1,74.22,
CID_142599776,CC1=CC(=CC(=C1OC(C)(C)C(=O)O)C)C=CC(=O)C2=CC3=CC=CC=C3N=C2N(C)C,432.204907,7,5.05574,0,5,1,79.73,
CHEMBL6039877,Cc1cc(/C=C/C(=O)c2cc3ccccc3nc2N(C)C)cc(C)c1OC(C)(C)C(=O)O,432.204907,7,5.05574,0,5,1,79.73,
CHEMBL551420,CCCCC(C(=O)O)SC1=CC=C(C=C1)OCCCOC2=CC3=C(C=C2)N=CC=C3,425.166079,12,5.8182,0,5,1,68.65,
CHEMBL240868,CCc1csc(-c2ccc(OCCCOc3ccc4c(c3)CC[C@H]4CC(=O)O)nc2)n1,438.161328,10,5.1199,0,6,1,81.54,
CID_10026148,CCC1=CSC(=N1)C2=CN=C(C=C2)OCCCOC3=CC4=C(C=C3)C(CC4)CC(=O)O,438.161328,10,5.1199,0,6,1,81.54,
CHEMBL375427,COc1cc(-c2nc3c(s2)CCCO3)ccc1OCCCOc1ccc2c(c1)CC[C@H]2CC(=O)O,495.171559,10,5.4961,0,7,1,87.11,
CID_16110524,COC1=C(C=CC(=C1)C2=NC3=C(S2)CCCO3)OCCCOC4=CC5=C(C=C4)C(CC5)CC(=O)O,495.171559,10,5.4961,0,7,1,87.11,
CHEMBL5395645,C1=CC(=CN=C1)C2=NOC(=N2)C3=CSC=C3,229.030983,2,2.8601,0,5,0,51.81,
CHEMBL24458,COC1=C(C=C(C=C1)CC2C(=O)NC(=O)S2)C(=O)NCC3=CC=C(C=C3)C(F)(F)F,438.086113,6,3.5381,0,5,2,84.5,
CHEMBL247937,CCO[C@@H](Cc1ccc(OC/C=C/c2cc(OC3CCCC3)cc(OC3CCCC3)c2)cc1)C(=O)O,494.266839,13,6.4538,0,5,1,74.22,
CID_44441344,CCOC(CC1=CC=C(C=C1)OCC=CC2=CC(=CC(=C2)OC3CCCC3)OC4CCCC4)C(=O)O,494.266839,13,6.4538,0,5,1,74.22,
CHEMBL80772,CC(C)OC(CC1=CC=C(C=C1)OCC2=NOC(=N2)C3=CC(=CC=C3)F)C(=O)O,400.14345,9,3.8754,0,6,1,94.68,
CHEMBL424685,CC[C@@](C)(Cc1ccc(OCCCOc2ccc(C3CCCCC3)cc2Cl)cc1)C(=O)O,458.222387,11,7.279,0,3,1,55.76,
CID_44409249,CCC(C)(CC1=CC=C(C=C1)OCCCOC2=C(C=C(C=C2)C3CCCCC3)Cl)C(=O)O,458.222387,11,7.279,0,3,1,55.76,
CHEMBL429823,CC1=C(N=C(O1)C2=CC=CC=C2)CCOC3=CC=CC(=C3)CN(CC4=CC=CC5=CC=CC=C54)CC(=O)O,506.220557,11,6.51152,0,5,1,75.8,
CID_44425872,CCOC(COC1=CC=C(C=C1)C(F)(F)F)CS(=O)C2=CC(=C(C=C2)OCC(=O)O)C,460.116744,11,4.06892,0,5,1,82.06,
CHEMBL230287,CCO[C@H](COc1ccc(C(F)(F)F)cc1)C[S+]([O-])c1ccc(OCC(=O)O)c(C)c1,460.116744,11,4.06892,0,5,1,88.05,
CHEMBL118329,CCC(CC1=CC(=C(C=C1)OC)CC(=O)NC2=CC=C(C=C2)C(F)(F)F)C(=O)O,409.150093,8,4.5485,0,3,2,75.63,
CHEMBL484606,CCCO[C@@H](Cc1ccc(OCCc2nc(-c3ccccc3)oc2C)c2ccsc12)C(=O)O,465.160994,11,5.90852,0,6,1,81.79,
CHEMBL521462,CCCOC(CC1=C2C(=C(C=C1)OCCC3=C(OC(=N3)C4=CC=CC=C4)C)C=CS2)C(=O)O,465.160994,11,5.90852,0,6,1,81.79,
CID_10179768,CC1=C(SC(=N1)C2=CC=CC=C2)C(=O)NCC3=CC=C(C=C3)OC(C)(C)C(=O)O,410.130028,7,4.29052,0,5,2,88.52,
CHEMBL5084826,CCOC1=CC=C(C=C1)N2C=NN(C2=O)CC3=CC(=C(C(=C3)C)OC(C)(C)C(=O)O)C,425.195071,8,3.33984,0,7,1,95.58,
CHEMBL173159,CCCC1=C(C=CC2=C1ON=C2C3=CC=CC=C3)OCCCCOC4=CC=C(C=C4)CC(C)(C)C(=O)O,501.251523,13,7.3386,0,5,1,81.79,
CHEMBL5076090,CC(C)(C(=O)O)OC1=C(C=C(C=C1Cl)CN2C(=O)N(C=N2)C3=CC=C(C=C3)C(F)(F)F)Cl,489.046996,6,4.6499,0,6,1,86.35,
CHEMBL5411276,CC1=CC(=CC(=C1OC(C)(C)C(=O)O)C)CN2C(=O)CN(C2=O)CC3=CC=C(C=C3)C(F)(F)F,478.171557,7,4.52864,0,4,1,87.15,
CHEMBL256358,CC1=C(N=C(O1)C2=CC=CC=C2)CCOC3=CC=CC(=C3)CC4=CN(CCC4C(=O)O)C(=O)OCC(C)C,518.241687,10,5.89702,0,6,1,102.1,
CHEMBL4457812,CCC(C)C1=NN(C2=NC(=CC(=C12)C(=O)O)C)C3=CC=C(C=C3)Cl,343.108754,4,4.59402,0,4,1,68.01,
CHEMBL149438,CCCN1C(=NN(C1=O)CC2CCCCC2)CCCC3=CC=C(C=C3)OC(C)(C)C(=O)O,443.278407,11,4.4524,0,6,1,86.35,
CHEMBL427701,CCC(C(=O)O)OC1=CC=CC(=C1)CN(CCCOC2=C(C=C(C=C2)C)C)C3=NC4=CC=CC=C4O3,488.231122,12,6.16234,0,6,1,85.03,
CHEMBL3678128,Cc1c(C)n(Cc2ccc(Cl)c(O[C@@H](C)C(=O)O)c2)c2ccc(C(=O)N[C@@H](C)c3ccc(C(C)(C)C)cc3)cc12,560.244185,8,7.60024,0,4,2,80.56,
CHEMBL4454550,C1=CC(=CC=C1CNC2=CC(=CC(=C2)C(=O)O)F)OCC3=CC=C(C=C3)F,369.11765,7,4.8541,0,3,2,58.56,
CHEMBL489768,CC(C)(C(=O)O)OC1=CC=C(C=C1)OCCN2CCC(=CC2)C3=CC=C(C=C3)Cl,415.155036,8,4.7501,0,4,1,59.0,
CHEMBL219617,COc1cc(-c2nc3c(s2)CCCC3)ccc1OCCCOc1ccc2c(c1)CC[C@H]2CC(=O)O,493.192294,10,6.0499,0,6,1,77.88,
CID_10368444,COC1=C(C=CC(=C1)C2=NC3=C(S2)CCCC3)OCCCOC4=CC5=C(C=C4)C(CC5)CC(=O)O,493.192294,10,6.0499,0,6,1,77.88,
CHEMBL1813004,CCO[C@@H](Cc1ccc(OCc2nc(-c3ccsc3)oc2C)cc1)C(=O)O,387.114044,9,4.32272,0,6,1,81.79,
CID_56669688,CCOC(CC1=CC=C(C=C1)OCC2=C(OC(=N2)C3=CSC=C3)C)C(=O)O,387.114044,9,4.32272,0,6,1,81.79,
CHEMBL4101596,C1OC2=C(O1)C=C(C=C2)S(=O)(=O)N3C4=C(C=C(C=C4)Cl)C=C3CCCC(=O)O,421.038686,6,3.6677,0,6,1,94.83,
CHEMBL5408588,CC1=CC(=CC(=C1OC(C)(C)C(=O)O)C)CN2C(=O)CN(C2=O)C3=CC=CC=C3,396.168522,6,3.51424,0,4,1,87.15,
CHEMBL3919950,C1=CC=C(C(=C1)CCOC(=O)CC2=CC=C(C=C2)SCC3=CC=CC=C3C(=O)O)C(F)(F)F,474.111265,9,6.0243,0,4,1,63.6,
CHEMBL592235,COc1ccc(/C(C)=N/OCCCCO/N=C(/CCC(=O)O)c2ccccc2)cc1OC,442.210387,14,4.5103,0,7,1,98.94,
CID_46229870,CC(=NOCCCCON=C(CCC(=O)O)C1=CC=CC=C1)C2=CC(=C(C=C2)OC)OC,442.210387,14,4.5103,0,7,1,98.94,
CHEMBL2035069,CCCC(C1=C(N=C(S1)C2=CC=C(C=C2)C(F)(F)F)C)SC3=CC(=C(C=C3)OCC(=O)O)C,495.11497,9,7.54264,0,5,1,59.42,
CHEMBL375370,CC1=C(N=C(O1)C2=CC=C(C=C2)Cl)CCOC3=CN=C(C=C3)CC4(CCCO4)C(=O)O,442.12955,8,4.49622,0,6,1,94.68,
CHEMBL1087580,COC(=O)N(CC(=O)O)Cc1cccc(OCc2coc(-c3ccc(F)cc3)n2)c1,414.122715,8,3.7127,0,6,1,102.1,
CHEMBL117796,COC(=O)C(CC1=CC=C(C=C1)OCCOC2=CC3=C(CCCN3)C=C2)C(=O)OC,413.183838,9,3.0072,0,7,1,83.09,
CHEMBL120456,CC(CC1=CC(=C(C=C1)OC)C(=O)NCC2=CC=C(C=C2)C(F)(F)F)C(=O)O,395.134443,7,3.9072,0,3,2,75.63,
CHEMBL199530,CCC(C(=O)O)C1CCc2cc(OCCc3nc(-c4ccccc4)oc3C)c(Br)cc21,483.10452,8,6.17462,0,4,1,72.56,
CHEMBL375812,O=C(O)C[C@@H]1CCc2cc(OCCCOc3ccc(-c4nc5c(s4)CCCC5)cc3)ccc21,463.181729,9,6.0413,0,5,1,68.65,
CID_16110489,C1CCC2=C(C1)N=C(S2)C3=CC=C(C=C3)OCCCOC4=CC5=C(C=C4)C(CC5)CC(=O)O,463.181729,9,6.0413,0,5,1,68.65,
CHEMBL367019,CCCC1=C(C=CC2=C1ON=C2C3=CC=CC=C3)OCCCSC4=C(C=C(C=C4)CC(=O)O)Cl,495.127107,11,7.289,0,5,1,72.56,
CHEMBL240437,CCc1ccc(-c2ncc(CC)c(N(C)CCCOc3ccc4c(c3)CC[C@H]4CC(=O)O)n2)cc1,473.267842,11,5.6782,0,5,1,75.55,
CID_44439726,CCC1=CC=C(C=C1)C2=NC=C(C(=N2)N(C)CCCOC3=CC4=C(C=C3)C(CC4)CC(=O)O)CC,473.267842,11,5.6782,0,5,1,75.55,
CHEMBL1088114,COc1ccc(OC(=O)N(CC(=O)O)[C@@H](C)c2cccc(OCc3coc(-c4ccc(Cl)cc4)n3)c2)cc1,536.135029,10,6.2292,0,7,1,111.33,
CID_46889072,CC(C1=CC(=CC=C1)OCC2=COC(=N2)C3=CC=C(C=C3)Cl)N(CC(=O)O)C(=O)OC4=CC=C(C=C4)OC,536.135029,10,6.2292,0,7,1,111.33,
CHEMBL273036,Cc1ccc(-c2nc(CCCC[C@H]3CO[C@@](C)(C(=O)O)OC3)c(C(F)(F)F)o2)cc1,427.160658,7,4.84542,0,5,1,81.79,
CID_21866618,CC1=CC=C(C=C1)C2=NC(=C(O2)C(F)(F)F)CCCCC3COC(OC3)(C)C(=O)O,427.160658,7,4.84542,0,5,1,81.79,
CHEMBL395560,CC1=C(C=CC(=C1)OCC2=NC(=NS2)C3=CC=C(C=C3)OC(F)(F)F)OC(C)(C)C(=O)O,468.096677,8,5.23312,0,7,1,90.77,
CHEMBL447533,CC[C@]1(C(=O)O)OC[C@@H](CCCCc2nc(-c3ccccc3)oc2C)CO1,373.188923,8,4.21672,0,5,1,81.79,
CID_21866721,CCC1(OCC(CO1)CCCCC2=C(OC(=N2)C3=CC=CC=C3)C)C(=O)O,373.188923,8,4.21672,0,5,1,81.79,
CHEMBL485187,CCO[C@@H](Cc1ccc(OCCc2nc(-c3ccc(-c4ccccc4)cc3)oc2C)c2ccsc12)C(=O)O,527.176644,11,7.18542,0,6,1,81.79,
CID_44591779,CCOC(CC1=C2C(=C(C=C1)OCCC3=C(OC(=N3)C4=CC=C(C=C4)C5=CC=CC=C5)C)C=CS2)C(=O)O,527.176644,11,7.18542,0,6,1,81.79,
CHEMBL332465,CCCC(CC1=CC(=C(C=C1)OC)C(=O)NCC2=CC=C(C=C2)C(F)(F)F)C(=O)O,423.165743,9,4.6874,0,3,2,75.63,
CHEMBL180660,CCCCC[C@H](O)C/C=C/[C@@H]1C[C@@H](O)[C@H]2C/C(=C/CCCC(=O)O)C[C@H]21,364.26136,11,4.4622,0,3,3,77.76,
CID_44389847,CCCCCC(CC=CC1CC(C2C1CC(=CCCCC(=O)O)C2)O)O,364.26136,11,4.4622,0,3,3,77.76,
CHEMBL190603,CC[C@@]1(C(=O)O)Cc2cc(OCCCOc3ccc(OC(F)(F)F)cc3Cl)ccc2O1,460.090051,9,5.2548,0,5,1,74.22,
CID_10367018,CCC1(CC2=C(O1)C=CC(=C2)OCCCOC3=C(C=C(C=C3)OC(F)(F)F)Cl)C(=O)O,460.090051,9,5.2548,0,5,1,74.22,
CHEMBL360240,C[C@]1(C(=O)O)CCc2ccc(OCCCOc3ccc(OCC(F)(F)F)cc3Cl)cc2O1,474.105701,9,5.2973,0,5,1,74.22,
CID_10162519,CC1(CCC2=C(O1)C=C(C=C2)OCCCOC3=C(C=C(C=C3)OCC(F)(F)F)Cl)C(=O)O,474.105701,9,5.2973,0,5,1,74.22,
CHEMBL102004,CC(C)(C(=O)O)OC1=CC=CC(=C1)CCCN(CC2=C(C=C(C=C2)C(F)(F)F)C(F)(F)F)C(=O)CC3=CC=C(C=C3)C(F)(F)F,649.187462,11,8.1891,0,3,1,66.84,
CID_44591804,CCOC(CC1=CC=C(C2=CC=CC=C12)OCCC3=C(OC(=N3)C4=CC=C(C=C4)C(F)(F)F)C)C(=O)O,513.176308,10,6.47572,0,5,1,81.79,
CHEMBL521170,CCO[C@@H](Cc1ccc(OCCc2nc(-c3ccc(C(F)(F)F)cc3)oc2C)c2ccccc12)C(=O)O,513.176308,10,6.47572,0,5,1,81.79,
CHEMBL3973785,CC1=C(N=C(O1)C2=CC=CC=C2)CCOC(=O)C3=CC=C(C=C3)CC(C(=O)O)SCCC4=CC=C(C=C4)F,533.167222,12,6.16022,0,6,1,89.63,
CHEMBL5090762,Cc1ccc(/N=N/c2ccc(OCCc3ccc(OC(C)(C)C(=O)O)cc3)c(Cl)c2)cc1,452.150285,9,6.92732,0,5,1,80.48,
CHEMBL5090334,Cc1ccc(/N=N\c2ccc(OCCc3ccc(OC(C)(C)C(=O)O)cc3)c(Cl)c2)cc1,452.150285,9,6.92732,0,5,1,80.48,
CID_166633690,CC1=CC=C(C=C1)N=NC2=CC(=C(C=C2)OCCC3=CC=C(C=C3)OC(C)(C)C(=O)O)Cl,452.150285,9,6.92732,0,5,1,80.48,
CHEMBL2204603,CCCCN(CC1=CC=C(C=C1)OC(C)(C)C(=O)O)CC2=C(OC(=N2)C3=CC(=CC=C3)Br)C,514.14672,11,6.45682,0,5,1,75.8,
CID_10554575,CC1=CC(=NN1CCOC2=CC=C(C=C2)CC(C(=O)O)NC3=CC=CC=C3C(=O)C4=CC=CC=C4)C5=CC=CC=C5,545.231456,12,6.27632,0,6,2,93.45,
CHEMBL148797,Cc1cc(-c2ccccc2)nn1CCOc1ccc(C[C@H](Nc2ccccc2C(=O)c2ccccc2)C(=O)O)cc1,545.231456,12,6.27632,0,6,2,93.45,
CHEMBL2312715,Cc1ccccc1-c1ccc(O[C@@H](Cc2ccccc2)C(=O)O)cc1C,346.156895,6,5.04514,0,2,1,46.53,
CID_71544683,CC1=CC=CC=C1C2=C(C=C(C=C2)OC(CC3=CC=CC=C3)C(=O)O)C,346.156895,6,5.04514,0,2,1,46.53,
CHEMBL166637,CCO[C@@H](Cc1ccc(OCCn2c3ccccc3c3ccncc32)cc1)C(=O)O,404.173607,9,4.3007,0,5,1,73.58,
CHEMBL166628,CCOC(CC1=CC=C(C=C1)OCCN2C3=CC=CC=C3C4=C2C=NC=C4)C(=O)O,404.173607,9,4.3007,0,5,1,73.58,
CHEMBL104850,Cc1oc(-c2ccccc2)nc1CCOc1ccc(C[C@@H](C(=O)O)n2cccc2)cc1,416.173607,9,4.94142,0,5,1,77.49,
CID_9866595,CC1=C(N=C(O1)C2=CC=CC=C2)CCOC3=CC=C(C=C3)CC(C(=O)O)N4C=CC=C4,416.173607,9,4.94142,0,5,1,77.49,
CHEMBL259856,CC1=C(C=CC(=C1)SCC2=NC(=NS2)C3=CC(=C(C=C3)Cl)Cl)OC(C)(C)C(=O)O,468.01359,7,6.35462,0,6,1,72.31,
CHEMBL4870407,CC1=CC=C(C=C1)CN2C(=O)N(C(=N2)CCCC3=CC=C(C=C3)OC(C)(C)C(=O)O)CC4=CC(=C(C(=C4)OC)OC)OC,589.278801,14,4.89292,0,9,1,114.04,
CHEMBL1644299,C/C(=N\OCc1sc(-c2ccc(C(F)(F)F)cc2)nc1C)c1ccc(OCC(=O)O)c(C)c1,478.117413,8,5.84994,0,6,1,81.01,
CID_24759099,CC1=C(C=CC(=C1)C(=NOCC2=C(N=C(S2)C3=CC=C(C=C3)C(F)(F)F)C)C)OCC(=O)O,478.117413,8,5.84994,0,6,1,81.01,
CHEMBL380404,CCOC(CC1=CC2=C(C=C1)N(C=C2)CC3=C(OC(=N3)C4=CC=CC=C4F)C)C(=O)O,422.164185,8,4.82432,0,5,1,77.49,
CID_44321572,CCOC(CC1=CC=C(C=C1)OCC=C(C2=CC=C(C=C2)Br)C3=CC=C(C=C3)Br)C(=O)O,558.004133,10,6.7545,0,3,1,55.76,
CHEMBL87307,CCO[C@@H](Cc1ccc(OCC=C(c2ccc(Br)cc2)c2ccc(Br)cc2)cc1)C(=O)O,558.004133,10,6.7545,0,3,1,55.76,
CHEMBL1934473,CC1=C(SC(=N1)C2=CC=C(C=C2)Cl)CCC3CCCN(C3)C4=CC=CC(=C4)C(=O)O,440.132527,6,6.31932,0,4,1,53.43,
CHEMBL6167942,CC(C)(C(=O)O)OC1=CC=C(C=C1)CN2CCN(C2=O)C3=CC=C(C=C3)C(F)(F)F,422.145342,6,4.3896,0,3,1,70.08,
CHEMBL5087638,CC1=CC(=CC(=C1OC(C)(C)C(=O)O)C)CN2C(=O)N(C=N2)C3=CC=C(C=C3)C4=CC=CC=C4,457.200156,7,4.60814,0,6,1,86.35,
CHEMBL3398439,Cc1oc(-c2ccccc2)nc1CCOc1cccc(C[C@H]2CN(C(=O)Oc3ccccc3)C[C@H]2C(=O)O)c1,526.210387,9,5.64562,0,6,1,102.1,
CHEMBL3398438,Cc1oc(-c2ccccc2)nc1CCOc1cccc(C[C@@H]2CN(C(=O)Oc3ccccc3)C[C@@H]2C(=O)O)c1,526.210387,9,5.64562,0,6,1,102.1,
CID_58977817,CC1=C(N=C(O1)C2=CC=CC=C2)CCOC3=CC=CC(=C3)CC4CN(CC4C(=O)O)C(=O)OC5=CC=CC=C5,526.210387,9,5.64562,0,6,1,102.1,
CHEMBL5406915,CC(C)(C(=O)O)OC1=C(C=C(C=C1Br)CN2C(=O)CN(C2=O)C3=CC=C(C=C3)C(F)(F)F)Br,591.945631,6,5.4412,0,4,1,87.15,
CHEMBL394296,CC[C@H](Oc1cccc(CN(CCCOc2ccccc2)c2nc3ccccc3o2)c1)C(=O)O,460.199822,12,5.5455,0,6,1,85.03,
CHEMBL248325,CCC(C(=O)O)OC1=CC=CC(=C1)CN(CCCOC2=CC=CC=C2)C3=NC4=CC=CC=C4O3,460.199822,12,5.5455,0,6,1,85.03,
CHEMBL391622,CC[C@@H](Oc1cccc(CN(CCCOc2ccccc2)c2nc3ccccc3o2)c1)C(=O)O,460.199822,12,5.5455,0,6,1,85.03,
CHEMBL4303229,CC(C)c1ccc(CC(=O)N2CCC[C@@H](c3cccc(OC(C)(C)C(=O)O)c3)C2)cc1,423.240959,7,5.0007,0,3,1,66.84,
CID_10410059,CC(C)C1=CC=C(C=C1)CC(=O)N2CCCC(C2)C3=CC(=CC=C3)OC(C)(C)C(=O)O,423.240959,7,5.0007,0,3,1,66.84,
CHEMBL428748,CC1=C(N=C(O1)C2=CC=CC=C2)CCOC3=CC=CC(=C3)CN(CCCC4=CC=CC=C4)CC(=O)O,484.236208,13,5.79092,0,5,1,75.8,
CID_142599787,CC1=CC(=CC(=C1OC(C)(C)C(=O)O)C)C=CC(=O)C2=CC3=CC=CC=C3N=C2SC,435.150429,7,5.71164,0,5,1,76.49,
CHEMBL6002509,CSc1nc2ccccc2cc1C(=O)/C=C/c1cc(C)c(OC(C)(C)C(=O)O)c(C)c1,435.150429,7,5.71164,0,5,1,76.49,
CHEMBL112725,CC[C@]1(C(=O)O)CCc2ccc(OCCCOc3ccc(Oc4ccc(F)cc4)cc3Cl)cc2O1,500.140194,10,6.6777,0,5,1,74.22,
CID_10207241,CCC1(CCC2=C(O1)C=C(C=C2)OCCCOC3=C(C=C(C=C3)OC4=CC=C(C=C4)F)Cl)C(=O)O,500.140194,10,6.6777,0,5,1,74.22,
CHEMBL1085795,CC1=CC(=C(C=C1)NC(=O)CN(CC2=CC=C(C=C2)OC(C)(C)C(=O)O)CC3=CC=CO3)C,450.215472,10,4.77934,0,5,2,92.01,
CHEMBL470586,C=C(COc1ccc(Cl)cc1Cl)CSc1ccc(OCC(=O)O)c(C)c1,412.030285,9,5.49252,0,4,1,55.76,
CHEMBL345721,CCCN1C(=NN(C1=O)CC2=CC(=CC=C2)OC)CCCC3=CC=C(C=C3)OC(C)(C)C(=O)O,467.242021,12,3.929,0,7,1,95.58,
CHEMBL1090878,CC1=CC=C(C=C1)OC(=O)N(CC2=CC(=CC=C2)OCC3=C(OC(=N3)C4=CC=C(C=C4)C(C)C)C)CC(=O)O,528.226037,10,6.74644,0,6,1,102.1,
CHEMBL411045,CC1=C(C=CC(=C1)SCCC2=NC(=NS2)C3=CC=C(C=C3)C(F)(F)F)OC(C)(C)C(=O)O,482.094569,8,6.10912,0,6,1,72.31,
CHEMBL403909,CC(C)(C(=O)O)OC1=CC=C(C=C1)CNC(=O)C2=CC=C(C=C2)C3=CC=C(C=C3)Cl,423.123736,7,5.179,0,3,2,75.63,
CHEMBL1934486,Cc1nc(-c2ccc([N+](=O)[O-])cc2)sc1C(=O)N[C@H]1CCCN(c2cccc(C(=O)O)c2)C1,466.131091,6,4.12372,0,7,2,125.67,
CID_57394351,CC1=C(SC(=N1)C2=CC=C(C=C2)[N+](=O)[O-])C(=O)NC3CCCN(C3)C4=CC=CC(=C4)C(=O)O,466.131091,6,4.12372,0,7,2,125.67,
CHEMBL462554,CC1=C(C=CC(=C1)CNC(=O)C2=NN(C(=C2)C3=CC=C(C=C3)C(C)(C)C)CCOC)OC(C)(C)C(=O)O,507.273321,10,4.97442,0,6,2,102.68,
CHEMBL477644,CC1=C(N=C(O1)C2=CC(=CC=C2)F)CCOC3=CC4=C(CC(C(=O)O4)C(=O)OC)C=C3,425.127466,6,3.66132,0,7,0,87.86,
CHEMBL369607,CCCC1=C(C=CC2=C1ON=C2C3=CC=CC=C3)OCCCCOC4=CC=C(C=C4)OC(C)C(=O)O,489.215138,13,6.5372,0,6,1,91.02,
CID_44591803,CCOC(CC1=CC=C(C2=CC=CC=C12)OCCC3=C(OC(=N3)C4=CC=CC=C4)C)C(=O)O,445.188923,10,5.45692,0,5,1,81.79,
CHEMBL484725,CCO[C@@H](Cc1ccc(OCCc2nc(-c3ccccc3)oc2C)c2ccccc12)C(=O)O,445.188923,10,5.45692,0,5,1,81.79,
CHEMBL1075723,CC1=C(C=CC(=C1)OCC2=NC(=C(S2)C3=CC=C(C=C3)OC(F)(F)F)C4=CC=C(C=C4)C(=O)N(C)C(C)C)OCC(=O)O,614.169842,11,7.20692,0,7,1,98.19,
CHEMBL372519,CC1=C(N=C(O1)C2=CC=CC=C2)CCOC3=CC4=C(C=C3)C(CC4)C(C5CC5)C(=O)O,417.194008,8,5.41212,0,4,1,72.56,
CHEMBL367891,C[C@]1(C(=O)O)CCc2ccc(OCCCOc3ccc(C4CCCC4)cc3Cl)cc2O1,444.170352,8,6.0138,0,4,1,64.99,
CID_10114442,CC1(CCC2=C(O1)C=C(C=C2)OCCCOC3=C(C=C(C=C3)C4CCCC4)Cl)C(=O)O,444.170352,8,6.0138,0,4,1,64.99,
CHEMBL3828718,CC1=C(N=C(O1)C2=CC=C(C=C2)Cl)COC3=CC(=C(C=C3)F)CN(CC(=O)O)C(=O)OC,462.099392,8,4.67452,0,6,1,102.1,
CHEMBL4455560,CC1=C(C=CC(=C1)CNC2=CC=CC(=C2)C(=O)O)OCC3=CC(=C(C=C3)F)F,383.1333,7,5.16252,0,3,2,58.56,
CHEMBL1097193,COC(=O)N(CC(=O)O)Cc1cccc(OCc2coc(-c3ccc(Cl)cc3)n2)c1,430.093164,8,4.227,0,6,1,102.1,
CHEMBL20495,CC(C)(C(=O)O)SC1=CC=C(C=C1)CCN(CCC2=CC=C(C=C2)C3=CC=CC=C3)C(=O)NC4=C(C=C(C=C4)OC)OC,598.250143,13,7.6454,0,5,2,88.1,
CHEMBL1760555,Cc1ccc(C(=O)c2nccn2C/C=C/c2cccc(OC(C)(C)C(=O)O)c2)cc1,404.173607,8,4.37792,0,5,1,81.42,
CID_54585935,CC1=CC=C(C=C1)C(=O)C2=NC=CN2CC=CC3=CC(=CC=C3)OC(C)(C)C(=O)O,404.173607,8,4.37792,0,5,1,81.42,
CHEMBL6040663,COc1ccc2cc(C(=O)/C=C/c3cc(C)c(OC(C)(C)C(=O)O)c(C)c3)c(Cl)nc2c1,453.134301,7,5.65174,0,5,1,85.72,
CID_142599785,CC1=CC(=CC(=C1OC(C)(C)C(=O)O)C)C=CC(=O)C2=C(N=C3C=C(C=CC3=C2)OC)Cl,453.134301,7,5.65174,0,5,1,85.72,
CHEMBL1084321,CC(C)(C(=O)O)OC1=CC=C(C=C1)CN(CC2=CC=CO2)CC(=O)NC3=C(C=CC(=C3)OC)OC,482.205301,12,4.1797,0,7,2,110.47,
CHEMBL509680,CCN1C(=CC(=N1)C2=CC=C(C=C2)C(C)(C)C)C(=O)NCC3=CC(=C(C=C3)OC(C)(C)C(=O)O)C,477.262757,8,5.34792,0,5,2,93.45,
CHEMBL1087590,COC(=O)N(CC(=O)O)Cc1cccc(OCc2csc(-c3ccc(C(F)(F)F)cc3)n2)c1,480.096677,8,5.0609,0,6,1,88.96,
CHEMBL200916,CCC(C(=O)O)C1CCc2cc(OCCc3nc(-c4cc5ccccc5s4)oc3C)ccc21,461.166079,8,6.62682,0,5,1,72.56,
CHEMBL5173134,CC(C)(C)OC(=O)NC(CSCC1=CC=C(C=C1)C(=O)C2=CC=C(C=C2)OC)C(=O)O,445.155909,9,4.1373,0,6,2,101.93,
CHEMBL199449,CCC(C(=O)O)C1CCc2cc(OCCc3nc(COc4ccccc4)oc3C)ccc21,435.204573,10,5.32412,0,5,1,81.79,
CHEMBL189712,CC1=CC=C(C=C1)OC(C)(CC2=CC=C(C=C2)OCCC3=C(OC(=N3)C4=CC=CC(=C4)C5=CC=CC=C5)C)C(=O)O,547.235873,11,7.71174,0,5,1,81.79,
CHEMBL324027,COC(=O)C(CC1=CC=C(C=C1)OCCOC2=CC3=C(CCCC3)C=C2)C(=O)OC,412.188589,9,3.5279,0,6,0,71.06,
CHEMBL456753,CCC(CC1=CC(=C(C(=C1)F)OC)CNC(=O)C2=CC=C(C=C2)C34CC5CC(C3)CC(C5)C4)C(=O)O,493.262837,9,5.8854,0,3,2,75.63,
CHEMBL1934482,Cc1nc(-c2ccccc2Cl)sc1C(=O)N[C@H]1CCCN(c2cccc(C(=O)O)c2)C1,455.10704,5,4.86892,0,5,2,82.53,
CID_57392629,CC1=C(SC(=N1)C2=CC=CC=C2Cl)C(=O)NC3CCCN(C3)C4=CC=CC(=C4)C(=O)O,455.10704,5,4.86892,0,5,2,82.53,
CHEMBL433316,CC(C)OC(CC1=CC=C(C=C1)OCCC2=NOC(=N2)C3=CC=CC=C3C(F)(F)F)C(=O)O,464.155906,10,4.7976,0,6,1,94.68,
CHEMBL264385,Cc1oc(C2CCCCC2)nc1CCOc1ccc(C[C@](C)(Oc2ccccc2)C(=O)O)cc1,463.235873,10,6.11702,0,5,1,81.79,
CHEMBL309882,CC1=C(N=C(O1)C2CCCCC2)CCOC3=CC=C(C=C3)CC(C)(C(=O)O)OC4=CC=CC=C4,463.235873,10,6.11702,0,5,1,81.79,
CHEMBL218487,Cc1oc(-c2ccccc2)nc1CCOc1ccc(C[C@]2(C(=O)O)CCCO2)nc1,408.168522,8,3.84282,0,6,1,94.68,
CHEMBL220655,CC1=C(N=C(O1)C2=CC=CC=C2)CCOC3=CN=C(C=C3)CC4(CCCO4)C(=O)O,408.168522,8,3.84282,0,6,1,94.68,
CHEMBL478725,Cc1oc(-c2ccccc2)nc1CC#Cc1ccc(C[C@@H](C(=O)O)n2cccc2)cc1,410.163043,6,4.91412,0,4,1,68.26,
CID_44263416,CC1=C(N=C(O1)C2=CC=CC=C2)CC#CC3=CC=C(C=C3)CC(C(=O)O)N4C=CC=C4,410.163043,6,4.91412,0,4,1,68.26,
CHEMBL179657,CC[C@]1(C(=O)O)CCc2ccc(OCCCOc3ccc(C4CCOCC4)cc3Cl)cc2O1,474.180916,9,5.6403,0,5,1,74.22,
CID_10183977,CCC1(CCC2=C(O1)C=C(C=C2)OCCCOC3=C(C=C(C=C3)C4CCOCC4)Cl)C(=O)O,474.180916,9,5.6403,0,5,1,74.22,
CHEMBL4543257,CCC(C)C1=NN(C2=C1C(=CC(=N2)C3CC3)C(=O)O)C4=CC=C(C=C4)Cl,369.124405,5,5.163,0,4,1,68.01,
CHEMBL210017,CC1=C(N=C(O1)C2=CC=C(C=C2)C(F)(F)F)CN3C=CC4=C3C=CC(=C4)CC(C(=O)O)OC(C)C,486.176642,8,6.09252,0,5,1,77.49,
CHEMBL402100,CC1=C(SC(=N1)C2=CC=C(C=C2)C(F)(F)F)C(=O)NCC3=CC=C(C=C3)NC(=O)C(F)(F)F,487.078917,5,5.56812,0,4,2,71.09,
CHEMBL209749,CCOC(CC1=CC2=C(C=C1)N(C=C2)CC3=C(OC(=N3)C4=CC=CC=C4Cl)C)C(=O)O,438.134635,8,5.33862,0,5,1,77.49,
CHEMBL229778,CCCOC1=C(C=C(C=C1)CC(CC)C(=O)O)CNC(=O)C2=CC=C(C=C2)C(F)(F)F,437.181393,10,5.0775,0,3,2,75.63,
CHEMBL1644305,C/C(=N\OCc1nc(-c2ccccc2)oc1C)c1ccc(OCC(=O)O)c(C)c1,394.152872,8,4.36264,0,6,1,94.15,
CID_24949595,CC1=C(C=CC(=C1)C(=NOCC2=C(OC(=N2)C3=CC=CC=C3)C)C)OCC(=O)O,394.152872,8,4.36264,0,6,1,94.15,
CHEMBL403432,CC1=C(N=C(O1)C2=CC=CC=C2)CCOC3=CC=CC(=C3)C4=C(CCN(C4)C(=O)OCC(C)C)CC(=O)O,518.241687,10,5.99812,0,6,1,102.1,
CHEMBL390004,CC1=C(C=CC(=C1)SCC(C)COC2=CC=C(C=C2)C(F)(F)F)OCC(=O)O,414.111265,9,5.28442,0,4,1,55.76,
CHEMBL512084,Cc1oc(-c2ccccc2)nc1COc1ccc(C[C@H]2CO[C@@](C)(C(=O)O)OC2)cc1,423.168188,7,4.23532,0,6,1,91.02,
CID_44577533,CC1=C(N=C(O1)C2=CC=CC=C2)COC3=CC=C(C=C3)CC4COC(OC4)(C)C(=O)O,423.168188,7,4.23532,0,6,1,91.02,
CHEMBL230409,CCO/N=C(\C)C(Cc1ccc(OCc2nc(-c3ccc(F)cc3)oc2C)cc1)C(=O)O,440.17475,10,5.02382,0,6,1,94.15,
CID_25263410,CCON=C(C)C(CC1=CC=C(C=C1)OCC2=C(OC(=N2)C3=CC=C(C=C3)F)C)C(=O)O,440.17475,10,5.02382,0,6,1,94.15,
CHEMBL5082865,CC(C)(C(=O)O)OC1=C(C=C(C=C1Cl)CN2C(=O)N(C=N2)C3=CC=C(C=C3)OC(F)(F)F)Cl,505.041911,7,4.5297,0,7,1,95.58,
CHEMBL256142,CCCOC(=O)N1C=C(Cc2cccc(OCCc3nc(-c4ccccc4)oc3C)c2)C(C(=O)O)CC1,504.226037,10,5.65102,0,6,1,102.1,
CHEMBL118939,CCC(CC1=CC(=C(C=C1)OC)CNC(=O)C2=CC=C(C=C2)C(F)(F)F)C(=O)O,409.150093,8,4.2973,0,3,2,75.63,
CHEMBL5084763,CC(C)(C(=O)O)OC1=C(C=C(C=C1)CN2C(=O)N(C=N2)C3=CC=C(C=C3)OC(F)(F)F)C(F)(F)F,505.10724,7,4.2417,0,7,1,95.58,
CHEMBL1934313,CC1=C(SC(=N1)C2=CC=C(C=C2)Cl)C(=O)NCC3CCCCN(C3)C4=CC=CC(=C4)C(=O)O,483.13834,6,5.50662,0,5,2,82.53,
CHEMBL5090355,Cc1ccc(/N=N\c2ccc(OCCc3ccc(OC(C)(C)C(=O)O)cc3)c(C(F)(F)F)c2)cc1,486.176642,9,7.29272,0,5,1,80.48,
CHEMBL5091066,Cc1ccc(/N=N/c2ccc(OCCc3ccc(OC(C)(C)C(=O)O)cc3)c(C(F)(F)F)c2)cc1,486.176642,9,7.29272,0,5,1,80.48,
CID_166634022,CC1=CC=C(C=C1)N=NC2=CC(=C(C=C2)OCCC3=CC=C(C=C3)OC(C)(C)C(=O)O)C(F)(F)F,486.176642,9,7.29272,0,5,1,80.48,
CHEMBL1813009,CCO[C@@H](Cc1ccc(OCCc2nc(-c3ccsc3)oc2C)cc1)C(=O)O,401.129694,10,4.36522,0,6,1,81.79,
CID_56679850,CCOC(CC1=CC=C(C=C1)OCCC2=C(OC(=N2)C3=CSC=C3)C)C(=O)O,401.129694,10,4.36522,0,6,1,81.79,
CHEMBL447190,CC[C@]1(C(=O)O)CCc2ccc(OCCCOc3ccc(C(C)(C)C)cc3Cl)cc2O1,446.186002,8,6.0438,0,4,1,64.99,
CID_10297427,CCC1(CCC2=C(O1)C=C(C=C2)OCCCOC3=C(C=C(C=C3)C(C)(C)C)Cl)C(=O)O,446.186002,8,6.0438,0,4,1,64.99,
CHEMBL389903,CCCCOC1=C(C=C(C=C1)CC(CC)C(=O)O)CNC(=O)C2=CC=C(C=C2)C(F)(F)F,451.197043,11,5.4676,0,3,2,75.63,
CHEMBL253851,CCOC(=O)C(Cc1ccc(OCCN2CCC(C)(C)c3cc(/C(=N\O)c4ccccc4)ccc32)cc1)OCC,544.293722,12,5.9906,0,7,1,80.59,
CID_44447158,CCOC(CC1=CC=C(C=C1)OCCN2CCC(C3=C2C=CC(=C3)C(=NO)C4=CC=CC=C4)(C)C)C(=O)OCC,544.293722,12,5.9906,0,7,1,80.59,
CHEMBL179452,C[C@]1(C(=O)O)CCc2ccc(OCCCOc3ccc(C4CCCCC4)cc3Cl)cc2O1,458.186002,8,6.4039,0,4,1,64.99,
CID_10182946,CC1(CCC2=C(O1)C=C(C=C2)OCCCOC3=C(C=C(C=C3)C4CCCCC4)Cl)C(=O)O,458.186002,8,6.4039,0,4,1,64.99,
CHEMBL522366,CCCC1=C(C=CC2=C1C=CC(=C2)C(=O)C3=COC=C3)OCCCN4C=CC5=C4C=CC(=C5)OC(C)(C)C(=O)O,539.230788,12,7.2821,0,6,1,90.9,
CHEMBL5172173,CC(C)(C)OC(=O)NC(CSCc1ccc(/C=C/C(=O)c2ccccc2)cc1)C(=O)O,441.160994,9,4.7938,0,5,2,92.7,
CID_168269638,CC(C)(C)OC(=O)NC(CSCC1=CC=C(C=C1)C=CC(=O)C2=CC=CC=C2)C(=O)O,441.160994,9,4.7938,0,5,2,92.7,
CHEMBL2204595,CC1=CC(=CC(=C1OC(C)(C)C(=O)O)C)CN(CC2=CC=CO2)CC3=C(OC(=N3)C4=CC=CC=C4)C,488.231122,10,6.30426,0,6,1,88.94,
CHEMBL21241,CC(C)(C(=O)O)SC1=CC=C(C=C1)CCN(CCCCC2CCCCC2)C(=O)NC3CCCCC3,502.322914,12,7.2793,0,3,2,69.64,
CHEMBL563351,CCCCC(C(=O)O)SC1=CC=C(C=C1)OCCCOC2=CC=C(C=C2)C3=CC=CC=C3,450.18648,13,6.937,0,4,1,55.76,
CHEMBL211839,CCOC(CC1=CC2=C(C=C1)N(C=C2)CC3=C(OC(=N3)C4=CC(=CC(=C4)OC)OC)C)C(=O)O,464.194737,10,4.70242,0,7,1,95.95,
CHEMBL424133,CC1=CC=C(C=C1)CN2C(=O)NC(=N2)CCCC3=CC=C(C=C3)OC(C)(C)C(=O)O,409.200156,9,3.34542,0,5,2,97.21,
CHEMBL515667,CC1=C(C=CC(=C1)CNC(=O)C2=NN(C(=C2)C3=CC=C(C=C3)C(C)(C)C)CC4=CC=CC=C4)OC(C)(C)C(=O)O,539.278407,9,6.37632,0,5,2,93.45,
CHEMBL5440454,CC(C)(C(=O)O)OC1=C(C=C(C=C1Cl)CN2C(=O)CN(C2=O)C3=CC=C(C=C3)C(F)(F)F)Cl,504.046662,6,5.223,0,4,1,87.15,
CHEMBL257164,CC1=C(N=C(O1)C2=CC=CC=C2)CCOC3=CC=C(C=C3)CCC4CN(CCC4C(=O)O)C(=O)OCC(C)C,534.272987,11,6.01942,0,6,1,102.1,
CHEMBL1934471,CC1=C(SC(=N1)C2=CC=C(C=C2)Cl)COC3CCCN(C3)C4=CC=CC(=C4)C(=O)O,442.111791,6,5.65572,0,5,1,62.66,
CHEMBL2237303,CC(C)O[C@@H](Cc1ccc(OCc2noc(-c3cc(C(F)(F)F)cc(C(F)(F)F)c3)n2)cc1)C(=O)O,518.127641,9,5.7739,0,6,1,94.68,
CHEMBL307728,CC(C)OC(CC1=CC=C(C=C1)OCC2=NOC(=N2)C3=CC(=CC(=C3)C(F)(F)F)C(F)(F)F)C(=O)O,518.127641,9,5.7739,0,6,1,94.68,
CHEMBL558083,CC[C@@](C)(Oc1cccc(Cn2c(C)c(C(=O)c3ccc(Cl)cc3)c3ccc(OC(F)(F)F)cc32)c1)C(=O)O,559.137335,9,7.41312,0,5,1,77.76,
CID_44190862,CCC(C)(C(=O)O)OC1=CC=CC(=C1)CN2C(=C(C3=C2C=C(C=C3)OC(F)(F)F)C(=O)C4=CC=C(C=C4)Cl)C,559.137335,9,7.41312,0,5,1,77.76,
CID_11774537,CCON=C(C)C(CC1=CC=C(C=C1)OCC2=C(OC(=N2)C3=CC=CC=C3)C)C(=O)O,422.184172,10,4.88472,0,6,1,94.15,
CHEMBL230305,CCO/N=C(\C)C(Cc1ccc(OCc2nc(-c3ccccc3)oc2C)cc1)C(=O)O,422.184172,10,4.88472,0,6,1,94.15,
CHEMBL2112993,CCO[C@H](Cc1ccc(OC/C=C/C#Cc2ccc(C#C/C=C/COc3ccc(C[C@@H](OCC)C(=O)O)cc3)cc2)cc1)C(=O)O,622.256668,16,5.7244,0,6,2,111.52,
CHEMBL147721,CCO[C@@H](Cc1ccc(OC/C=C/C#Cc2ccc(C#C/C=C/COc3ccc(C[C@H](OCC)C(=O)O)cc3)cc2)cc1)C(=O)O,622.256668,16,5.7244,0,6,2,111.52,
CID_10371709,CCOC(CC1=CC=C(C=C1)OCC=CC#CC2=CC=C(C=C2)C#CC=CCOC3=CC=C(C=C3)CC(C(=O)O)OCC)C(=O)O,622.256668,16,5.7244,0,6,2,111.52,
CHEMBL457405,CCC(CC1=CC(=C(C=C1F)OCC)CNC(=O)C2=C(C=C(C=C2)C34CC5CC(C3)CC(C5)C4)F)C(=O)O,525.269065,10,6.4146,0,3,2,75.63,
CHEMBL455957,CCC(CC1=CC(=C(C(=C1)F)OC)CNC(=O)C2=CC=C(C=C2)C(F)(F)F)C(=O)O,427.140671,8,4.4364,0,3,2,75.63,
CHEMBL484000,CCO[C@@H](Cc1ccc(OCCc2nc(-c3ccc(C(F)(F)F)cc3)oc2C)c2ccsc12)C(=O)O,519.132729,10,6.53722,0,6,1,81.79,
CID_44591777,CCOC(CC1=C2C(=C(C=C1)OCCC3=C(OC(=N3)C4=CC=C(C=C4)C(F)(F)F)C)C=CS2)C(=O)O,519.132729,10,6.53722,0,6,1,81.79,
CHEMBL381891,CCC(C(=O)O)C1CCc2cc(OCCc3nc(Cc4ccccc4)oc3C)ccc21,419.209658,9,5.33592,0,4,1,72.56,
CHEMBL110743,CCCC1=C(C=CC(=C1)OC2=CC=CC=C2)OCCCOC3=CC4=C(CCC(O4)(CC)C(=O)O)C=C3,490.235539,12,6.8377,0,5,1,74.22,
CHEMBL122417,CCCC1=CC=CC=C1OCCCOC2=CC=CC(=C2)C3C(=O)NC(=O)O3,369.157623,9,3.7945,0,5,1,73.86,
CHEMBL216395,CCCC1=C(C=CC2=C1C=CC(=C2)C(=O)C3=CC=CC=C3)OCCCN4C=CC5=C4C=CC=C5OC(C)(C)C(=O)O,549.251523,12,7.6891,0,5,1,77.76,
CHEMBL5408757,CC1=CC(=CC(=C1OC(C)(C)C(=O)O)C)CN2C(=O)CN(C2=O)C3=CC=C(C=C3)C(C)(C)C,452.231122,6,4.81174,0,4,1,87.15,
CHEMBL118577,COC(=O)C(CC1=CC=C(C=C1)OCCOC2=CC3=C(CCCN3)C=C2)C(=O)O,399.168188,9,2.9188,0,6,2,94.09,
CHEMBL5089733,CC1=CC(=CC(=C1OC(C)(C)C(=O)O)C)CN2C(=O)N(C=N2)C3=CC=CC(=C3)C(F)(F)F,449.156241,6,3.95994,0,6,1,86.35,
CHEMBL199730,CC[C@H](C(=O)O)[C@@H]1CCc2cc(OCCc3nc(-c4ccc(C)cc4)oc3C)ccc21,419.209658,8,5.72054,0,4,1,72.56,
CHEMBL200908,CC[C@H](C(=O)O)[C@H]1CCc2cc(OCCc3nc(-c4ccc(C)cc4)oc3C)ccc21,419.209658,8,5.72054,0,4,1,72.56,
CHEMBL199398,CCC(C1CCC2=C1C=CC(=C2)OCCC3=C(OC(=N3)C4=CC=C(C=C4)C)C)C(=O)O,419.209658,8,5.72054,0,4,1,72.56,
CHEMBL370021,CCCc1cc(C(=O)CC)cc(CCC)c1O[C@H](C(=O)O)c1ccc(CC)cc1,396.23006,11,5.9514,0,3,1,63.6,
CID_11223211,CCCC1=CC(=CC(=C1OC(C2=CC=C(C=C2)CC)C(=O)O)CCC)C(=O)CC,396.23006,11,5.9514,0,3,1,63.6,
CHEMBL78529,CCC(CC1=CC=C(C=C1)OCCC2=C(OC(=N2)C3=CC=CC=C3)C)(C(=O)O)OC4=CC=CC=C4,471.204573,11,6.12642,0,5,1,81.79,
CHEMBL2312707,Cc1cc(-c2ccccc2)ccc1O[C@@H](Cc1ccccc1)C(=O)O,332.141244,6,4.73672,0,2,1,46.53,
CID_71547107,CC1=C(C=CC(=C1)C2=CC=CC=C2)OC(CC3=CC=CC=C3)C(=O)O,332.141244,6,4.73672,0,2,1,46.53,
CHEMBL6174020,CC1=CC(=CC(=C1OC(C)(C)C(=O)O)C)CN2CCN(C2=O)C3=CC=C(C=C3)C(C)C,424.236208,7,5.11104,0,3,1,70.08,
CHEMBL3945367,COC1=CC=C(C=C1)CC(=O)OCC2=CC=C(C=C2)CC(C(=O)O)SCCC3=CC=C(C=C3)F,482.156323,12,5.0918,0,5,1,72.83,
CHEMBL118251,CCCC1=C(C=CC(=C1)C2CCCCCC2)OCCCOC3=CC=CC(=C3)C4C(=O)NC(=O)O4,465.251523,10,6.2323,0,5,1,73.86,
CHEMBL222107,CC1=C(N=C(O1)C2=CC=CC=C2)CCOC3=NC=C(C=C3)CC(CC(C)C)C(=O)O,408.204907,10,4.95592,0,5,1,85.45,
CHEMBL199339,CCC(C(=O)O)C1CCc2cc(OCCc3nc(-c4ccccc4)oc3C)c(C(C)=O)cc21,447.204573,9,5.61472,0,5,1,89.63,
CHEMBL229785,CC(CC1=CC(=C(C=C1)OC)CNC(=O)C2=CC=C(C=C2)C(F)(F)F)C(=O)O,395.134443,7,3.9072,0,3,2,75.63,
CHEMBL455158,CC1=C(C=CC(=C1)CNC(=O)C2=CC(=NN2C)C3=CC=C(C=C3)CC(C)C)OC(C)(C)C(=O)O,463.247107,9,4.76602,0,5,2,93.45,
CHEMBL485188,Cc1oc(-c2ccc(C(C)C)cc2)nc1CCOc1ccc(C[C@H](OCC2CC2)C(=O)O)c2sccc12,519.207944,12,7.03192,0,6,1,81.79,
CID_44591780,CC1=C(N=C(O1)C2=CC=C(C=C2)C(C)C)CCOC3=C4C=CSC4=C(C=C3)CC(C(=O)O)OCC5CC5,519.207944,12,7.03192,0,6,1,81.79,
CHEMBL2237301,Cc1oc(-c2cccc[s+]2)nc1CCOc1ccc(C[C@@](C)(Oc2ccccc2)C(=O)O)cc1,476.15262,10,6.07892,1,5,1,81.79,
CID_136264517,CC1=C(N=C(O1)C2=CC=CC=[S+]2)CCOC3=CC=C(C=C3)CC(C)(C(=O)O)OC4=CC=CC=C4,476.15262,10,6.07892,1,5,1,81.79,
CHEMBL382178,CC[C@@](C)(Cc1ccc(OCCCOc2ccc(OC(F)(F)F)cc2Cl)cc1)C(=O)O,460.126436,11,6.1299,0,4,1,64.99,
CID_44409098,CCC(C)(CC1=CC=C(C=C1)OCCCOC2=C(C=C(C=C2)OC(F)(F)F)Cl)C(=O)O,460.126436,11,6.1299,0,4,1,64.99,
CHEMBL4454087,CC(C1=NC(=NO1)C2=CC=C(C=C2)OC3=CC=C(C=C3)OCC4=CC=CC=C4)NC(=O)OC,445.163771,8,5.5249,0,7,1,95.71,
CHEMBL1813010,CCO[C@@H](Cc1ccc(OCCc2nc(-c3sccc3C)oc2C)cc1)C(=O)O,415.145344,10,4.67364,0,6,1,81.79,
CID_56669690,CCOC(CC1=CC=C(C=C1)OCCC2=C(OC(=N2)C3=C(C=CS3)C)C)C(=O)O,415.145344,10,4.67364,0,6,1,81.79,
CHEMBL392810,CCC(C(=O)O)OC1=CC=CC(=C1)CN(CCCOC2=CC=CC=C2)C3=NC4=C(C=CC=C4O3)O,476.194737,12,5.2511,0,7,2,105.26,
CHEMBL408941,CC1=C(C=CC(=C1)SCC2=NC(=NS2)C3=C(C=C(C=C3)Cl)Cl)OC(C)(C)C(=O)O,468.01359,7,6.35462,0,6,1,72.31,
CHEMBL219824,CC1=C(N=C(O1)C2=CC=CC=C2)CCOC3=CC(=C(C=C3)CCC(=O)O)CNC(=O)OC(C)C,466.210387,11,4.92332,0,6,2,110.89,
CHEMBL2204605,CC1=C(N=C(O1)C2=CC(=CC=C2)Br)CNCC3=CC=C(C=C3)OC(C)(C)C(=O)O,458.084119,8,4.94432,0,5,2,84.59,
CHEMBL5431620,C1=CC(=CN=C1)C2=NOC(=N2)C3=NSN=N3,232.01673,2,1.0451,0,8,0,90.48,
CHEMBL1813012,CCO[C@@H](Cc1ccc(OCCc2nc(-c3ccc(-c4ccccc4)s3)oc2C)cc1)C(=O)O,477.160994,11,6.03222,0,6,1,81.79,
CID_56673196,CCOC(CC1=CC=C(C=C1)OCCC2=C(OC(=N2)C3=CC=C(S3)C4=CC=CC=C4)C)C(=O)O,477.160994,11,6.03222,0,6,1,81.79,
CHEMBL3601099,CCCCCC(=O)Nc1ccc(C(=O)Nc2cccc(C[C@H](C)C(=O)O)c2)cc1,396.204907,10,4.7209,0,3,3,95.5,
CID_122184723,CCCCCC(=O)NC1=CC=C(C=C1)C(=O)NC2=CC=CC(=C2)CC(C)C(=O)O,396.204907,10,4.7209,0,3,3,95.5,
CHEMBL593087,CC1=C(N=C(O1)C2=CC=CC=C2)CCCC3=CC=C(C=C3)CC(C4=CSC=C4)C(=O)O,431.155515,9,6.29772,0,4,1,63.33,
CHEMBL491751,CC1=C(N=C(O1)C2=CC=CC=C2)CCOC3=CC=CC(=C3)CC4=NN(N=C4CC(=O)O)C5=CC=CC=C5,494.195405,10,5.07012,0,7,1,103.27,
CHEMBL2312706,C1=CC=C(C=C1)CCC2=CC=CC=C2C3=CC=C(C=C3)OC(CC4=CC=CC=C4)C(=O)O,422.188195,9,6.2135,0,2,1,46.53,
CHEMBL1084320,CC1=CC(=C(C=C1)C)NC(=O)CN(CC2=CC=C(C=C2)OC(C)(C)C(=O)O)CC3=CC=CO3,450.215472,10,4.77934,0,5,2,92.01,
CHEMBL467349,Cc1oc(-c2ccccc2)nc1CCOc1ccc(C[C@H]2CO[C@@](C)(C(=O)O)OC2)cc1,437.183838,8,4.27782,0,6,1,91.02,
CID_44577534,CC1=C(N=C(O1)C2=CC=CC=C2)CCOC3=CC=C(C=C3)CC4COC(OC4)(C)C(=O)O,437.183838,8,4.27782,0,6,1,91.02,
CHEMBL1097194,COC(=O)N(CC(=O)O)Cc1cccc(OCc2coc(-c3ccc(C(F)(F)F)cc3)n2)c1,464.119521,8,4.5924,0,6,1,102.1,
CHEMBL409355,CC1=C(C=C(C=C1)C2=NSC(=N2)CSC3=CC(=C(C=C3)OC(C)(C)C(=O)O)C)Cl,448.068212,7,6.00964,0,6,1,72.31,
CHEMBL363780,CC(C)(C)C1(C(=O)O)Cc2cc(OCCCOc3ccc(CC(F)(F)F)cc3Cl)ccc2O1,486.142086,8,6.0971,0,4,1,64.99,
CHEMBL5433003,CC1=CC(=CC(=C1OC(C)(C)C(=O)O)C)CCN2C(=O)CN(C2=O)C3=CC=C(C=C3)C(F)(F)F,478.171557,7,4.57554,0,4,1,87.15,
CHEMBL3601098,C[C@@H](Cc1cccc(NC(=O)c2ccc(NC(=O)Cc3ccc(C(C)(C)C)cc3)cc2)c1)C(=O)O,472.236208,8,5.6808,0,3,3,95.5,
CID_122184722,CC(CC1=CC(=CC=C1)NC(=O)C2=CC=C(C=C2)NC(=O)CC3=CC=C(C=C3)C(C)(C)C)C(=O)O,472.236208,8,5.6808,0,3,3,95.5,
CHEMBL484001,Cc1oc(-c2ccccc2)nc1CCOc1ccc(C[C@H](OCC2CC2)C(=O)O)c2sccc12,477.160994,11,5.90852,0,6,1,81.79,
CID_44591778,CC1=C(N=C(O1)C2=CC=CC=C2)CCOC3=C4C=CSC4=C(C=C3)CC(C(=O)O)OCC5CC5,477.160994,11,5.90852,0,6,1,81.79,
CHEMBL5866273,COc1ccc2nc(OC)c(C(=O)/C=C/c3cc(C)c(OC(C)(C)C(=O)O)c(C)c3)cc2c1,449.183838,8,5.00694,0,6,1,94.95,
CID_142599783,CC1=CC(=CC(=C1OC(C)(C)C(=O)O)C)C=CC(=O)C2=C(N=C3C=CC(=CC3=C2)OC)OC,449.183838,8,5.00694,0,6,1,94.95,
CHEMBL5403187,CC1=CC(=CC(=C1OC(C)(C)C(=O)O)C)CN2C(=O)CN(C2=O)C3=CC=C(C=C3)F,414.1591,6,3.65334,0,4,1,87.15,
CHEMBL1089176,CC1=CC=C(C=C1)OC(=O)N(CC2=CC=C(C=C2)OCCC3=C(OC(=N3)C4=CC=C(C=C4)Cl)C)CC(=O)O,534.155764,10,6.31894,0,6,1,102.1,
CHEMBL4591150,C1=CC(=CC(=C1)NCC2=C(C=C(C=C2)OCC3=CC=C(C=C3)F)OCC4=CC=C(C=C4)F)C(=O)O,475.159515,10,6.4331,0,4,2,67.79,
CHEMBL221529,CCOC(CC1=NC=C(C=C1)OCCCC2=C(OC(=N2)C3=CC=CC=C3)C)C(=O)O,410.184172,11,4.08882,0,6,1,94.68,
CHEMBL477095,Cc1oc(-c2ccccc2)nc1CCCc1ccc(C[C@@H](C(=O)O)n2cccc2)cc1,414.194343,9,5.49522,0,4,1,68.26,
CID_44263423,CC1=C(N=C(O1)C2=CC=CC=C2)CCCC3=CC=C(C=C3)CC(C(=O)O)N4C=CC=C4,414.194343,9,5.49522,0,4,1,68.26,
CHEMBL479207,CCCCCCCN(CCc1ccc(O[C@](C)(CC)C(=O)O)cc1)c1nc2ccccc2o1,452.267508,14,6.4794,0,5,1,75.8,
CHEMBL477119,CCCCCCCN(CCc1ccc(O[C@@](C)(CC)C(=O)O)cc1)c1nc2ccccc2o1,452.267508,14,6.4794,0,5,1,75.8,
CID_16058624,CCCCCCCN(CCC1=CC=C(C=C1)OC(C)(CC)C(=O)O)C2=NC3=CC=CC=C3O2,452.267508,14,6.4794,0,5,1,75.8,
CHEMBL1079961,COC1=CC=C(C=C1)C2=C(SC(=N2)SCCCCOC3=C(C=C(C=C3)OCC(=O)O)Cl)C4=CC=C(C=C4)OC,585.104657,14,7.5624,0,8,1,87.11,
CHEMBL78476,CC(C)OC(CC1=CC=C(C=C1)OCC2=NOC(=N2)C3CCCCC3)C(=O)O,388.199822,9,4.117,0,6,1,94.68,
CHEMBL222117,CO[C@@](C)(Cc1ccc(OCCc2nc(-c3ccccc3)oc2C)nc1)C(=O)O,396.168522,9,3.69872,0,6,1,94.68,
CHEMBL221850,CC1=C(N=C(O1)C2=CC=CC=C2)CCOC3=NC=C(C=C3)CC(C)(C(=O)O)OC,396.168522,9,3.69872,0,6,1,94.68,
CHEMBL5409347,CC1=CC(=CC(=C1OC(C)(C)C(=O)O)C)CN2C(=O)CN(C2=O)C3=CC=C(C=C3)OC(F)(F)F,480.150821,7,4.41284,0,5,1,96.38,
CHEMBL1090877,CC1=CC=C(C=C1)C2=NC(=C(O2)C)COC3=CC=CC(=C3)CN(CC(=O)O)C(=O)OC4=CC=C(C=C4)C,500.194737,9,5.93146,0,6,1,102.1,
CHEMBL200122,CCC(C(=O)O)C1CCc2cc(OCCc3nc(-c4ccc(OC)cc4)oc3C)ccc21,435.204573,9,5.42072,0,5,1,81.79,
CHEMBL4455529,CC1=C(C=CC(=C1)CNC2=CC=CC(=C2)C(=O)O)OCC3=CC=C(C=C3)Cl,381.113171,7,5.53772,0,3,2,58.56,
CHEMBL218687,CC1=C(SC(=N1)C2=CC=C(C=C2)C(F)(F)F)CCC3=CC=C(C=C3)OC(C)(C)C(=O)O,449.127249,7,6.16452,0,4,1,59.42,
CHEMBL270961,COc1ccc(-c2nc(CCCC[C@H]3CO[C@@](C)(C(=O)O)OC3)c(C)o2)cc1,389.183838,8,3.83522,0,6,1,91.02,
CID_21866841,CC1=C(N=C(O1)C2=CC=C(C=C2)OC)CCCCC3COC(OC3)(C)C(=O)O,389.183838,8,3.83522,0,6,1,91.02,
CHEMBL147384,Cc1oc(-c2ccc(F)cc2)nc1CCOc1ccc(C[C@H](Nc2ccccc2C(=O)c2ccccc2)C(=O)O)cc1,564.20605,12,6.74942,0,6,2,101.66,
CID_10674474,CC1=C(N=C(O1)C2=CC=C(C=C2)F)CCOC3=CC=C(C=C3)CC(C(=O)O)NC4=CC=CC=C4C(=O)C5=CC=CC=C5,564.20605,12,6.74942,0,6,2,101.66,
CHEMBL81676,CC1=C(N=C(O1)C2=CC=CC(=C2)C3=CC=CC=C3)CCOC4=CC=C(C=C4)CC(C)(C(=O)O)OC5=CC=CC=C5,533.220223,11,7.40332,0,5,1,81.79,
CHEMBL4083589,CN1CCOC2=C1C=C(C=C2)S(=O)(=O)N3C4=C(C=C(C=C4)Cl)C=C3CCCC(=O)O,448.08597,6,3.7676,0,6,1,88.84,
CHEMBL3103195,CC1=CC(=CC(=C1OC(C)(C)C(=O)O)C)C2CC2C(C3=CC=C(C=C3)C(F)(F)F)OC,436.186144,7,6.05544,0,3,1,55.76,
CHEMBL4072395,COC1=CC=C(C=C1)S(=O)(=O)N2C3=C(C=C(C=C3)Cl)C=C2CCCC(=O)O,407.059421,7,3.9476,0,5,1,85.6,
CHEMBL211371,CCOC(CC1=CC2=C(C=C1)N(C=C2)CC3=C(OC(=N3)C4=CC=CC=C4C)C)C(=O)O,418.189257,8,4.99364,0,5,1,77.49,
CHEMBL190976,CC[C@@]1(C(=O)O)Cc2cc(OCCCOc3ccc(CCC(F)(F)F)cc3Cl)ccc2O1,472.126436,10,5.8511,0,4,1,64.99,
CID_11754583,CCC1(CC2=C(O1)C=CC(=C2)OCCCOC3=C(C=C(C=C3)CCC(F)(F)F)Cl)C(=O)O,472.126436,10,5.8511,0,4,1,64.99,
CHEMBL462580,CC1=C(C=CC(=C1)CNC(=O)C2=CC(=NN2C)C3=CC=C(C=C3)C(C)(C)C)OC(C)(C)C(=O)O,463.247107,7,4.86502,0,5,2,93.45,
CHEMBL246209,Cc1sc(-c2ccc(C(C)C)cc2)nc1CCOc1ccc2c(c1)CC[C@H]2CC(=O)O,435.186815,8,6.36792,0,4,1,59.42,
CID_10274664,CC1=C(N=C(S1)C2=CC=C(C=C2)C(C)C)CCOC3=CC4=C(C=C3)C(CC4)CC(=O)O,435.186815,8,6.36792,0,4,1,59.42,
CHEMBL1779478,CCC(CC1=CC(=C(C=C1)OC)CNC(=O)C2=CC=C(C=C2)OCC3=CC=CC=C3)C(=O)O,447.204573,11,4.8575,0,4,2,84.86,
CHEMBL246270,CC1=C(N=C(O1)C2=CC=CC=C2)CCOC3=CC=CC(=C3)CN(CC4=CC=CC=C4)CC(=O)O,456.204907,11,5.35832,0,5,1,75.8,
CHEMBL5090142,CC1=C(C=CC(=C1)CN2C(=O)N(C=N2)C3=CC=C(C=C3)C(F)(F)F)OC(C)(C)C(=O)O,435.140591,6,3.65152,0,6,1,86.35,
CHEMBL398118,CCC(C(=O)O)OC1=CC=CC(=C1)CN(CCCOC2=CC=CC=C2)C3=NC4=C(O3)C(=CC=C4)F,478.1904,12,5.6846,0,6,1,85.03,
CHEMBL6160140,C[C@](Oc1ccc(-c2cccc3ccccc23)cc1)(C(=O)O)c1ccccc1,368.141244,5,5.8856,0,2,1,46.53,
CHEMBL5613117,CC(C1=CC=CC=C1)(C(=O)O)OC2=CC=C(C=C2)C3=CC=CC4=CC=CC=C43,368.141244,5,5.8856,0,2,1,46.53,
CHEMBL6170709,C[C@@](Oc1ccc(-c2cccc3ccccc23)cc1)(C(=O)O)c1ccccc1,368.141244,5,5.8856,0,2,1,46.53,
CHEMBL173494,CCCC1=C(C=CC2=C1ON=C2C3=CC=CC=C3)OCCCOC4=CC=C(C=C4)OCC(=O)O,461.183838,12,5.7586,0,6,1,91.02,
CHEMBL253310,CC1=C(SC(=N1)C2=CC=C(C=C2)C(F)(F)F)C(=O)NCC3=CC=C(C=C3)NS(=O)(=O)C(F)(F)F,523.045903,6,5.32882,0,5,2,88.16,
CHEMBL220681,CCc1ccc(OCCCOc2ccc3c(c2)CC[C@H]3CC(=O)O)c(OC)c1,384.193674,10,4.61,0,4,1,64.99,
CID_16110517,CCC1=CC(=C(C=C1)OCCCOC2=CC3=C(C=C2)C(CC3)CC(=O)O)OC,384.193674,10,4.61,0,4,1,64.99,
CHEMBL374323,CC1=C(N=C(O1)C2=CC=CC=C2)CCOC3=NC=C(C=C3)CC(C(C)C)C(=O)O,394.189257,9,4.56582,0,5,1,85.45,
CHEMBL220059,COc1cc(-c2nc(C)cs2)ccc1OCCCOc1ccc2c(c1)CC[C@H]2CC(=O)O,453.160994,10,5.47952,0,6,1,77.88,
CID_16110484,CC1=CSC(=N1)C2=CC(=C(C=C2)OCCCOC3=CC4=C(C=C3)C(CC4)CC(=O)O)OC,453.160994,10,5.47952,0,6,1,77.88,
CHEMBL593801,Cc1oc(-c2ccccc2)nc1CCCc1ccc(C[C@@H](C(=O)O)n2cccn2)cc1,415.189592,9,4.89022,0,5,1,81.15,
CHEMBL605088,CC1=C(N=C(O1)C2=CC=CC=C2)CCCC3=CC=C(C=C3)CC(C(=O)O)N4C=CC=N4,415.189592,9,4.89022,0,5,1,81.15,
CHEMBL321634,CCCN[C@@H](Cc1ccc(OCCc2nc(-c3ccccc3)oc2C)cc1)C(=O)O,408.204907,11,4.26682,0,5,2,84.59,
CID_9822722,CCCNC(CC1=CC=C(C=C1)OCCC2=C(OC(=N2)C3=CC=CC=C3)C)C(=O)O,408.204907,11,4.26682,0,5,2,84.59,
CHEMBL4847989,C=Cc1ccc(Cn2nc(CCCc3ccc(OC(C)(C)C(=O)O)cc3)n(Cc3ccc(C)cc3)c2=O)cc1,525.262757,12,5.51012,0,6,1,86.35,
CHEMBL199526,CCC(C(=O)O)C1CCc2cc(OCc3cc(-c4ccccc4)on3)ccc21,377.162708,7,5.0612,0,4,1,72.56,
CHEMBL120243,CCC(CC1=CC(=C(C=C1)OC)NC(=O)CC2=CC=C(C=C2)C(F)(F)F)C(=O)O,409.150093,8,4.5485,0,3,2,75.63,
CID_10076802,CC1=C(N=C(O1)C2=CC(=CC=C2)Cl)CCOC3=CC=CC(=C3)CC4C(N(C4=O)C5=CC=C(C=C5)C(C)(C)C)C(=O)O,572.2078,9,6.88112,0,5,1,92.87,
CHEMBL429734,Cc1oc(-c2cccc(Cl)c2)nc1CCOc1cccc(C[C@@H]2C(=O)N(c3ccc(C(C)(C)C)cc3)[C@@H]2C(=O)O)c1,572.2078,9,6.88112,0,5,1,92.87,
CHEMBL199794,CCC(C(=O)O)C1CCc2cc(OCCc3nc(-c4cccc(OC)c4)oc3C)ccc21,435.204573,9,5.42072,0,5,1,81.79,
CHEMBL230410,C/C(=N\OCCF)C(Cc1ccc(OCc2nc(-c3ccc(F)cc3)oc2C)cc1)C(=O)O,458.165328,11,4.97342,0,6,1,94.15,
CID_11363106,CC1=C(N=C(O1)C2=CC=C(C=C2)F)COC3=CC=C(C=C3)CC(C(=NOCCF)C)C(=O)O,458.165328,11,4.97342,0,6,1,94.15,
CHEMBL6170162,O=C(O)[C@H](Cc1ccccc1)Oc1ccc(-c2cc3ccccc3c3ccccc23)cc1,418.156895,6,6.7347,0,2,1,46.53,
CID_178306624,C1=CC=C(C=C1)CC(C(=O)O)OC2=CC=C(C=C2)C3=CC4=CC=CC=C4C5=CC=CC=C53,418.156895,6,6.7347,0,2,1,46.53,
CHEMBL434945,CC1=C(N=C(O1)C2=CC=CC=C2)CCOC3=CC4=C(C=C3)C(CC4)C(C)C(=O)O,391.178358,7,5.02202,0,4,1,72.56,
CHEMBL2022404,CCOC(=O)C(C)(C)OC1=CC=CC(=C1)NC(=O)C2=NN(C(=C2C)C3=CC=C(C=C3)Cl)C4=C(C=C(C=C4)Cl)Cl,585.098889,8,7.78072,0,6,1,82.45,
CHEMBL328615,CCCC1=C(C=CC(=C1)OC2=CC(=C(C=C2)Cl)C)OCCCOC3=CC=CC(=C3)C4C(=O)NC(=O)S4,525.137672,11,7.26522,0,6,1,73.86,
CHEMBL253952,CC1=C(N=C(O1)C2=CC=C(C=C2)O)CCOC3=CC=C(C=C3)CN(CC(=O)O)C(=O)OC4=CC=C(C=C4)OC,532.184566,11,5.07132,0,8,2,131.56,
CID_23628240,CCOC(CC1=CC=C(C=C1)CCC(C2=CC=CC=C2)OC(=S)NCC3=CC=C(C=C3)C(C)(C)C)C(=O)O,533.25998,12,6.7815,0,4,2,67.79,
CHEMBL393381,CCO[C@H](Cc1ccc(CCC(OC(=S)NCc2ccc(C(C)(C)C)cc2)c2ccccc2)cc1)C(=O)O,533.25998,12,6.7815,0,4,2,67.79,
CHEMBL400625,CC1=C(C=CC(=C1)SCC2=NSC(=N2)C3=CC=C(C=C3)C(F)(F)F)OC(C)(C)C(=O)O,468.078919,7,6.06662,0,6,1,72.31,
CHEMBL219609,CCOc1nc(-c2ccc(OCCCOc3ccc4c(c3)CC[C@H]4CC(=O)O)c(OC)c2)sc1CC,511.202859,13,6.1322,0,7,1,87.11,
CID_16110535,CCC1=C(N=C(S1)C2=CC(=C(C=C2)OCCCOC3=CC4=C(C=C3)C(CC4)CC(=O)O)OC)OCC,511.202859,13,6.1322,0,7,1,87.11,
CHEMBL2312708,Cc1cc(O[C@@H](Cc2ccccc2)C(=O)O)ccc1-c1ccccc1,332.141244,6,4.73672,0,2,1,46.53,
CID_71547108,CC1=C(C=CC(=C1)OC(CC2=CC=CC=C2)C(=O)O)C3=CC=CC=C3,332.141244,6,4.73672,0,2,1,46.53,
CHEMBL4110590,CS(=O)(=O)OC1=CC=C(C=C1)CC(=O)OCC2=CC=C(C=C2)CC(C(=O)O)SCCC3=CC=C(C=C3)F,546.118223,13,4.4216,0,7,1,106.97,
CHEMBL382718,CCC(C(=O)O)C1CCc2cc(OCCc3nc(-c4cccc5ccccc45)oc3C)ccc21,455.209658,8,6.56532,0,4,1,72.56,
CHEMBL206794,CC(C)(C(=O)O)OC1=CC=C(C=C1)OCCCOC2=C(C=C(C=C2)OC3=CC=C(C=C3)F)Cl,474.124544,11,6.3613,0,5,1,74.22,
CHEMBL4519376,CCCCCCC(C(=O)O)SC1=NC2=C(S1)C=C(C=C2)NC(=O)C3=CC=CC=C3,428.122835,10,6.0643,0,5,2,79.29,
CHEMBL4550448,CC1=C(C=CC(=C1)CNC2=CC=CC(=C2)C(=O)O)OCC3=CC=C(C=C3)I,473.048791,7,5.48892,0,3,2,58.56,
CHEMBL202739,CC[C@@](C)(Cc1ccc(OCCCOc2ccc(C3CCC(C)(C)CC3)cc2Cl)cc1)C(=O)O,486.253687,11,7.9151,0,3,1,55.76,
CID_44409375,CCC(C)(CC1=CC=C(C=C1)OCCCOC2=C(C=C(C=C2)C3CCC(CC3)(C)C)Cl)C(=O)O,486.253687,11,7.9151,0,3,1,55.76,
CID_25263403,CC1=C(N=C(O1)C2=CC=CC=C2)CCOC3=CC=C(C=C3)CC(C(=NOCC(C)C)C)C(=O)O,464.231122,12,5.56332,0,6,1,94.15,
CHEMBL388645,C/C(=N\OCC(C)C)C(Cc1ccc(OCCc2nc(-c3ccccc3)oc2C)cc1)C(=O)O,464.231122,12,5.56332,0,6,1,94.15,
CHEMBL180912,C1CC2=C(C=C(C=C2)OCCCOC3=C(C=C(C=C3)OCC(F)(F)F)Cl)OC1C(=O)O,460.090051,9,4.9072,0,5,1,74.22,
CHEMBL210163,CCOC(CC1=CC2=C(C=C1)N(C=C2)CC3=C(OC(=N3)C4=CC(=CC(=C4)Cl)Cl)C)C(=O)O,472.095663,8,5.99202,0,5,1,77.49,
CHEMBL4464538,CCCCCCC(C(=O)O)SC1=NC2=C(S1)C=C(C=C2)NCC3=CC=C(C=C3)C4=CC=CC=C4,490.17487,12,8.0911,0,5,2,62.22,
CHEMBL272017,Cc1ccc(-c2nc(CCCC[C@H]3CO[C@@](C)(C(=O)O)OC3)c(C)s2)cc1,389.166079,7,4.60354,0,5,1,68.65,
CID_9930277,CC1=CC=C(C=C1)C2=NC(=C(S2)C)CCCCC3COC(OC3)(C)C(=O)O,389.166079,7,4.60354,0,5,1,68.65,
CHEMBL213678,CCC1=CC=C(C=C1)C2=NC(=C(O2)C)CN3C=CC4=C3C=CC(=C4)CC(C(=O)O)OCC,432.204907,9,5.24762,0,5,1,77.49,
CHEMBL192152,CCCC1=CC2=C(C(=C1OC(C)(C)C(=O)O)CCC)ON=C2C(F)(F)F,373.150093,7,4.9936,0,4,1,72.56,
CHEMBL246203,CCc1ccc(-c2nc(CCOc3ccc4c(c3)CC[C@H]4CC(=O)O)c(C)o2)cc1,405.194008,8,5.33842,0,4,1,72.56,
CID_44442444,CCC1=CC=C(C=C1)C2=NC(=C(O2)C)CCOC3=CC4=C(C=C3)C(CC4)CC(=O)O,405.194008,8,5.33842,0,4,1,72.56,
CHEMBL560484,CCCCC(C(=O)O)SC1=CC=C(C=C1)OCCCOC2=CC=CC(=C2)C,388.17083,12,5.57842,0,4,1,55.76,
CHEMBL5277165,Cc1cc(CC(=O)O)cc(CN2CCN(c3nc4ccc(C(F)(F)F)cc4s3)[C@H](C(C)C)C2)c1,491.185433,6,5.59742,0,5,1,56.67,
CID_57966869,CC1=CC(=CC(=C1)CN2CCN(C(C2)C(C)C)C3=NC4=C(S3)C=C(C=C4)C(F)(F)F)CC(=O)O,491.185433,6,5.59742,0,5,1,56.67,
CHEMBL4453610,CC(C)(Oc1ccc(CCOc2ccc(/N=N/c3ccc(Br)cc3)cc2)cc1)C(=O)O,482.084119,9,6.728,0,5,1,80.48,
CID_155523441,CC(C)(C(=O)O)OC1=CC=C(C=C1)CCOC2=CC=C(C=C2)N=NC3=CC=C(C=C3)Br,482.084119,9,6.728,0,5,1,80.48,
CHEMBL3354987,Cc1c(C(=O)O)cccc1-c1ccc(/C=C2/SC(=O)N(CC(=O)Nc3ccc(F)cc3)C2=O)o1,480.079135,6,4.76732,0,6,2,116.92,
CID_1232372,CC1=C(C=CC=C1C(=O)O)C2=CC=C(O2)C=C3C(=O)N(C(=O)S3)CC(=O)NC4=CC=C(C=C4)F,480.079135,6,4.76732,0,6,2,116.92,
CHEMBL4879102,CC1=CC=C(C=C1)CN2C(=O)N(C(=N2)CCCC3=CC=C(C=C3)OC(C)(C)C(=O)O)CC4=CC=C(C=C4)F,517.237685,11,5.00622,0,6,1,86.35,
CHEMBL3827820,COC(=O)N(CC(=O)O)[C@@H](C)c1cccc(OCc2nc(-c3ccc(Cl)cc3)oc2C)c1,458.124464,8,5.09642,0,6,1,102.1,
CID_127044159,CC1=C(N=C(O1)C2=CC=C(C=C2)Cl)COC3=CC=CC(=C3)C(C)N(CC(=O)O)C(=O)OC,458.124464,8,5.09642,0,6,1,102.1,
CHEMBL2312718,O=C(O)[C@H](Cc1ccccc1)Oc1ccc(-c2ccccc2-c2ccccc2)cc1,394.156895,7,6.0953,0,2,1,46.53,
CID_71544686,C1=CC=C(C=C1)CC(C(=O)O)OC2=CC=C(C=C2)C3=CC=CC=C3C4=CC=CC=C4,394.156895,7,6.0953,0,2,1,46.53,
CHEMBL5077842,CC(C)(C(=O)O)OC1=C(C=C(C=C1)CN2C(=O)N(C=N2)C3=CC=C(C=C3)C(F)(F)F)OC(F)(F)F,505.10724,7,4.2417,0,7,1,95.58,
CHEMBL248318,CCO[C@@H](Cc1ccc(OC/C=C/c2cc(OCC(F)(F)F)cc(OCC(F)(F)F)c2)cc1)C(=O)O,522.147708,13,5.6932,0,5,1,74.22,
CID_16747684,CCOC(CC1=CC=C(C=C1)OCC=CC2=CC(=CC(=C2)OCC(F)(F)F)OCC(F)(F)F)C(=O)O,522.147708,13,5.6932,0,5,1,74.22,
CHEMBL191149,CCCc1cc2c(=O)n(C)oc2c(CCC)c1O[C@H](C(=O)O)c1ccc(C(C)C)cc1,425.220223,9,5.3646,0,5,1,81.67,
CID_6540257,CCCC1=CC2=C(C(=C1OC(C3=CC=C(C=C3)C(C)C)C(=O)O)CCC)ON(C2=O)C,425.220223,9,5.3646,0,5,1,81.67,
CHEMBL244786,CC1=C(C=CC(=C1)SCC2=NC(=NS2)C3=CC=C(C=C3)C(C)(C)C)OC(C)(C)C(=O)O,456.154135,7,6.34532,0,6,1,72.31,
CHEMBL454678,CC1=C(C=CC(=C1)CNC(=O)C2=NN(C(=C2)C3=CC=C(C=C3)CC(C)C)C)OC(C)(C)C(=O)O,463.247107,9,4.76602,0,5,2,93.45,
CHEMBL484409,CO[C@@H](Cc1ccc(OCCc2nc(-c3ccc(C(C)C)cc3)oc2C)c2ccsc12)C(=O)O,479.176644,10,6.25172,0,6,1,81.79,
CID_44591726,CC1=C(N=C(O1)C2=CC=C(C=C2)C(C)C)CCOC3=C4C=CSC4=C(C=C3)CC(C(=O)O)OC,479.176644,10,6.25172,0,6,1,81.79,
CHEMBL270587,CCC(CC1=CC(=C(C=C1)OC)CNC(=O)C2=CC=C(C=C2)C3=CC=CC=C3)C(=O)O,417.194008,9,4.9455,0,3,2,75.63,
CHEMBL591347,CCCCc1cccc(/C(C)=N/OCCCCO/N=C(/CCC(=O)O)c2ccccc2)c1,438.251858,15,5.8357,0,5,1,80.48,
CID_46229833,CCCCC1=CC(=CC=C1)C(=NOCCCCON=C(CCC(=O)O)C2=CC=CC=C2)C,438.251858,15,5.8357,0,5,1,80.48,
CHEMBL4094877,C1=CC=C(C=C1)S(=O)(=O)N2C3=C(C=C(C=C3)Cl)C=C2CCCC(=O)O,377.048857,6,3.939,0,4,1,76.37,
CHEMBL3827740,CC1=C(N=C(O1)C2=CC=C(C=C2)Cl)COC3=CC(=C(C=C3)F)CN(CC(=O)O)C(=O)OCCCF,508.121271,11,5.40432,0,6,1,102.1,
CHEMBL205665,CC[C@@](C)(Cc1ccc(OCCCOc2ccccc2Cl)cc1)C(=O)O,376.144137,10,5.2313,0,3,1,55.76,
CID_44409131,CCC(C)(CC1=CC=C(C=C1)OCCCOC2=CC=CC=C2Cl)C(=O)O,376.144137,10,5.2313,0,3,1,55.76,
CHEMBL2312700,COc1ccccc1-c1ccc(O[C@@H](Cc2ccccc2)C(=O)O)cc1,348.136159,7,4.4369,0,3,1,55.76,
CID_71544851,COC1=CC=CC=C1C2=CC=C(C=C2)OC(CC3=CC=CC=C3)C(=O)O,348.136159,7,4.4369,0,3,1,55.76,
CHEMBL200746,CCC(C(=O)O)C1CCc2cc(OCCc3coc(-c4ccccc4)n3)ccc21,391.178358,8,5.1037,0,4,1,72.56,
CHEMBL3828487,CC1=C(N=C(O1)C2=CC=C(C=C2)C(F)(F)F)COC3=CC(=C(C=C3)F)CN(CC(=O)O)C(=O)OC,496.125749,8,5.03992,0,6,1,102.1,
CHEMBL248117,CC(C)(C(=O)O)OC1=CC=CC(=C1)CCN(CCOC2=CC=CC=C2)C3=NC4=CC=CC=C4O3,460.199822,11,5.1979,0,6,1,85.03,
CHEMBL234819,CCO[C@@H](Cc1ccc(CCC(OC(=S)NCc2ccccc2)c2ccccc2)cc1)C(=O)O,477.197379,12,5.484,0,4,2,67.79,
CHEMBL394031,CCO[C@H](Cc1ccc(CCC(OC(=S)NCc2ccccc2)c2ccccc2)cc1)C(=O)O,477.197379,12,5.484,0,4,2,67.79,
CID_44431867,CCOC(CC1=CC=C(C=C1)CCC(C2=CC=CC=C2)OC(=S)NCC3=CC=CC=C3)C(=O)O,477.197379,12,5.484,0,4,2,67.79,
CHEMBL491142,CC1=C(N=C(O1)C2=CC=CC=C2)CCOC3=CC=C(C=C3)CC4=NN(N=C4CC(=O)O)C5=CC=CC=C5,494.195405,10,5.07012,0,7,1,103.27,
CHEMBL247314,CCO[C@@H](Cc1ccc(OC/C=C/c2cc(CCc3ccccc3)cc(CCc3ccccc3)c2)cc1)C(=O)O,534.27701,15,7.3814,0,3,1,55.76,
CID_44441224,CCOC(CC1=CC=C(C=C1)OCC=CC2=CC(=CC(=C2)CCC3=CC=CC=C3)CCC4=CC=CC=C4)C(=O)O,534.27701,15,7.3814,0,3,1,55.76,
CHEMBL5086358,CC(C)(C(=O)O)OC1=C(C=C(C=C1)CN2C(=O)N(C=N2)C3=CC=C(C=C3)OC(F)(F)F)OC(F)(F)F,521.102155,8,4.1215,0,8,1,104.81,
CHEMBL190334,CCC1(C(=O)O)Cc2cc(OCCCOc3ccc(CC(C)(C)C)cc3Cl)ccc2O1,446.186002,9,5.9448,0,4,1,64.99,
CHEMBL1169827,CC1=C(C=CC(=C1)[Se]CC2=C(N=C(S2)C3=CC=C(C=C3)C(F)(F)F)C)OCC(=O)O,501.01247,7,4.43884,0,4,1,59.42,
CHEMBL203408,CC[C@](C)(Cc1ccc(OCCCOc2ccc(Oc3ccc(F)cc3)cc2Cl)cc1)C(=O)O,486.16093,12,7.1627,0,4,1,64.99,
CHEMBL203409,CC[C@@](C)(Cc1ccc(OCCCOc2ccc(Oc3ccc(F)cc3)cc2Cl)cc1)C(=O)O,486.16093,12,7.1627,0,4,1,64.99,
CHEMBL203621,CCC(C)(CC1=CC=C(C=C1)OCCCOC2=C(C=C(C=C2)OC3=CC=C(C=C3)F)Cl)C(=O)O,486.16093,12,7.1627,0,4,1,64.99,
CHEMBL3752643,CC(C)(CCCOc1ccc(/C=C/c2ccc(Cl)cc2)cc1)C(=O)O,358.133572,8,5.7802,0,2,1,46.53,
CID_122378605,CC(C)(CCCOC1=CC=C(C=C1)C=CC2=CC=C(C=C2)Cl)C(=O)O,358.133572,8,5.7802,0,2,1,46.53,
CHEMBL6176769,CC1=CC(=CC(=C1OC(C)(C)C(=O)O)C)CN2CCN(C2=O)C3=CC=C(C=C3)C(F)(F)F,450.176642,6,5.00644,0,3,1,70.08,
CHEMBL270835,Cc1oc(-c2ccccc2)nc1CCCCC[C@H]1CO[C@@](C)(C(=O)O)OC1,373.188923,8,4.21672,0,5,1,81.79,
CID_21866931,CC1=C(N=C(O1)C2=CC=CC=C2)CCCCCC3COC(OC3)(C)C(=O)O,373.188923,8,4.21672,0,5,1,81.79,
CHEMBL368371,CCCC1=C(C=CC2=C1ON=C2C3=CC=CC=C3)OCCCCOC4=CC=C(C=C4)C(C)(C)C(=O)O,487.235873,12,7.0475,0,5,1,81.79,
CHEMBL6177610,CC1=C(C=CC(=C1)CN2CCN(C2=O)C3=CC=C(C=C3)C(F)(F)F)OC(C)(C)C(=O)O,436.160992,6,4.69802,0,3,1,70.08,
CHEMBL220281,CC1=C(SC(=N1)C2=CC=C(C=C2)Cl)C(=O)NCC3=CC=C(C=C3)OC(C)(C)C(=O)O,444.091056,7,4.94392,0,5,2,88.52,
CHEMBL372404,CC[C@H](C(=O)O)[C@@H]1CCc2cc(OCCc3nc(-c4ccc(Cl)c(Cl)c4)oc3C)ccc21,473.116064,8,6.71892,0,4,1,72.56,
CHEMBL199373,CCC(C1CCC2=C1C=CC(=C2)OCCC3=C(OC(=N3)C4=CC(=C(C=C4)Cl)Cl)C)C(=O)O,473.116064,8,6.71892,0,4,1,72.56,
CHEMBL202236,CC[C@@H](C(=O)O)[C@H]1CCc2cc(OCCc3nc(-c4ccc(Cl)c(Cl)c4)oc3C)ccc21,473.116064,8,6.71892,0,4,1,72.56,
CHEMBL4060007,COC1=CC=C(C=C1)S(=O)(=O)N2C3=C(C=C(C=C3)C(F)(F)F)C=C2CCCC(=O)O,441.085778,7,4.313,0,5,1,85.6,
CHEMBL492534,CCCC1=C(C=CC(=C1)C(=O)C2=CC=C(C=C2)F)OCCCN3C=CC4=C3C=CC(=C4)OC(C)(C)C(=O)O,517.226451,12,6.675,0,5,1,77.76,
CHEMBL1779482,CC[C@@H](Cc1ccc(OC)c(CNC(=O)c2ccc(Oc3ccc(Br)cc3)cc2)c1)C(=O)O,511.099435,10,5.8333,0,4,2,84.86,
CID_54580531,CCC(CC1=CC(=C(C=C1)OC)CNC(=O)C2=CC=C(C=C2)OC3=CC=C(C=C3)Br)C(=O)O,511.099435,10,5.8333,0,4,2,84.86,
CHEMBL426269,CC(C)[C@@]1(C(=O)O)Cc2cc(OCCCOc3cc(C(F)(F)F)ccc3Cl)ccc2O1,458.110786,8,5.621,0,4,1,64.99,
CID_11408502,CC(C)C1(CC2=C(O1)C=CC(=C2)OCCCOC3=C(C=CC(=C3)C(F)(F)F)Cl)C(=O)O,458.110786,8,5.621,0,4,1,64.99,
CHEMBL119791,CCC(CC1=CC(=C(C=C1)OC)C(=O)NCC2=CC=C(C=C2)C3=CC=CC=C3)C(=O)O,417.194008,9,4.9455,0,3,2,75.63,
CHEMBL574607,C1=CC=C(C=C1)CCCC2=CC=C(C=C2)OC(CC3=CC=CC=C3)C(=O)O,360.172545,9,4.9366,0,2,1,46.53,
CHEMBL5282696,CC1=C(C=CC(=C1)CNC2=CC(=CC(=C2)C(=O)O)F)C3=CC=C(C=C3)C(F)(F)F,403.119542,5,6.13022,0,2,2,49.33,
CHEMBL513594,CC1=C(C=CC(=C1)CNC(=O)C2=NN(C(=C2)C3=CC=C(C=C3)C4=CC=CC=C4)C)OC(C)(C)C(=O)O,483.215806,8,5.23452,0,5,2,93.45,
CHEMBL3827940,CC1=C(N=C(O1)C2=CC=CC=C2)COC3=CC(=C(C=C3)F)CN(CC(=O)O)C(=O)OC,428.138365,8,4.02112,0,6,1,102.1,
CHEMBL377898,CCCOC(CC1=CC2=C(C=C1)N(C=C2)CC3=C(OC(=N3)C4=CC=C(C=C4)C(F)(F)F)C)C(=O)O,486.176642,9,6.09412,0,5,1,77.49,
CHEMBL248324,CC(C(=O)O)OC1=CC=CC(=C1)CN(CCCOC2=CC=CC=C2)C3=NC4=CC=CC=C4O3,446.184172,11,5.1554,0,6,1,85.03,
CHEMBL209546,CCOC(CC1=CC2=C(C=C1)N(C=C2)CC3=C(OC(=N3)C4=CC=CC=C4)C)C(=O)O,404.173607,8,4.68522,0,5,1,77.49,
CHEMBL6177074,CC1=CC(=CC(=C1OC(C)(C)C(=O)O)C)CN2CCN(C2=O)C3=CC=CC=C3,382.189257,6,3.98764,0,3,1,70.08,
CHEMBL551479,CCCC[C@@H](Sc1ccc(OCCCOc2cccc(C)c2C)cc1)C(=O)O,402.18648,12,5.88684,0,4,1,55.76,
CHEMBL558141,CCCCC(C(=O)O)SC1=CC=C(C=C1)OCCCOC2=CC=CC(=C2C)C,402.18648,12,5.88684,0,4,1,55.76,
CHEMBL5187974,CCCCCCCCCCCCCCCC1=CC(=CC=C1)OC(C)(C)C(=O)O,390.313395,17,7.5623,0,2,1,46.53,
CHEMBL383398,CCC(C(=O)O)C1CCc2cc(OCCc3nc(-c4ccc(Cl)cc4)oc3C)ccc21,439.155036,8,6.06552,0,4,1,72.56,
CHEMBL237519,CC1=C(C=C(C=C1)OC2=CC(=C(C=C2)OC(C)(C)C(=O)O)C)CNC(=O)C3=C(C=C(C=C3)C(F)(F)F)F,519.166886,8,6.42564,0,4,2,84.86,
CHEMBL382655,CC[C@H](Cc1ccc(OC)c(CNC(=O)c2ccc(C(F)(F)F)c(F)c2)c1)C(=O)O,427.140671,8,4.4364,0,3,2,75.63,
CID_11683336,CCC(CC1=CC(=C(C=C1)OC)CNC(=O)C2=CC(=C(C=C2)C(F)(F)F)F)C(=O)O,427.140671,8,4.4364,0,3,2,75.63,
CHEMBL202118,CC[C@@H](Cc1ccc(OC)c(CNC(=O)c2ccc(C(F)(F)F)c(F)c2)c1)C(=O)O,427.140671,8,4.4364,0,3,2,75.63,
CHEMBL522754,CCOC(CC1=CC=C(C=C1)OCCN2CCC(=CC2)C3=C(C(=CC=C3)Cl)Cl)C(=O)O,463.131714,10,5.1937,0,4,1,59.0,
CHEMBL262981,CC(C)OC(CC1=CC=C(C=C1)OCCC2=NOC(=N2)C3=CC=C(C=C3)F)C(=O)O,414.1591,10,3.9179,0,6,1,94.68,
CHEMBL3901479,CC(C1=NC(=NO1)C2=CC=C(C=C2)OC3=CC=C(C=C3)OC)NC(=O)C,353.137556,6,3.7346,0,6,1,86.48,
CHEMBL435523,CCCC1=C(C=CC2=C1ON=C2C3=CC=CC=C3)OCCCCOC4=CC=CC(=C4)CC(=O)O,459.204573,12,6.3124,0,5,1,81.79,
CHEMBL369053,CCCC1=C(C=CC2=C1ON=C2C3=CC=CC=C3)OCCCCOC4=CC=CC(=C4)C(=O)O,445.188923,11,6.3835,0,5,1,81.79,
CHEMBL516960,C=C(COC1=CC=C(C=C1)C(F)(F)F)CSC2=C(C=C(C=C2)OCC(=O)O)Cl,432.040992,9,5.5495,0,4,1,55.76,
CHEMBL3827241,CC1=C(N=C(O1)C2=CC=C(C=C2)F)COC3=CC(=C(C=C3)F)CN(CC(=O)O)C(=O)OC,446.128943,8,4.16022,0,6,1,102.1,
CHEMBL246070,CCC(C(=O)O)OC1=CC=CC(=C1)CN(CCCOC2=CC=C(C=C2)C)C3=NC4=CC=CC=C4O3,474.215472,12,5.85392,0,6,1,85.03,
CHEMBL516964,C=CCn1nc(C(=O)NCc2ccc(OC(C)(C)C(=O)O)c(C)c2)cc1-c1ccc(C(C)(C)C)cc1,489.262757,9,5.51402,0,5,2,93.45,
CHEMBL318684,CCCC1=C(C=CC(=C1)OC2=CC(=C(C=C2)Cl)Cl)OCCCOC3=CC=CC(=C3)C4C(=O)NC(=O)S4,545.083049,11,7.6102,0,6,1,73.86,
CHEMBL331469,CCC(CC1=CC(=C(C=C1)OC)C(=O)CCC2=CC=C(C=C2)C(F)(F)F)C(=O)O,408.154844,9,5.1828,0,3,1,63.6,
CHEMBL5289051,C1=CC(=CC=C1CNC2=CC(=CC(=C2)C(=O)O)F)C3=CC=C(C=C3)C(F)(F)F,389.103892,5,5.8218,0,2,2,49.33,
CHEMBL5405371,C1CCC(C1)C2=NC(=NO2)C3=CN=CC=C3,215.105862,2,2.7892,0,4,0,51.81,
CHEMBL401534,CC1=C(N=C(O1)C2=CC=CC=C2)CCOC3=CC=CC(=C3)CC4=CN(CCC4C(=O)O)C(=O)OCC5=CC=CC=C5,552.226037,10,6.44122,0,6,1,102.1,
CHEMBL398117,CCC(C(=O)O)OC1=CC=CC(=C1)CN(CCCOC2=CC=CC=C2)C3=NC4=C(O3)C=CC(=C4)F,478.1904,12,5.6846,0,6,1,85.03,
CHEMBL5413218,C1CCN(C1)C2(CCN(CC2)C3=NC4=C(S3)C=C(C=C4)C(F)(F)F)CCOC5=CC(=CC(=C5)CC(=O)O)Cl,567.157025,8,6.4995,0,6,1,65.9,
CHEMBL96143,CCCC1=C(C=CC(=C1)OC2=CC(=C(C=C2)F)C)OCCCOC3=CC=CC(=C3)C4C(=O)NC(=O)S4,509.167222,11,6.75092,0,6,1,73.86,
CHEMBL312791,CC(C)OC(CC1=CC=C(C=C1)OCC2=NOC(=N2)C3=CC=C(C=C3)C(F)(F)F)C(=O)O,450.140256,9,4.7551,0,6,1,94.68,
CHEMBL1088257,COc1cc(OC(=O)N(CC(=O)O)[C@@H](C)c2cccc(OCc3coc(-c4ccc(Cl)cc4)n3)c2)ccc1F,554.125607,10,6.3683,0,7,1,111.33,
CID_46889074,CC(C1=CC(=CC=C1)OCC2=COC(=N2)C3=CC=C(C=C3)Cl)N(CC(=O)O)C(=O)OC4=CC(=C(C=C4)F)OC,554.125607,10,6.3683,0,7,1,111.33,
CHEMBL200495,CCCC1=C(C=CC2=C1ON=C2C(F)(F)F)OCCCOC3=CC4=C(C=C3)N(C=C4)CC(=O)O,476.155906,10,5.6863,0,6,1,86.72,
CHEMBL199855,CCC(C(=O)O)C1CCc2cc(OCCc3nc(-c4ccco4)oc3C)ccc21,395.173273,8,5.00512,0,5,1,85.7,
CHEMBL2312712,Cc1ccc(-c2ccc(O[C@@H](Cc3ccccc3)C(=O)O)cc2)cc1,332.141244,6,4.73672,0,2,1,46.53,
CID_71544680,CC1=CC=C(C=C1)C2=CC=C(C=C2)OC(CC3=CC=CC=C3)C(=O)O,332.141244,6,4.73672,0,2,1,46.53,
CHEMBL262558,CCC(CC1=CC(=C(C=C1)OC)CCCC2=CC=C(C=C2)C(F)(F)F)C(=O)O,394.175579,9,5.5426,0,2,1,46.53,
CHEMBL23296,CCCC1=C(C=CC2=C1ON=C2C(F)(F)F)OCCCSC3=C(C=C(C=C3)CC(=O)O)Cl,487.083191,10,6.6408,0,5,1,72.56,
CHEMBL192609,C1C2=C(C=CC(=C2)OCCCOC3=C(C=C(C=C3)CC(F)(F)F)Cl)OC1(C(=O)O)C(F)(F)F,498.066871,8,5.6133,0,4,1,64.99,
CHEMBL5079792,CC(C)(Oc1ccc(CCOc2ccc(/N=N/c3ccccc3)cc2Cl)cc1)C(=O)O,438.134635,9,6.6189,0,5,1,80.48,
CHEMBL5093897,CC(C)(Oc1ccc(CCOc2ccc(/N=N\c3ccccc3)cc2Cl)cc1)C(=O)O,438.134635,9,6.6189,0,5,1,80.48,
CID_166629036,CC(C)(C(=O)O)OC1=CC=C(C=C1)CCOC2=C(C=C(C=C2)N=NC3=CC=CC=C3)Cl,438.134635,9,6.6189,0,5,1,80.48,
CHEMBL191275,O=C(O)[C@H](Cc1ccccc1)Oc1ccc(-c2ccccc2)cc1,318.125594,6,4.4283,0,2,1,46.53,
CID_11483970,C1=CC=C(C=C1)CC(C(=O)O)OC2=CC=C(C=C2)C3=CC=CC=C3,318.125594,6,4.4283,0,2,1,46.53,
CHEMBL5440452,C1=CC(=CN=C1)C2=NOC(=N2)C3=COC=C3,213.053826,2,2.3916,0,5,0,64.95,
CHEMBL3764076,CCC(CC1=CC=C(C=C1)C(=O)NCC2=CC=C(C=C2)OC3=CC=CC=C3)C(=O)O,403.178358,9,5.0622,0,3,2,75.63,
CHEMBL5075951,CC1=CC(=CC(=C1OC(C)(C)C(=O)O)Cl)CN2C(=O)N(C=N2)C3=CC=C(C=C3)C(F)(F)F,469.101618,6,4.30492,0,6,1,86.35,
CHEMBL424939,COc1cc(-c2nc3ccccc3s2)ccc1OCCCOc1ccc2c(c1)CC[C@H]2CC(=O)O,489.160994,10,6.3243,0,6,1,77.88,
CID_10005763,COC1=C(C=CC(=C1)C2=NC3=CC=CC=C3S2)OCCCOC4=CC5=C(C=C4)C(CC5)CC(=O)O,489.160994,10,6.3243,0,6,1,77.88,
CHEMBL3103200,CC1=CC(=CC(=C1OC(C)(C)C(=O)O)C)C2CC2C(C3=CC=C(C=C3)OC(F)(F)F)OC,452.181059,8,5.93524,0,4,1,64.99,
CHEMBL5613042,CC[C@](C)(Oc1ccc(-c2cccc3ccccc23)cc1)C(=O)O.NC1CCCCC1,419.246044,5,6.4167,0,3,2,72.55,
CID_177660416,CCC(C)(C(=O)O)OC1=CC=C(C=C1)C2=CC=CC3=CC=CC=C32.C1CCC(CC1)N,419.246044,5,6.4167,0,3,2,72.55,
CHEMBL5613053,CC[C@@](C)(Oc1ccc(-c2cccc3ccccc23)cc1)C(=O)O.NC1CCCCC1,419.246044,5,6.4167,0,3,2,72.55,
CHEMBL380837,CC(C)(C(=O)O)OC1=CC=CC(=C1)OCCCOC2=C(C=C(C=C2)OC3=CC=C(C=C3)F)Cl,474.124544,11,6.3613,0,5,1,74.22,
CHEMBL5070178,CC(C)(C(=O)O)OC1=C(C=C(C=C1)CN2C(=O)N(C=N2)C3=CC=C(C=C3)C(F)(F)F)C(F)(F)F,489.112325,6,4.3619,0,6,1,86.35,
CHEMBL5613141,O=C(O)[C@H](Cc1ccccc1)Oc1ccc(-c2cccc3ccccc23)cc1,368.141244,6,5.5815,0,2,1,46.53,
CID_172053276,C1=CC=C(C=C1)CC(C(=O)O)OC2=CC=C(C=C2)C3=CC=CC4=CC=CC=C43,368.141244,6,5.5815,0,2,1,46.53,
CHEMBL387023,CCOC(CC1=CC2=C(C=C1)N(C=C2)CC3=C(OC(=N3)C4=CC=C(C=C4)C(C)C)C)C(=O)O,446.220557,9,5.80862,0,5,1,77.49,
CHEMBL1934476,Cc1nc(-c2ccc(Cl)cc2)sc1C(=O)N[C@H]1CCCN(c2cccc(C(=O)O)c2)C1,455.10704,5,4.86892,0,5,2,82.53,
CHEMBL1934317,CC1=C(SC(=N1)C2=CC=C(C=C2)Cl)C(=O)NC3CCCN(C3)C4=CC=CC(=C4)C(=O)O,455.10704,5,4.86892,0,5,2,82.53,
CHEMBL245464,CCC(C(=O)O)OC1=CC=CC(=C1)CN(CCCOC2=CC=CC=C2)C3=NC4=C(O3)C=CC(=C4)C(F)(F)F,528.187207,12,6.5643,0,6,1,85.03,
CHEMBL3982782,CN1CCN(CC(=O)OCc2ccc(CC(SCCc3ccc(F)cc3)C(=O)O)cc2)CC1,474.198857,11,3.0879,0,6,1,70.08,
CHEMBL1087587,COC(=O)N(CC(=O)O)[C@@H](C)c1cccc(OCc2coc(-c3ccc(C)cc3)n2)c1,424.163436,8,4.44302,0,6,1,102.1,
CID_46888994,CC1=CC=C(C=C1)C2=NC(=CO2)COC3=CC=CC(=C3)C(C)N(CC(=O)O)C(=O)OC,424.163436,8,4.44302,0,6,1,102.1,
CHEMBL3899254,CC1=C(N=C(O1)C2=CC=CC=C2)CC(=O)OCC3=CC=C(C=C3)CC(C(=O)O)SCCC4=CC=C(C=C4)F,533.167222,12,6.04662,0,6,1,89.63,
CHEMBL471533,CC1=C(C=CC(=C1)CNC(=O)C2=NN(C(=C2)C3=CC=C(C=C3)C4=CC=NC=C4)C)OC(C)(C)C(=O)O,484.211055,8,4.62952,0,6,2,106.34,
CHEMBL271394,Cc1ccc(-c2nc(CCCC[C@H]3CO[C@@](C)(C(=O)O)OC3)c(C)o2)cc1C,387.204573,7,4.44346,0,5,1,81.79,
CID_10157036,CC1=C(C=C(C=C1)C2=NC(=C(O2)C)CCCCC3COC(OC3)(C)C(=O)O)C,387.204573,7,4.44346,0,5,1,81.79,
CHEMBL245674,CC1=C(N=C(O1)C2=CC=CC=C2)CCOC3=CC=C(C=C3)CN(CC4=CC=CC=N4)CC(=O)O,457.200156,11,4.75332,0,6,1,88.69,
CHEMBL376165,CCCOC1=C(C=C(C=C1)CC(CC)C(=O)O)CNC(=O)C2=C(C=C(C=C2)C(F)(F)F)F,455.171971,10,5.2166,0,3,2,75.63,
CHEMBL6174854,C[C@@](Oc1ccc(-c2cc3ccccc3c3ccccc23)cc1)(C(=O)O)c1ccccc1,418.156895,5,7.0388,0,2,1,46.53,
CID_178310603,CC(C1=CC=CC=C1)(C(=O)O)OC2=CC=C(C=C2)C3=CC4=CC=CC=C4C5=CC=CC=C53,418.156895,5,7.0388,0,2,1,46.53,
CHEMBL5290621,C1=CC(=CC=C1C2=NC=C(C=C2)CNC3=CC(=CC(=C3)C(=O)O)F)C(F)(F)F,390.099141,5,5.2168,0,3,2,62.22,
CHEMBL5082783,CC1=CC(=CC(=C1OC(C)(C)C(=O)O)C)OCN2C(=O)N(C=N2)C3=CC=C(C=C3)C(F)(F)F,465.151155,7,3.94814,0,7,1,95.58,
CHEMBL2206302,CCCCCCCN(CCc1ccc(O[C@H](C)C(=O)[O-])cc1)c1nc2ccccc2o1.[Na+],446.218152,13,1.3685,0,6,0,78.63,
CHEMBL2206303,CCCCCCCN(CCc1ccc(O[C@@H](C)C(=O)[O-])cc1)c1nc2ccccc2o1.[Na+],446.218152,13,1.3685,0,6,0,78.63,
CID_56945389,CCCCCCCN(CCC1=CC=C(C=C1)OC(C)C(=O)[O-])C2=NC3=CC=CC=C3O2.[Na+],446.218152,13,1.3685,0,6,0,78.63,
CHEMBL363006,CC(C)[C@@]1(C(=O)O)Cc2cc(OCCOc3ccc(OC(F)(F)F)cc3Cl)ccc2O1,460.090051,8,5.1107,0,5,1,74.22,
CID_11363175,CC(C)C1(CC2=C(O1)C=CC(=C2)OCCOC3=C(C=C(C=C3)OC(F)(F)F)Cl)C(=O)O,460.090051,8,5.1107,0,5,1,74.22,
CHEMBL281608,CC(C)(C(=O)O)SC1=CC=C(C=C1)CCN(CCC2=CC=C(C=C2)C3=CC=CC=C3)C(=O)NC4=CC(=CC(=C4)Cl)Cl,606.151069,11,8.935,0,3,2,69.64,
CHEMBL5089520,CC1=CC(=CC(=C1OC(C)(C)C(=O)O)C)CN2C(=O)N(C=N2)C3=CC=C(C=C3)F,399.159434,6,3.08024,0,6,1,86.35,
CHEMBL514713,CC1=C(N=C(O1)C2=CC=C(C=C2)F)CCOC3=CC4=C(C=C3)C=C(C(=O)O4)C(=O)OC,423.111816,6,4.30362,0,7,0,91.77,
CHEMBL122418,CCCC1=C(C=CC(=C1)CC2CCCCC2)OCCCOC3=CC=CC(=C3)C4C(=O)NC(=O)S4,481.22868,11,6.6339,0,5,1,64.63,
CHEMBL1089501,CC1=C(N=C(O1)C2=CC=C(C=C2)Cl)COC3=CC=CC(=C3)CN(CC(=O)O)C(=O)OC,444.108814,8,4.53542,0,6,1,102.1,
CHEMBL5402424,CC1=CC(=CC(=C1OC(C)C(=O)O)C)CN2C(=O)CN(C2=O)C3=CC=C(C=C3)C(F)(F)F,450.140256,6,4.14294,0,4,1,87.15,
CHEMBL550332,CCCCC(C(=O)O)SC1=CC=C(C=C1)OCCCOC2=CC=CC(=C2)OC,404.165745,13,5.2786,0,5,1,64.99,
CHEMBL374296,CCCC(CC1=CN=C(C=C1)OCCC2=C(OC(=N2)C3=CC=CC=C3)C)C(=O)O,394.189257,10,4.70992,0,5,1,85.45,
CHEMBL425639,CC1=C(N=C(O1)C2=CC(=CC=C2)Cl)CCOC3=NC=C(C=C3)CC4(CCCO4)C(=O)O,442.12955,8,4.49622,0,6,1,94.68,
CHEMBL437479,CCCC1=C(C=CC2=C1C=CC(=C2)C(=O)C3=CC=CC=C3)OCCCN4C=CC5=C4C=CC(=C5)OC(C)(C)C(=O)O,549.251523,12,7.6891,0,5,1,77.76,
CHEMBL325844,COC(=O)C(CC1=CC=C(C=C1)OCCOC2=CC3=CC=CC=C3C=C2)C(=O)OC,408.157288,9,3.8023,0,6,0,71.06,
CHEMBL592054,Cc1oc(-c2ccccc2)nc1COc1ccc(CO/N=C(\CCC(=O)O)c2ccccc2)cc1,470.184172,11,6.01472,0,6,1,94.15,
CID_9890879,CC1=C(N=C(O1)C2=CC=CC=C2)COC3=CC=C(C=C3)CON=C(CCC(=O)O)C4=CC=CC=C4,470.184172,11,6.01472,0,6,1,94.15,
CHEMBL76676,CC(C)OC(CC1=CC=C(C=C1)OCC2=NOC(=N2)C3=CC=C(C=C3)C(C)(C)C)C(=O)O,438.215472,9,5.0338,0,6,1,94.68,
CID_166631193,CC(C)C1=CC=C(C=C1)N=NC2=CC=C(C=C2)OCCC3=CC=C(C=C3)OC(C)(C)C(=O)O,446.220557,10,7.0889,0,5,1,80.48,
CHEMBL5093865,CC(C)c1ccc(/N=N\c2ccc(OCCc3ccc(OC(C)(C)C(=O)O)cc3)cc2)cc1,446.220557,10,7.0889,0,5,1,80.48,
CHEMBL5085675,CC(C)c1ccc(/N=N/c2ccc(OCCc3ccc(OC(C)(C)C(=O)O)cc3)cc2)cc1,446.220557,10,7.0889,0,5,1,80.48,
CHEMBL219626,CC1=C(SC(=N1)C2=CC=C(C=C2)OC(F)(F)F)C(=O)NCC3=CC=C(C=C3)OC(C)(C)C(=O)O,494.112327,8,5.18912,0,6,2,97.75,
CHEMBL5079871,CC(C)(C(=O)O)OC1=C(C=C(C=C1)CN2C(=O)N(C=N2)C3=CC=C(C=C3)C(F)(F)F)Cl,455.085968,6,3.9965,0,6,1,86.35,
CHEMBL516463,C=C(COc1ccc(C(F)(F)F)cc1)COc1ccc(OCC(=O)O)c(C)c1,396.118458,9,4.49122,0,4,1,64.99,
CHEMBL3318038,CCCCCCC(C(=O)O)SC1=NC(=CC(=N1)Cl)NC2=CC=C(C=C2)NC3=CC=CC=C3,470.154325,12,7.1329,0,6,3,87.14,
CHEMBL1088911,CC1=CC=C(C=C1)OC(=O)N(CC2=CC(=CC=C2)OCCC3=C(OC(=N3)C4=CC=C(C=C4)Cl)C)CC(=O)O,534.155764,10,6.31894,0,6,1,102.1,
CHEMBL220152,CCOc1nc(-c2ccc(OCCCOc3ccc4c(c3)CC[C@H]4CC(=O)O)c(OC)c2)sc1C,497.187209,12,5.87822,0,7,1,87.11,
CID_10481007,CCOC1=C(SC(=N1)C2=CC(=C(C=C2)OCCCOC3=CC4=C(C=C3)C(CC4)CC(=O)O)OC)C,497.187209,12,5.87822,0,7,1,87.11,
CHEMBL5092961,CC1=CC(=CC(=C1OC(C)(C)C(=O)O)C)CN2C(=O)N(C=N2)C3=CC=C(C=C3)OC,411.179421,7,2.94974,0,7,1,95.58,
CHEMBL388008,CCCO/N=C(\C)C(Cc1ccc(OCc2nc(-c3ccc(F)cc3)oc2C)cc1)C(=O)O,454.1904,11,5.41392,0,6,1,94.15,
CID_25263411,CCCON=C(C)C(CC1=CC=C(C=C1)OCC2=C(OC(=N2)C3=CC=C(C=C3)F)C)C(=O)O,454.1904,11,5.41392,0,6,1,94.15,
CHEMBL201653,CCCC1=C(C=CC(=C1)C(=O)C2=CC=C(C=C2)F)OCCCOC3=CC=CC4=C3C=CN4CC(=O)O,489.195151,12,5.8964,0,5,1,77.76,
CHEMBL387133,CC1=C(N=C(O1)C2=CC=CC=C2)CCOC3=NC=C(C=C3)CC(C)(C)C(=O)O,380.173607,8,4.31982,0,5,1,85.45,
CHEMBL562659,C=CCO/N=C(\c1ccccc1)c1ccc2c(c1)C(C)(C)CCN2CCOc1ccc(C[C@H](OCC)C(=O)O)cc1,556.293722,14,6.2405,0,6,1,80.59,
CID_45273207,CCOC(CC1=CC=C(C=C1)OCCN2CCC(C3=C2C=CC(=C3)C(=NOCC=C)C4=CC=CC=C4)(C)C)C(=O)O,556.293722,14,6.2405,0,6,1,80.59,
CHEMBL5414699,CCCCCC1=NC(=NO1)C2=CN=CC=C2,217.121512,5,2.8643,0,4,0,51.81,
CHEMBL378705,CCOC(CC1=CC2=C(C=C1)N(C=C2)CC3=C(OC(=N3)C4=CC=CC=C4OC)C)C(=O)O,434.184172,9,4.69382,0,6,1,86.72,
CHEMBL472071,CCCCCCC[C@H]1C(=O)C=C[C@@H]1OCCCCCC(=O)O,310.214409,13,4.1322,0,3,1,63.6,
CID_16046722,CCCCCCCC1C(C=CC1=O)OCCCCCC(=O)O,310.214409,13,4.1322,0,3,1,63.6,
CHEMBL260840,CC1=C(C=C(C=C1)C2=NSC(=N2)COC3=CC(=C(C=C3)OC(C)(C)C(=O)O)C)Cl,432.091056,7,5.29634,0,6,1,81.54,
CHEMBL2112997,CCO[C@H](Cc1ccc(OC/C=C(/C)C#Cc2ccc(-c3ccc(C#C/C(C)=C/COc4ccc(C[C@@H](OCC)C(=O)O)cc4)cc3)cc2)cc1)C(=O)O,726.319268,17,8.1716,0,6,2,111.52,
CID_71459934,CCOC(CC1=CC=C(C=C1)OCC=C(C)C#CC2=CC=C(C=C2)C3=CC=C(C=C3)C#CC(=CCOC4=CC=C(C=C4)CC(C(=O)O)OCC)C)C(=O)O,726.319268,17,8.1716,0,6,2,111.52,
CHEMBL2069935,CC(C)(Oc1ccc(CCOc2ccc(/C=C/C(=O)c3cc(Cl)ccc3O)cc2)cc1)C(=O)O,480.133966,10,5.8052,0,5,2,93.06,
CID_70682504,CC(C)(C(=O)O)OC1=CC=C(C=C1)CCOC2=CC=C(C=C2)C=CC(=O)C3=C(C=CC(=C3)Cl)O,480.133966,10,5.8052,0,5,2,93.06,
CHEMBL374344,CC1=C(N=C(O1)C2=CC=C(C=C2)C3=CC=CC=C3)CCOC4=CC(=C(C=C4)CCC(=O)O)CNC(=O)OC5=NC=CN=C5,578.216535,12,6.03432,0,8,2,136.67,
CHEMBL239353,Cc1cnc(-c2ccc(C(C)C)cc2)nc1N(C)CCCOc1ccc2c(c1)CC[C@H]2CC(=O)O,473.267842,10,5.98522,0,5,1,75.55,
CID_10367602,CC1=CN=C(N=C1N(C)CCCOC2=CC3=C(C=C2)C(CC3)CC(=O)O)C4=CC=C(C=C4)C(C)C,473.267842,10,5.98522,0,5,1,75.55,
CHEMBL1630380,CC1=C(C=CC(=C1)[Se]CC2=C(N=C(S2)C3=CC=C(C=C3)C(F)(F)F)C)OC(C)(C)C(=O)O,529.043771,7,5.21744,0,4,1,59.42,
CHEMBL374901,CCCc1cc(-c2nccs2)ccc1OCCCOc1ccc2c(c1)CC[C@H]2CC(=O)O,451.181729,11,6.115,0,5,1,68.65,
CID_16110482,CCCC1=C(C=CC(=C1)C2=NC=CS2)OCCCOC3=CC4=C(C=C3)C(CC4)CC(=O)O,451.181729,11,6.115,0,5,1,68.65,
CHEMBL5411943,CC(C)(C(=O)O)OC1=CC=C(C=C1)CN2C(=O)CN(C2=O)C3=CC=C(C=C3)C(F)(F)F,436.124606,6,3.9162,0,4,1,87.15,
CHEMBL2204602,CC1=C(N=C(O1)C2=CC(=CC=C2)Br)CN(CC3=CC=C(C=C3)OC)CC4=CC=C(C=C4)OC(C)(C)C(=O)O,578.141634,11,6.86552,0,6,1,85.03,
CHEMBL199846,CCC(C(=O)O)C1CCc2cc(OCCCc3nc(-c4ccccc4)oc3C(F)(F)F)ccc21,473.181393,9,6.5126,0,4,1,72.56,
CHEMBL443910,CC1=C(N=C(O1)C2=CC=C(C=C2)F)CCOC3=CC4=C(CC(C(=O)O4)C(=O)OC)C=C3,425.127466,6,3.66132,0,7,0,87.86,
CHEMBL20280,CC(C)(C(=O)O)SC1=CC=C(C=C1)CCN(CCCCC2CCCCC2)C(=O)NC3=CC=CC(=C3)C#N,521.271213,12,7.34078,0,4,2,93.43,
CHEMBL473300,C=CCOc1ccc(-c2cc(C(=O)NCc3ccc(OC(C)(C)C(=O)O)c(C)c3)nn2C)cc1,463.210721,10,4.13232,0,6,2,102.68,
CHEMBL1934481,Cc1nc(-c2cccc(Cl)c2)sc1C(=O)N[C@H]1CCCN(c2cccc(C(=O)O)c2)C1,455.10704,5,4.86892,0,5,2,82.53,
CID_57403073,CC1=C(SC(=N1)C2=CC(=CC=C2)Cl)C(=O)NC3CCCN(C3)C4=CC=CC(=C4)C(=O)O,455.10704,5,4.86892,0,5,2,82.53,
CHEMBL5401013,CC(C)C1(CCN(CC1)C2=NC3=C(S2)C=C(C=C3)Cl)CCOC4=C(C=CC(=C4)CC(=O)O)Cl,506.119769,8,6.9419,0,5,1,62.66,
CHEMBL1828826,CC(C)(CCCOc1ccc(/C=C/c2ccccc2)cc1)C(=O)O,324.172545,8,5.1268,0,2,1,46.53,
CID_54753640,CC(C)(CCCOC1=CC=C(C=C1)C=CC2=CC=CC=C2)C(=O)O,324.172545,8,5.1268,0,2,1,46.53,
CHEMBL248906,CCCCCCCN(CCc1ccc(O[C@@](C)(CC)C(=O)O)cc1)C(=O)Nc1ccc(F)cc1F,490.264314,14,6.6439,0,3,2,78.87,
CID_657048,CCCCCCCN(CCC1=CC=C(C=C1)OC(C)(CC)C(=O)O)C(=O)NC2=C(C=C(C=C2)F)F,490.264314,14,6.6439,0,3,2,78.87,
CHEMBL5435068,CCC1(CCN(CC1)C2=NC3=C(S2)C=C(C=C3)Cl)CCOC4=C(C=CC(=C4)CC(=O)O)Cl,492.104119,8,6.6959,0,5,1,62.66,
CHEMBL1081355,CCCCOC1=C(C=C(C=C1)C2=CC(=C(C=C2)C)C(=O)O)CNC(=O)C3=C(C=C(C=C3)C(F)(F)F)F,503.171971,9,6.62702,0,3,2,75.63,
CHEMBL401811,CC1=C(N=C(O1)C2=CC=CC=C2)CCCCCCOC(C)(C)C(=O)O,345.194008,10,4.63272,0,4,1,72.56,
CHEMBL221044,CCCc1cc(C2=NC3OCCCC3S2)ccc1OCCCOc1ccc2c(c1)CC[C@H]2CC(=O)O,509.223594,11,5.99,0,6,1,77.35,
CID_44420600,CCCC1=C(C=CC(=C1)C2=NC3C(S2)CCCO3)OCCCOC4=CC5=C(C=C4)C(CC5)CC(=O)O,509.223594,11,5.99,0,6,1,77.35,
CHEMBL4449760,CC(C)(Oc1ccc(OCCc2ccc(/N=N/c3ccccc3)cc2)cc1)C(=O)O,404.173607,9,5.9655,0,5,1,80.48,
CID_155520683,CC(C)(C(=O)O)OC1=CC=C(C=C1)OCCC2=CC=C(C=C2)N=NC3=CC=CC=C3,404.173607,9,5.9655,0,5,1,80.48,
CHEMBL1092235,CC1=C(N=C(O1)C2=CC=C(C=C2)Cl)COC3=CC=CC(=C3)CN(CC(=O)O)C(=O)OC4CCCCC4,512.171414,9,6.23832,0,6,1,102.1,
CHEMBL120611,CCC(CC1=CC(=C(C=C1)OC)C(=O)NCCC2=CC=C(C=C2)C(F)(F)F)C(=O)O,423.165743,9,4.3398,0,3,2,75.63,
CHEMBL242007,CC1=C(C=CC(=C1)SCC2=NC(=NS2)C3=CC=C(C=C3)OC(F)(F)F)OC4(CCCC4)C(=O)O,510.089484,8,6.48062,0,7,1,81.54,
CHEMBL1089164,CC1=CC=C(C=C1)OC(=O)N(CC2=CC(=CC=C2)OCC3=C(OC(=N3)C4=CC=C(C=C4)F)C)CC(=O)O,504.169665,9,5.76214,0,6,1,102.1,
CHEMBL214272,CCOC(CC1=CC2=C(C=C1)N(C=C2)CC3=C(OC(=N3)C4=CC=C(C=C4)F)C)C(=O)O,422.164185,8,4.82432,0,5,1,77.49,
CHEMBL3103194,CC1=CC=C(C=C1)C(C2CC2C3=CC(=C(C(=C3)C)OC(C)(C)C(=O)O)C)OC,382.214409,7,5.34506,0,3,1,55.76,
CHEMBL246206,Cc1oc(-c2ccc(F)cc2)nc1CCOc1ccc2c(c1)CC[C@H]2CC(=O)O,395.153286,7,4.91512,0,4,1,72.56,
CID_44442448,CC1=C(N=C(O1)C2=CC=C(C=C2)F)CCOC3=CC4=C(C=C3)C(CC4)CC(=O)O,395.153286,7,4.91512,0,4,1,72.56,
CHEMBL426451,CCCc1cc(C(=O)CC)cc(Cl)c1O[C@H](C(=O)O)c1ccc(C(C)C)cc1,402.159787,9,6.2133,0,3,1,63.6,
CID_11281114,CCCC1=C(C(=CC(=C1)C(=O)CC)Cl)OC(C2=CC=C(C=C2)C(C)C)C(=O)O,402.159787,9,6.2133,0,3,1,63.6,
CHEMBL3827378,CC1=CC=C(C=C1)C2=NC(=C(O2)C)COC3=CC(=C(C=C3)F)CN(CC(=O)O)C(=O)OC,442.154015,8,4.32954,0,6,1,102.1,
CHEMBL428037,CC1=C(C=CC(=C1)OCC2=NC(=NS2)C3=CC=C(C=C3)C(F)(F)F)OC(C)(C)C(=O)O,452.101763,7,5.35332,0,6,1,81.54,
CHEMBL557580,CC1=C(N=C(O1)C2=CC=CC=C2)CCOC3=CC=C(C=C3)CN(CC(=O)O)C(=O)OC4=CC=C(C=C4)OC.Cl,552.166329,11,5.78752,0,7,1,111.33,
CHEMBL259055,CC1=C(C=CC(=C1)SCC2=NC(=NS2)C3=CC(=C(C=C3)OC(F)(F)F)Cl)OC(C)(C)C(=O)O,518.034861,8,6.59982,0,7,1,81.54,
CHEMBL219156,CCCCCCCCCCCCCCCCCCNS(=O)(=O)NCCC,390.328,21,6.0819,0,2,2,58.2,
CHEMBL519351,CCO[C@@H](Cc1ccc(OCCc2nc(-c3ccccc3)oc2C)c2sccc12)C(=O)O,451.145344,10,5.51842,0,6,1,81.79,
CID_44591816,CCOC(CC1=C2C=CSC2=C(C=C1)OCCC3=C(OC(=N3)C4=CC=CC=C4)C)C(=O)O,451.145344,10,5.51842,0,6,1,81.79,
CHEMBL451216,CCCC1=C(C=CC(=C1)C(=O)C2=CC3=CC=CC=C3C=C2)OCCCN4C=CC5=C4C=CC(=C5)OC(C)(C)C(=O)O,549.251523,12,7.6891,0,5,1,77.76,
CHEMBL4558447,CC(=O)N[C@@H](C)c1nc(-c2ccc(Oc3ccc(OCc4ccccc4)cc3)cc2)no1,429.168856,8,5.305,0,6,1,86.48,
CHEMBL4528723,CC(C1=NC(=NO1)C2=CC=C(C=C2)OC3=CC=C(C=C3)OCC4=CC=CC=C4)NC(=O)C,429.168856,8,5.305,0,6,1,86.48,
CHEMBL2312704,CCCC1=CC=CC=C1C2=CC=C(C=C2)OC(CC3=CC=CC=C3)C(=O)O,360.172545,8,5.3808,0,2,1,46.53,
CHEMBL1088910,CC1=CC=C(C=C1)OC(=O)N(CC2=CC=C(C=C2)OCC3=C(OC(=N3)C4=CC=C(C=C4)Cl)C)CC(=O)O,520.140114,9,6.27644,0,6,1,102.1,
CHEMBL318351,CC[C@@H](Cc1ccc(OC)c(C(=O)NCc2ccc(Oc3ccc(F)cc3)cc2)c1)C(=O)O,451.179501,10,5.2099,0,4,2,84.86,
CID_9825046,CCC(CC1=CC(=C(C=C1)OC)C(=O)NCC2=CC=C(C=C2)OC3=CC=C(C=C3)F)C(=O)O,451.179501,10,5.2099,0,4,2,84.86,
CHEMBL1934483,Cc1nc(-c2ccc(F)cc2)sc1C(=O)N[C@H]1CCCN(c2cccc(C(=O)O)c2)C1,439.136591,5,4.35462,0,5,2,82.53,
CID_57392630,CC1=C(SC(=N1)C2=CC=C(C=C2)F)C(=O)NC3CCCN(C3)C4=CC=CC(=C4)C(=O)O,439.136591,5,4.35462,0,5,2,82.53,
CHEMBL1630386,CC1=C(C=CC(=C1)[Se]CC2=C(N=C(S2)C3=CC(=C(C=C3)C(F)(F)F)F)C)OC(C)C(=O)O,533.018699,7,4.96644,0,4,1,59.42,
CHEMBL554562,CO/N=C(\c1ccccc1)c1ccc2c(c1)C(C)(C)CCN2CCOc1ccc(C[C@H](OCC(F)(F)F)C(=O)O)cc1,584.249807,12,6.2267,0,6,1,80.59,
CID_45268062,CC1(CCN(C2=C1C=C(C=C2)C(=NOC)C3=CC=CC=C3)CCOC4=CC=C(C=C4)CC(C(=O)O)OCC(F)(F)F)C,584.249807,12,6.2267,0,6,1,80.59,
CHEMBL191235,CCCC1=CC(=CC(=C1OC(C2=CC=CC=C2)C(=O)O)CCC)C(=O)C(C)(C)C,396.23006,9,6.0251,0,3,1,63.6,
CHEMBL404467,CC1=CC=C(C=C1)S(=O)(=O)NC2=CC=C(C=C2)CNC(=O)C3=C(N=C(S3)C4=CC=C(C=C4)C(F)(F)F)C,545.105468,7,6.17654,0,5,2,88.16,
CHEMBL230179,CCOC(COC1=CC=C(C=C1)C(F)(F)F)COC2=CC(=C(C=C2)OCC(=O)O)C,428.144673,11,4.34012,0,5,1,74.22,
CHEMBL125230,CC(C)(C(=O)O)OC1=CC=C(C=C1)CCN(CCCCCC2CCCCC2)C(=O)NC3=CC=C(C=C3)F,512.305036,13,7.285,0,3,2,78.87,
CHEMBL5085903,CC1=CC(=CC(=C1OC(C)(C)C(=O)O)C)CCN2C(=O)N(C=N2)C3=CC=C(C=C3)C(F)(F)F,463.171891,7,4.15434,0,6,1,86.35,
CHEMBL5429285,C1=C(c2nc(-c3cccnc3)no2)CCC1,213.090212,2,2.6989,0,4,0,51.81,
CHEMBL240459,CCc1ccc(-c2nc(C)cc(N(C)CCCOc3ccc4c(c3)CC[C@H]4CC(=O)O)n2)cc1,459.252192,10,5.42422,0,5,1,75.55,
CID_44439729,CCC1=CC=C(C=C1)C2=NC(=CC(=N2)N(C)CCCOC3=CC4=C(C=C3)C(CC4)CC(=O)O)C,459.252192,10,5.42422,0,5,1,75.55,
CHEMBL5395441,CC1=CC(=CC(=C1OC(C)(C)C(=O)O)C)CN2C(=O)CN(C2=O)C3=CC(=C(C=C3)C(F)(F)F)F,482.146485,6,4.67214,0,4,1,87.15,
CHEMBL5405631,CC1=CC(=CC(=C1OCC(=O)O)C)CN2C(=O)CN(C2=O)C3=CC=C(C=C3)C(F)(F)F,436.124606,6,3.75444,0,4,1,87.15,
CHEMBL5614338,CC(C)[C@H](Oc1ccc(-c2cccc3ccccc23)cc1)C(=O)O,320.141244,5,4.9948,0,2,1,46.53,
CHEMBL5613948,CC(C)C(C(=O)O)OC1=CC=C(C=C1)C2=CC=CC3=CC=CC=C32,320.141244,5,4.9948,0,2,1,46.53,
CHEMBL122070,CCC(CC1=CC(=C(C=C1)OC)C(=O)NCC2=CC=C(C=C2)OC3=CC=CC=C3)C(=O)O,433.188923,10,5.0708,0,4,2,84.86,
CHEMBL200043,CCC(C(=O)O)C1CCc2cc(OCCc3nc(C4CCCCC4)oc3C)ccc21,411.240959,8,5.79282,0,4,1,72.56,
CHEMBL521007,COc1cc(OC)cc(-c2nc(CCOc3ccc(C[C@H](OC)C(=O)O)c4sccc34)c(C)o2)c1,497.150823,11,5.14552,0,8,1,100.25,
CID_10141607,CC1=C(N=C(O1)C2=CC(=CC(=C2)OC)OC)CCOC3=C4C=CSC4=C(C=C3)CC(C(=O)O)OC,497.150823,11,5.14552,0,8,1,100.25,
CID_142599790,CC1=CC(=CC(=C1OC(C)(C)C(=O)O)C)C=CC(=O)C2=CC3=CC=CC=C3N=C2C,403.178358,6,5.29816,0,4,1,76.49,
CHEMBL5987251,Cc1cc(/C=C/C(=O)c2cc3ccccc3nc2C)cc(C)c1OC(C)(C)C(=O)O,403.178358,6,5.29816,0,4,1,76.49,
CHEMBL247926,CC1=C(N=C(O1)C2=CC=CC=C2)CCOC3=CC=C(C=C3)CN(CC4=CC=CC5=CC=CC=C54)CC(=O)O,506.220557,11,6.51152,0,5,1,75.8,
CHEMBL260839,CC1=C(C=C(C=C1)C2=NSC(=N2)COC3=CC(=C(C=C3)OC(C)(C)C(=O)O)C)C,412.145678,7,4.95136,0,6,1,81.54,
CHEMBL484607,Cc1oc(-c2ccccc2)nc1CCOc1ccc(C[C@H](OCC(F)(F)F)C(=O)O)c2sccc12,505.117078,10,6.06082,0,6,1,81.79,
CID_44591753,CC1=C(N=C(O1)C2=CC=CC=C2)CCOC3=C4C=CSC4=C(C=C3)CC(C(=O)O)OCC(F)(F)F,505.117078,10,6.06082,0,6,1,81.79,
CHEMBL2113000,CCO[C@H](Cc1ccc(OC/C=C(\C)c2ccc(-c3ccc(/C(C)=C/COc4ccc(C[C@@H](OCC)C(=O)O)cc4)cc3)cc2)cc1)C(=O)O,678.319268,19,8.3826,0,6,2,111.52,
CID_11169884,CCOC(CC1=CC=C(C=C1)OCC=C(C)C2=CC=C(C=C2)C3=CC=C(C=C3)C(=CCOC4=CC=C(C=C4)CC(C(=O)O)OCC)C)C(=O)O,678.319268,19,8.3826,0,6,2,111.52,
CID_25263404,CCCCON=C(C)C(CC1=CC=C(C=C1)OCCC2=C(OC(=N2)C3=CC=CC=C3)C)C(=O)O,464.231122,13,5.70742,0,6,1,94.15,
CHEMBL230705,CCCCO/N=C(\C)C(Cc1ccc(OCCc2nc(-c3ccccc3)oc2C)cc1)C(=O)O,464.231122,13,5.70742,0,6,1,94.15,
CHEMBL344282,CC1=C(C=C(C=C1)CN2C(=O)N(C(=N2)CCCC3=CC=C(C=C3)OC(C)(C)C(=O)O)C)C,437.231456,9,3.66424,0,6,1,86.35,
CHEMBL373813,CCCc1cc(-c2nc(CC)cs2)ccc1OCCCOc1ccc2c(c1)CC[C@H]2CC(=O)O,479.21303,12,6.6774,0,5,1,68.65,
CID_16110486,CCCC1=C(C=CC(=C1)C2=NC(=CS2)CC)OCCCOC3=CC4=C(C=C3)C(CC4)CC(=O)O,479.21303,12,6.6774,0,5,1,68.65,
CHEMBL229888,COC1=C(C=C(C=C1)CCC(=O)O)CNC(=O)C2=CC=C(C=C2)C(F)(F)F,381.118793,7,3.6612,0,3,2,75.63,
CHEMBL4466987,C1=CC(=CC(=C1)NCC2=CC=C(C=C2)OCC3=C(C=C(C=C3)F)F)C(=O)O,369.11765,7,4.8541,0,3,2,58.56,
CHEMBL561544,CCCCC(C(=O)O)SC1=CC=C(C=C1)OCCCOC2=CC(=C(C=C2)C)C,402.18648,12,5.88684,0,4,1,55.76,
CHEMBL172490,CCCC1=C(C=CC2=C1ON=C2C3=CC=CC=C3)OCCCOC4=CC=C(C=C4)OC(C)C(=O)O,475.199488,12,6.1471,0,6,1,91.02,
CHEMBL364378,CCCc1cc2c(oc(=O)n2CC)c(CCC)c1O[C@H](C(=O)O)c1ccc(C(C)C)cc1,439.235873,10,5.8475,0,5,1,81.67,
CID_11178156,CCCC1=CC2=C(C(=C1OC(C3=CC=C(C=C3)C(C)C)C(=O)O)CCC)OC(=O)N2CC,439.235873,10,5.8475,0,5,1,81.67,
CHEMBL258832,CC1=C(C=CC(=C1)SCC2=NC(=NS2)C3=CC(=C(C=C3)C(F)(F)F)F)OC(C)(C)C(=O)O,486.069497,7,6.20572,0,6,1,72.31,
CHEMBL5416385,C1=CC(c2nc(-c3cccnc3)no2)CC1,213.090212,2,2.5652,0,4,0,51.81,
CHEMBL366145,CC(C)[C@@]1(C(=O)O)Cc2cc(OCCCOc3ccc(OC(F)(F)F)cc3Cl)ccc2O1,474.105701,9,5.5008,0,5,1,74.22,
CID_11248512,CC(C)C1(CC2=C(O1)C=CC(=C2)OCCCOC3=C(C=C(C=C3)OC(F)(F)F)Cl)C(=O)O,474.105701,9,5.5008,0,5,1,74.22,
CHEMBL360231,C[C@]1(C(=O)O)CCc2ccc(OCCCOc3ccc(OCC4CCC4)cc3Cl)cc2O1,460.165266,10,5.5351,0,5,1,74.22,
CID_44388907,CC1(CCC2=C(O1)C=C(C=C2)OCCCOC3=C(C=C(C=C3)OCC4CCC4)Cl)C(=O)O,460.165266,10,5.5351,0,5,1,74.22,
CHEMBL401560,CC(C)(C(=O)O)OC1=CC=C(C=C1)CNC(=O)C2=CC=C(C=C2)C3=CC=C(C=C3)C#N,414.157957,7,4.39728,0,4,2,99.42,
CHEMBL173285,CCCC1=C(C=CC2=C1ON=C2C3=CC=CC=C3)OCCCOC4=CC=C(C=C4)CC(=O)O,445.188923,11,5.9223,0,5,1,81.79,
CHEMBL425725,CCC1(C(=O)O)Cc2cc(OCCCOc3ccc(SC(F)(F)F)cc3Cl)ccc2O1,476.067207,9,5.9681,0,5,1,64.99,
CHEMBL4866115,CC1=CC=C(C=C1)CN2C(=NN(C2=O)CC3=CC=C(C=C3)C)CCCC4=CC=C(C=C4)OC(C)(C)C(=O)O,513.262757,11,5.17554,0,6,1,86.35,
CHEMBL370809,CCOC(=O)C(C(=O)O)C1CCc2cc(OCCc3nc(-c4ccccc4)oc3C)ccc21,449.183838,9,4.56522,0,6,1,98.86,
CID_142599780,CC1=CC(=CC(=C1OC(C)(C)C(=O)O)C)C=CC(=O)C2=CC3=CC=CC=C3N=C2OC,419.173273,7,4.99834,0,5,1,85.72,
CHEMBL5784387,COc1nc2ccccc2cc1C(=O)/C=C/c1cc(C)c(OC(C)(C)C(=O)O)c(C)c1,419.173273,7,4.99834,0,5,1,85.72,
CID_76312721,CC1=C(N=C(O1)C2=CC=CC=C2)CCOC3=CC=C(C=C3)CC(C4=CC=CC=C4C(=O)C5=CC=CC=C5)(C(=O)O)O,547.199488,11,6.01742,0,6,2,109.86,
CHEMBL2282523,Cc1oc(-c2ccccc2)nc1CCOc1ccc(C[C@@](O)(C(=O)O)c2ccccc2C(=O)c2ccccc2)cc1,547.199488,11,6.01742,0,6,2,109.86,
CHEMBL2113219,CC1(C)C=C(C(F)(F)F)c2cc(Cl)c(OCCCOc3ccc(CC(C)(C)C(=O)O)cc3)cc2O1,512.157736,9,6.9579,0,4,1,64.99,
CHEMBL231528,CCOCC(COC1=CC=C(C=C1)C(F)(F)F)CSC2=CC(=C(C=C2)OCC(=O)O)C,458.13748,12,5.30102,0,5,1,64.99,
CHEMBL557342,CCCCC(C(=O)O)SC1=CC=C(C=C1)OCCCOC2=CC=C(C=C2)C,388.17083,12,5.57842,0,4,1,55.76,
CHEMBL5090949,Cc1ccc(/N=N/c2ccc(OCCc3ccc(OC(C)(C)C(=O)O)cc3)cc2)cc1,418.189257,9,6.27392,0,5,1,80.48,
CID_166627220,CC1=CC=C(C=C1)N=NC2=CC=C(C=C2)OCCC3=CC=C(C=C3)OC(C)(C)C(=O)O,418.189257,9,6.27392,0,5,1,80.48,
CHEMBL506730,CCCC1=C(C=CC2=C1C=CC(=C2)C(=O)C3=CC=C(C=C3)OC)OCCCN4C=CC5=C4C=CC(=C5)OC(C)(C)C(=O)O,579.262088,13,7.6977,0,6,1,86.99,
CID_76319009,CC1=C(N=C(O1)C2CCCCC2)CCOC3=CC=C(C=C3)CC(C(=O)O)OC4=CC=CC=C4,449.220223,10,5.72692,0,5,1,81.79,
CHEMBL2237300,Cc1oc(C2CCCCC2)nc1CCOc1ccc(C[C@H](Oc2ccccc2)C(=O)O)cc1,449.220223,10,5.72692,0,5,1,81.79,
CHEMBL482740,CCCCCCOC(CC1=C2C(=C(C=C1)OCCC3=C(OC(=N3)C4=CC=CC=C4)C)C=CS2)C(=O)O,507.207944,14,7.07882,0,6,1,81.79,
CHEMBL397970,CC1=C(C=CC(=C1)SCC(COC2=CC=C(C=C2)C(F)(F)F)O)OCC(=O)O,416.090529,9,4.00922,0,5,2,75.99,
CHEMBL5207071,CC(C)(C)OC(=O)NC(CSCC1=CC=C(C=C1)CC2=CC=CC=C2)C(=O)O,401.166079,8,4.4885,0,4,2,75.63,
CHEMBL4443452,C1=CC(=CC(=C1)NCC2=CC=C(C=C2)OCC3=CC=C(C=C3)C(F)(F)F)C(=O)O,401.123878,7,5.5947,0,3,2,58.56,
CHEMBL5084019,CC1=CC=C(C=C1)N2C=NN(C2=O)CC3=CC(=C(C(=C3)C)OC(C)(C)C(=O)O)C,395.184506,6,3.24956,0,6,1,86.35,
CHEMBL573015,C1=CC=C(C=C1)CC(C(=O)O)OC2=CC=C(C=C2)CSC3=CC=CC=C3,364.113315,8,5.0536,0,3,1,46.53,
CHEMBL1927475,CC1=C(SC(=N1)C2=CC=C(C=C2)C(F)(F)F)CSC3=CC(=C(C=C3)OC(C(=O)O)F)C(C)C,499.089898,8,7.31202,0,5,1,59.42,
CHEMBL383789,CCC(C(=O)O)C1CCc2cc(OCCc3nc(-c4cccc(F)c4)oc3C)ccc21,423.184587,8,5.55122,0,4,1,72.56,
CHEMBL514544,CCOC(CC1=CC=C(C=C1)OCCN2CCC(=CC2)C3=CC=CC=C3C(F)(F)F)C(=O)O,463.197043,10,4.9057,0,4,1,59.0,
CHEMBL1087471,COC(=O)N(CC(=O)O)Cc1cccc(OCc2csc(-c3ccc(Cl)cc3)n2)c1,446.07032,8,4.6955,0,6,1,88.96,
CHEMBL411118,COc1ccc(N2C(=O)[C@@H](Cc3ccc(OCCc4nc(-c5ccccc5)oc4C)cc3)[C@H]2C(=O)O)cc1,512.194737,10,4.93882,0,6,1,102.1,
CID_9983904,CC1=C(N=C(O1)C2=CC=CC=C2)CCOC3=CC=C(C=C3)CC4C(N(C4=O)C5=CC=C(C=C5)OC)C(=O)O,512.194737,10,4.93882,0,6,1,102.1,
CHEMBL481551,Cc1ccc(-c2nc(COc3ccc(C[C@H]4CO[C@@](C)(C(=O)O)OC4)cc3)c(C)o2)cc1,437.183838,7,4.54374,0,6,1,91.02,
CID_25147673,CC1=CC=C(C=C1)C2=NC(=C(O2)C)COC3=CC=C(C=C3)CC4COC(OC4)(C)C(=O)O,437.183838,7,4.54374,0,6,1,91.02,
CHEMBL360992,C[C@]1(C(=O)O)CCc2ccc(OCCCOc3ccc(OC(F)(F)F)cc3Cl)cc2O1,460.090051,8,5.2548,0,5,1,74.22,
CID_9825523,CC1(CCC2=C(O1)C=C(C=C2)OCCCOC3=C(C=C(C=C3)OC(F)(F)F)Cl)C(=O)O,460.090051,8,5.2548,0,5,1,74.22,
CHEMBL1087467,COC(=O)N(CC(=O)O)[C@@H](C)c1cccc(OCc2coc(-c3ccc(Cl)cc3)n2)c1,444.108814,8,4.788,0,6,1,102.1,
CID_46888993,CC(C1=CC(=CC=C1)OCC2=COC(=N2)C3=CC=C(C=C3)Cl)N(CC(=O)O)C(=O)OC,444.108814,8,4.788,0,6,1,102.1,
CHEMBL86658,CCO[C@@H](Cc1ccc(OCCn2c3ccccc3c3ccccc32)cc1)C(=O)O,403.178358,9,4.9057,0,4,1,60.69,
CID_446758,CCOC(CC1=CC=C(C=C1)OCCN2C3=CC=CC=C3C4=CC=CC=C42)C(=O)O,403.178358,9,4.9057,0,4,1,60.69,
CHEMBL4592059,CC1=C(C=CC(=C1)CNC2=CC(=CC(=C2)C(=O)O)F)OCC3=CC=C(C=C3)F,383.1333,7,5.16252,0,3,2,58.56,
CHEMBL489769,CC(C)(C(=O)O)OC1=CC=CC(=C1)OCCN2CCC(=CC2)C3=CC=C(C=C3)Cl,415.155036,8,4.7501,0,4,1,59.0,
CHEMBL5180073,CC1=C(C=C(C=C1)CC(=O)O)OCCC2CCN(CC2)C3=NC4=C(S3)C=C(C=C4)Cl,444.127441,7,5.57072,0,5,1,62.66,
CHEMBL3398445,Cc1oc(-c2ccccc2)nc1CCOc1cccc(C[C@H]2CN(c3ccccc3)C[C@H]2C(=O)O)c1,482.220557,9,5.65122,0,5,1,75.8,
CHEMBL3398444,Cc1oc(-c2ccccc2)nc1CCOc1cccc(C[C@@H]2CN(c3ccccc3)C[C@@H]2C(=O)O)c1,482.220557,9,5.65122,0,5,1,75.8,
CID_58977846,CC1=C(N=C(O1)C2=CC=CC=C2)CCOC3=CC=CC(=C3)CC4CN(CC4C(=O)O)C5=CC=CC=C5,482.220557,9,5.65122,0,5,1,75.8,
CHEMBL221123,Cc1oc(-c2ccccc2)nc1CCOc1ccc(C[C@]2(C(=O)O)CCCO2)cn1,408.168522,8,3.84282,0,6,1,94.68,
CHEMBL386957,CC1=C(N=C(O1)C2=CC=CC=C2)CCOC3=NC=C(C=C3)CC4(CCCO4)C(=O)O,408.168522,8,3.84282,0,6,1,94.68,
CHEMBL1956149,CC[C@@H](Cc1ccc(OC)c(CNC(=O)c2ccc3ccc4cccc5ccc2c3c45)c1)C(=O)O,465.194008,8,6.1759,0,3,2,75.63,
CID_25112371,CCC(CC1=CC(=C(C=C1)OC)CNC(=O)C2=C3C=CC4=CC=CC5=C4C3=C(C=C5)C=C2)C(=O)O,465.194008,8,6.1759,0,3,2,75.63,
CHEMBL4468359,C1=CC(=CC(=C1)NCC2=CC=C(C=C2)OCC3=CC(=C(C=C3)F)F)C(=O)O,369.11765,7,4.8541,0,3,2,58.56,
CHEMBL3753965,CC(C)(CCCOc1ccc(/C=C/c2ccc(C(F)(F)F)cc2)cc1)C(=O)O,392.159929,8,6.1456,0,2,1,46.53,
CID_122378603,CC(C)(CCCOC1=CC=C(C=C1)C=CC2=CC=C(C=C2)C(F)(F)F)C(=O)O,392.159929,8,6.1456,0,2,1,46.53,
CHEMBL427890,CC1=C(SC(=N1)C2=CC=C(C=C2)C(F)(F)F)C(=O)NCC3=CC=C(C=C3)NS(=O)(=O)CC(F)(F)F,537.061553,7,5.37132,0,5,2,88.16,
CHEMBL606462,C/C(=N\OCCCCO/N=C(/CCC(=O)O)c1ccccc1)c1ccc(C)cc1,396.204907,12,4.80152,0,5,1,80.48,
CID_46229788,CC1=CC=C(C=C1)C(=NOCCCCON=C(CCC(=O)O)C2=CC=CC=C2)C,396.204907,12,4.80152,0,5,1,80.48,
CHEMBL5400319,CC1=CC(=CC(=C1OC(C)(C)C(=O)O)C)CN2C(=O)CN(C2=O)C3=CC=C(C=C3)C4=CC=CC=C4,472.199822,7,5.18124,0,4,1,87.15,
CHEMBL489075,O=C(O)[C@H](Cc1ccccc1)Oc1ccc(CCc2ccccc2)cc1,346.156895,8,4.5465,0,2,1,46.53,
CHEMBL574386,C1=CC=C(C=C1)CCC2=CC=C(C=C2)OC(CC3=CC=CC=C3)C(=O)O,346.156895,8,4.5465,0,2,1,46.53,
CHEMBL3827050,CC1=C(N=C(O1)C2=CC=C(C=C2)Cl)COC3=CC(=C(C=C3)F)CN(CC(=O)O)C(=O)OCC(C)C,504.146342,10,5.70072,0,6,1,102.1,
CHEMBL200840,CC1=C(N=C(O1)C2=CC=CC=C2)CCOC3=CC4=C(C=C3)C(CC4)C(C(=O)O)OC,407.173273,8,4.40092,0,5,1,81.79,
CHEMBL6032089,COc1ccc2nc(Cl)c(C(=O)/C=C/c3cc(C)c(OC(C)(C)C(=O)O)c(C)c3)cc2c1,453.134301,7,5.65174,0,5,1,85.72,
CID_152373778,CC1=CC(=CC(=C1OC(C)(C)C(=O)O)C)C=CC(=O)C2=C(N=C3C=CC(=CC3=C2)OC)Cl,453.134301,7,5.65174,0,5,1,85.72,
CHEMBL4853743,Cc1cc(COc2ccc3c(c2)O/C(=C\c2ccc(Br)cc2)C3=O)cc(C)c1OC(C)(C)C(=O)O,536.083451,7,6.50314,0,5,1,82.06,
CID_164616252,CC1=CC(=CC(=C1OC(C)(C)C(=O)O)C)COC2=CC3=C(C=C2)C(=O)C(=CC4=CC=C(C=C4)Br)O3,536.083451,7,6.50314,0,5,1,82.06,
CHEMBL373791,CCCc1cc(-c2nc(OCC)c(C)s2)ccc1OCCCOc1ccc2c(c1)CC[C@H]2CC(=O)O,509.223594,13,6.82212,0,6,1,77.88,
CID_10075041,CCCC1=C(C=CC(=C1)C2=NC(=C(S2)C)OCC)OCCCOC3=CC4=C(C=C3)C(CC4)CC(=O)O,509.223594,13,6.82212,0,6,1,77.88,
CHEMBL5075917,CC1=CC(=CC(=C1OC(C)(C)C(=O)O)C)CN2C(=O)N(C=N2)C3=CC=C(C=C3)C(C)C,423.215806,7,4.06454,0,6,1,86.35,
CHEMBL1934312,CC1=C(SC(=N1)C2=CC=C(C=C2)Cl)C(=O)NCC3CCN(C3)C4=CC=CC(=C4)C(=O)O,455.10704,6,4.72642,0,5,2,82.53,
CHEMBL5613575,CCC(C)(C(=O)O)OC1=CC=C(C=C1)C2=CC=CC3=CC=CC=C32,320.141244,5,5.1389,0,2,1,46.53,
CHEMBL172492,CCCc1c(OCCCCOc2ccc(/C=C/C(=O)O)cc2)ccc2c(-c3ccccc3)noc12,471.204573,12,6.7831,0,5,1,81.79,
CID_44384460,CCCC1=C(C=CC2=C1ON=C2C3=CC=CC=C3)OCCCCOC4=CC=C(C=C4)C=CC(=O)O,471.204573,12,6.7831,0,5,1,81.79,
CHEMBL89996,CCO[C@@H](Cc1ccc(OC/C=C(/c2ccccc2)c2ccc(-c3ccco3)cc2)cc1)C(=O)O,468.193674,11,6.4895,0,4,1,68.9,
CHEMBL87928,CCO[C@@H](Cc1ccc(OC/C=C(\c2ccccc2)c2ccc(-c3ccco3)cc2)cc1)C(=O)O,468.193674,11,6.4895,0,4,1,68.9,
CID_44321462,CCOC(CC1=CC=C(C=C1)OCC=C(C2=CC=CC=C2)C3=CC=C(C=C3)C4=CC=CO4)C(=O)O,468.193674,11,6.4895,0,4,1,68.9,
CHEMBL1934480,Cc1nc(-c2ccccc2)sc1C(=O)N[C@H]1CCCN(c2cccc(C(=O)O)c2)C1,421.146013,5,4.21552,0,5,2,82.53,
CID_57390812,CC1=C(SC(=N1)C2=CC=CC=C2)C(=O)NC3CCCN(C3)C4=CC=CC(=C4)C(=O)O,421.146013,5,4.21552,0,5,2,82.53,
CHEMBL4516239,CC1=CC(=CC(=C1OC(C)(C)C(=O)O)C)CC2=NOC(=C2)C3=CC=CC=C3,365.162708,6,4.79124,0,4,1,72.56,
CHEMBL2312711,Cc1cccc(C)c1-c1ccc(O[C@@H](Cc2ccccc2)C(=O)O)cc1,346.156895,6,5.04514,0,2,1,46.53,
CID_71547111,CC1=C(C(=CC=C1)C)C2=CC=C(C=C2)OC(CC3=CC=CC=C3)C(=O)O,346.156895,6,5.04514,0,2,1,46.53,
CHEMBL5401474,CC1=CC(=CC(=C1OC(C)(C)C(=O)O)C)CN2C(=O)CN(C2=O)C3=CC(=C(C=C3)OC(F)(F)F)C,494.166471,7,4.72126,0,5,1,96.38,
CHEMBL250673,CC1=C(C=CC(=C1)SC2=CC(=NC(=C2)C#CC3=CC=C(C=C3)C(F)(F)F)C#CCN4CCOCC4)OCC(=O)O,566.148713,6,5.10692,0,6,1,71.89,
CHEMBL1087594,COC(=O)N(CC(=O)O)Cc1cccc(OCc2csc(-c3ccccc3)n2)c1,412.109293,8,4.0421,0,6,1,88.96,
CHEMBL218117,CC1=C(N=C(O1)C2=CC=CC=C2)CCOC3=NC=C(C=C3)CC(C)C(=O)O,366.157957,8,3.92972,0,5,1,85.45,
CHEMBL366335,CC1=C(N=C(O1)C2=CC=CC(=C2)C3=CC=CC=C3)CCOC4=CC=C(C=C4)CC(C)(C(=O)O)OC5=CC=C(C=C5)C(C)(C)C,589.282823,11,8.70082,0,5,1,81.79,
CHEMBL101123,CC(C)(C(=O)O)OC1=CC=CC(=C1)CCCN(C2=CC=CC(=C2C3CC3)C4=NOC=N4)C(=O)C5=CC(=C(C=C5)C(F)(F)F)C(F)(F)F,661.20114,11,8.1732,0,6,1,105.76,
CHEMBL472571,CC1=C(C=CC(=C1)CNC(=O)C2=NN(C(=C2)C3=CC=C(C=C3)C4=COC=C4)C)OC(C)(C)C(=O)O,473.195071,8,4.82752,0,6,2,106.59,
CHEMBL5204992,CC(C)(C)OC(=O)NC(CSCC1=CC=C(C=C1)C(=O)C2=CC=C(C=C2)Cl)C(=O)O,449.106372,8,4.7821,0,5,2,92.7,
CHEMBL1934314,CC1=C(SC(=N1)C2=CC=C(C=C2)Cl)C(=O)NCC3CN(CCO3)C4=CC=CC(=C4)C(=O)O,471.101955,6,4.10532,0,6,2,91.76,
CHEMBL173236,CCCC1=C(C=CC2=C1ON=C2C3=CC=CC=C3)OCCOC4=CC=C(C=C4)CCCC(=O)O,459.204573,12,6.3124,0,5,1,81.79,
CHEMBL425766,CCCC1=C(C=CC(=C1)C(=O)C2=CC=C(C=C2)F)OCCCOC3=CC4=C(C=C3)N(C=C4)CC(=O)O,489.195151,12,5.8964,0,5,1,77.76,
CHEMBL3828330,CC1=C(N=C(O1)C2=CC=C(C=C2)OC(F)(F)F)COC3=CC(=C(C=C3)F)CN(CC(=O)O)C(=O)OC,512.120664,9,4.91972,0,7,1,111.33,
CHEMBL565198,CCO[C@@H](Cc1ccc(OCCN2CCC(C)(C)c3cc(/C(=N/OC)c4ccccc4)ccc32)cc1)C(=O)O,530.278072,12,5.6843,0,6,1,80.59,
CHEMBL253416,CCO[C@@H](Cc1ccc(OCCN2CCC(C)(C)c3cc(/C(=N\OC)c4ccccc4)ccc32)cc1)C(=O)O,530.278072,12,5.6843,0,6,1,80.59,
CHEMBL253417,CCO[C@H](Cc1ccc(OCCN2CCC(C)(C)c3cc(/C(=N\OC)c4ccccc4)ccc32)cc1)C(=O)O,530.278072,12,5.6843,0,6,1,80.59,
CHEMBL398677,CCOC(Cc1ccc(OCCN2CCC(C)(C)c3cc(/C(=N\OC)c4ccccc4)ccc32)cc1)C(=O)O,530.278072,12,5.6843,0,6,1,80.59,
CID_11497430,CCOC(CC1=CC=C(C=C1)OCCN2CCC(C3=C2C=CC(=C3)C(=NOC)C4=CC=CC=C4)(C)C)C(=O)O,530.278072,12,5.6843,0,6,1,80.59,
CHEMBL512867,C=C(COc1ccc(C(F)(F)F)cc1)CSc1ccc(OCC(=O)O)c(OC)c1,428.090529,10,4.9047,0,5,1,64.99,
CID_10113686,CC1(CCC2=C(O1)C=C(C=C2)OCCCOC3=C(C=C(C=C3)C(C)(C)C)Cl)C(=O)O,432.170352,7,5.6537,0,4,1,64.99,
CHEMBL426592,CC(C)(C)c1ccc(OCCCOc2ccc3c(c2)O[C@@](C)(C(=O)O)CC3)c(Cl)c1,432.170352,7,5.6537,0,4,1,64.99,
CHEMBL435343,CC[C@]1(C(=O)O)CCc2ccc(OCCCOc3ccc(Cl)cc3Cl)cc2O1,424.084429,8,5.3997,0,4,1,64.99,
CID_44388210,CCC1(CCC2=C(O1)C=C(C=C2)OCCCOC3=C(C=C(C=C3)Cl)Cl)C(=O)O,424.084429,8,5.3997,0,4,1,64.99,
CHEMBL1630382,CC1=C(C=CC(=C1)[Se]CC2=C(N=C(S2)C3=CC=C(C=C3)C(F)(F)F)C)OC(C)C(=O)O,515.02812,7,4.82734,0,4,1,59.42,
CHEMBL382514,CC[C@@H](C(=O)O)[C@@H]1CCc2cc(OCCc3nc(-c4ccccc4)oc3C)ccc21,405.194008,8,5.41212,0,4,1,72.56,
CHEMBL200781,CC[C@H](C(=O)O)[C@H]1CCc2cc(OCCc3nc(-c4ccccc4)oc3C)ccc21,405.194008,8,5.41212,0,4,1,72.56,
CHEMBL383986,CCC(C1CCC2=C1C=CC(=C2)OCCC3=C(OC(=N3)C4=CC=CC=C4)C)C(=O)O,405.194008,8,5.41212,0,4,1,72.56,
CHEMBL200162,CC[C@H](C(=O)O)[C@@H]1CCc2cc(OCCc3nc(-c4ccccc4)oc3C)ccc21,405.194008,8,5.41212,0,4,1,72.56,
CHEMBL326873,CCC1(C(=O)O)CCc2ccc(OCCCOc3ccc(Oc4ccccc4)cc3Cl)cc2O1,482.149616,10,6.5386,0,5,1,74.22,
CID_10369999,CC1=C(N=C(O1)C2=CC=CC=C2)CCOC3=CC=CC(=C3)CC4C(N(C4=O)C5=CC=C(C=C5)C(C)(C)C)C(=O)O,538.246772,9,6.22772,0,5,1,92.87,
CHEMBL255389,Cc1oc(-c2ccccc2)nc1CCOc1cccc(C[C@@H]2C(=O)N(c3ccc(C(C)(C)C)cc3)[C@@H]2C(=O)O)c1,538.246772,9,6.22772,0,5,1,92.87,
CHEMBL120748,CCC(CC1=CC(=C(C=C1)OC)OCCC2=CC=C(C=C2)C(F)(F)F)C(=O)O,396.154844,9,4.9888,0,3,1,55.76,
CHEMBL2035071,CC1=C(C=CC(=C1)SC(CC(C)C)C2=C(N=C(S2)C3=CC=C(C=C3)C(F)(F)F)C)OCC(=O)O,509.13062,9,7.78864,0,5,1,59.42,
CHEMBL394967,CC1=C(N=C(O1)C2=CC=CC=C2)CCOC3=CC=CC(=C3)CN(CC4=CC5=CC=CC=C5C=C4)CC(=O)O,506.220557,11,6.51152,0,5,1,75.8,
CHEMBL219668,CCCc1cc(-c2nc(C)c(C(C)=O)s2)ccc1OCCCOc1ccc2c(c1)CC[C@H]2CC(=O)O,507.207944,12,6.62602,0,6,1,85.72,
CID_10074964,CCCC1=C(C=CC(=C1)C2=NC(=C(S2)C(=O)C)C)OCCCOC3=CC4=C(C=C3)C(CC4)CC(=O)O,507.207944,12,6.62602,0,6,1,85.72,
CHEMBL456912,CC1=CC=C(C=C1)C2=NC(=C(O2)C)CCOC3=CC4=C(C=C3)C=C(C(=O)O4)C(=O)OC,419.136887,6,4.47294,0,7,0,91.77,
CHEMBL259973,CC1=C(C=CC(=C1)SCCC2=NC(=NS2)C3=CC(=C(C=C3)Cl)Cl)OC(C)(C)C(=O)O,482.02924,8,6.39712,0,6,1,72.31,
CHEMBL3601087,CC(C)(C)c1ccc(CNC(=O)c2ccc(NC(=O)c3cccc(CN4C(=O)OC[C@H]4Cc4ccccc4)c3)cc2)cc1,575.278407,9,6.7299,0,4,2,87.74,
CID_122184717,CC(C)(C)C1=CC=C(C=C1)CNC(=O)C2=CC=C(C=C2)NC(=O)C3=CC=CC(=C3)CN4C(COC4=O)CC5=CC=CC=C5,575.278407,9,6.7299,0,4,2,87.74,
CHEMBL3601093,CC(C)(C)c1ccc(CNC(=O)c2ccc(NC(=O)c3cccc(CN4C(=O)OC[C@@H]4Cc4ccccc4)c3)cc2)cc1,575.278407,9,6.7299,0,4,2,87.74,
CHEMBL1813003,CCO[C@@H](Cc1ccc(OCc2nc(-c3cccs3)oc2C)cc1)C(=O)O,387.114044,9,4.32272,0,6,1,81.79,
CID_56659347,CCOC(CC1=CC=C(C=C1)OCC2=C(OC(=N2)C3=CC=CS3)C)C(=O)O,387.114044,9,4.32272,0,6,1,81.79,
CHEMBL514264,CCCOc1cc(F)c(C[C@H](CC)C(=O)O)cc1CNC(=O)c1ccc(C23CC4CC(CC(C4)C2)C3)cc1F,539.284715,11,6.8047,0,3,2,75.63,
CHEMBL456355,CCCOc1cc(F)c(C[C@@H](CC)C(=O)O)cc1CNC(=O)c1ccc(C23CC4CC(CC(C4)C2)C3)cc1F,539.284715,11,6.8047,0,3,2,75.63,
CHEMBL457623,CCCOC1=C(C=C(C(=C1)F)CC(CC)C(=O)O)CNC(=O)C2=C(C=C(C=C2)C34CC5CC(C3)CC(C5)C4)F,539.284715,11,6.8047,0,3,2,75.63,
CHEMBL1720494,CCCCOC(=O)CCN1C(=O)/C(=C/c2ccccc2)SC1=S,349.080635,7,3.6212,0,5,0,46.61,
CID_1556232,CCCCOC(=O)CCN1C(=O)C(=CC2=CC=CC=C2)SC1=S,349.080635,7,3.6212,0,5,0,46.61,
CHEMBL389297,C/C(=N\OCc1ccc(F)cc1)C(Cc1ccc(OCCc2nc(-c3ccccc3)oc2C)cc1)C(=O)O,516.20605,12,6.24662,0,6,1,94.15,
CHEMBL230304,C/C(=N/OCc1ccc(F)cc1)C(Cc1ccc(OCCc2nc(-c3ccccc3)oc2C)cc1)C(=O)O,516.20605,12,6.24662,0,6,1,94.15,
CID_25263408,CC1=C(N=C(O1)C2=CC=CC=C2)CCOC3=CC=C(C=C3)CC(C(=NOCC4=CC=C(C=C4)F)C)C(=O)O,516.20605,12,6.24662,0,6,1,94.15,
CHEMBL230623,CCCO/N=C(\C)C(Cc1ccc(OCCc2nc(C(C)C)oc2C)cc1)C(=O)O,416.231122,12,4.77372,0,6,1,94.15,
CID_25263413,CCCON=C(C)C(CC1=CC=C(C=C1)OCCC2=C(OC(=N2)C(C)C)C)C(=O)O,416.231122,12,4.77372,0,6,1,94.15,
CHEMBL230707,CC/C(=N\OC)C(Cc1ccc(OCCc2nc(-c3ccccc3)oc2C)cc1)C(=O)O,436.199822,11,4.92722,0,6,1,94.15,
CID_25263406,CCC(=NOC)C(CC1=CC=C(C=C1)OCCC2=C(OC(=N2)C3=CC=CC=C3)C)C(=O)O,436.199822,11,4.92722,0,6,1,94.15,
CID_5311242,CCCCCC(C=CC1C(CC2C1CC(=CCCCC(=O)O)C2)O)O,350.24571,10,4.0721,0,3,3,77.76,
CHEMBL148319,CCCCC[C@H](O)/C=C/[C@@H]1[C@H]2C/C(=C\CCCC(=O)O)C[C@H]2C[C@H]1O,350.24571,10,4.0721,0,3,3,77.76,
CHEMBL469744,C=C(COc1ccccc1)CSc1ccc(OCC(=O)O)c(C)c1,344.10823,9,4.18572,0,4,1,55.76,
CHEMBL5574026,CC1(CC/C=N/Nc2nc3ccccc3s2)CCc2cc(OCc3ccc(F)cc3)ccc2O1,475.172976,8,6.9762,0,6,1,55.74,
CID_170453213,CC1(CCC2=C(O1)C=CC(=C2)OCC3=CC=C(C=C3)F)CCC=NNC4=NC5=CC=CC=C5S4,475.172976,8,6.9762,0,6,1,55.74,
CHEMBL1956364,O=C(O)[C@H](Cc1ccc(Cl)cc1)Oc1ccc(Cl)cc1F,328.006928,5,4.2072,0,2,1,46.53,
CHEMBL1956363,C1=CC(=CC=C1CC(C(=O)O)OC2=C(C=C(C=C2)Cl)F)Cl,328.006928,5,4.2072,0,2,1,46.53,
CHEMBL4861761,CC1=CC=C(C=C1)CN2C(=O)N(C(=N2)CCCC3=CC=C(C=C3)OC(C)(C)C(=O)O)CC4=CC=C(C=C4)OC,529.257671,12,4.87572,0,7,1,95.58,
CID_11247579,CCCON=C(C)C(CC1=CC=C(C=C1)OCC2=C(OC(=N2)C3=CC=CC=C3)C)C(=O)O,436.199822,11,5.27482,0,6,1,94.15,
CHEMBL389298,CCCO/N=C(\C)C(Cc1ccc(OCc2nc(-c3ccccc3)oc2C)cc1)C(=O)O,436.199822,11,5.27482,0,6,1,94.15,
CHEMBL367311,CCCC1=C(C=CC2=C1ON=C2C3=CC=CC=C3)OCCCCOC4=CC=C(C=C4)CC(=O)O,459.204573,12,6.3124,0,5,1,81.79,
CHEMBL295124,COC1=C(C2=C[N+]3=C(C=C2C=C1)C4=CC5=C(C=C4CC3)OCO5)OC,336.123034,2,3.0963,1,4,0,40.8,
CHEMBL5088968,CC(C)(C(=O)O)OC1=C(C=C(C=C1)CN2C(=O)N(C=N2)C3=CC=C(C=C3)OC(F)(F)F)F,455.110434,7,3.362,0,7,1,95.58,
CHEMBL4593987,C/C(=C\CC[C@]1(C)CCc2cc(O)cc(C)c2O1)CC/C=C(\C)C(=O)O,358.214409,7,5.32192,0,3,2,66.76,
CID_155569680,CC1=CC(=CC2=C1OC(CC2)(C)CCC=C(C)CCC=C(C)C(=O)O)O,358.214409,7,5.32192,0,3,2,66.76,
CHEMBL38943,CC1=C(C=CC(=C1)SCC2=C(N=C(S2)C3=CC=C(C=C3)C(F)(F)F)C)OCC(=O)O,453.06802,7,6.20144,0,5,1,59.42,
CHEMBL4100336,CC1=C(N=C(O1)C2=CC=CC=C2)COC3=CC=C(C=C3)CC4=CC=C(C=C4)OC(C)C(=O)O,443.173273,9,5.67172,0,5,1,81.79,
CHEMBL218691,CC1=C(SC(=N1)C2=CC=C(C=C2)OC)C(=O)NCC3=CC=C(C=C3)OC(C)(C)C(=O)O,440.140593,8,4.29912,0,6,2,97.75,
CHEMBL1088099,Cc1cccc(OC(=O)N(CC(=O)O)[C@@H](C)c2cccc(OCc3coc(-c4ccc(Cl)cc4)n3)c2)c1,520.140114,9,6.52902,0,6,1,102.1,
CID_46889047,CC1=CC(=CC=C1)OC(=O)N(CC(=O)O)C(C)C2=CC(=CC=C2)OCC3=COC(=N3)C4=CC=C(C=C4)Cl,520.140114,9,6.52902,0,6,1,102.1,
CHEMBL229573,CCCCOC1=C(C=C(C=C1)CC(CCC)C(=O)O)CNC(=O)C2=C(C=C(C=C2)C(F)(F)F)F,483.203271,12,5.9968,0,3,2,75.63,
CHEMBL401562,COCC1=NC(=NO1)C2=CC=C(C=C2)C(=O)NCC3=CC=C(C=C3)NS(=O)(=O)C(F)(F)F,470.087175,8,3.0745,0,7,2,123.42,
CHEMBL3972176,CCC1=C(C=CC(=C1)OCCC2=C(OC(=N2)C3=CC=C(C=C3)F)C)CCC(=O)O,397.168936,9,4.99022,0,4,1,72.56,
CHEMBL369930,CCCCC1=CC=C(C=C1)C2=NC(=C(O2)C)CCOC3=CC4=C(C=C3)C(CC4)C(CC)C(=O)O,461.256609,11,6.75472,0,4,1,72.56,
CHEMBL65458,CC1=C(N=C(O1)C2=CC=C(C=C2)Br)CCOC3=CC=C(C=C3)OC(C)(C)C(=O)O,459.068135,8,5.27602,0,5,1,81.79,
CHEMBL263029,CCCC1=C(C=CC2=C1ON=C2C3=CC=CC=C3)OCCCCOC4=CC=C(C=C4)OC(C)(C)C(=O)O,503.230788,13,6.9273,0,6,1,91.02,
CHEMBL220124,COc1cc(-c2nccs2)ccc1OCCCOc1ccc2c(c1)CC[C@H]2CC(=O)O,439.145344,10,5.1711,0,6,1,77.88,
CID_16110483,COC1=C(C=CC(=C1)C2=NC=CS2)OCCCOC3=CC4=C(C=C3)C(CC4)CC(=O)O,439.145344,10,5.1711,0,6,1,77.88,
CHEMBL189116,O=C(O)[C@H](Cc1ccccc1)Oc1ccc(-c2cccs2)cc1,324.082015,6,4.4898,0,3,1,46.53,
CID_11438721,C1=CC=C(C=C1)CC(C(=O)O)OC2=CC=C(C=C2)C3=CC=CS3,324.082015,6,4.4898,0,3,1,46.53,
CHEMBL390116,CCCCC(CC1=CC(=C(C=C1)OC)CNC(=O)C2=CC=C(C=C2)C(F)(F)F)C(=O)O,437.181393,10,5.0775,0,3,2,75.63,
CHEMBL450050,CCCC1=C(C=CC2=C1C=CC(=C2)C(=O)C3=CC=CC=C3)OCCCN4CCCC5=C4C=CC(=C5)OC(C)(C)C(=O)O,565.282823,12,7.487,0,5,1,76.07,
CHEMBL371041,CCC(C(=O)O)C1CCc2cc(OCCc3nc(-c4ccc5ccccc5c4)oc3C)ccc21,455.209658,8,6.56532,0,4,1,72.56,
CHEMBL202617,C1=CC=C(C=C1)C(=O)C2=CC3=C(C=C2)C=C(C=C3)OCCCOC4=CC5=C(C=C4)N(C=C5)CC(=O)O,479.173273,10,5.958,0,5,1,77.76,
CHEMBL5404470,[2H]C([2H])(Cc1cn(S(=O)(=O)c2ccc(OC)cc2)c2ccc(OC)cc12)C(=O)O,391.105862,7,2.9127,0,6,1,94.83,
CHEMBL1232583,COC1=CC=C(C=C1)S(=O)(=O)N2C=C(C3=C2C=CC(=C3)OC)CCC(=O)O,389.093308,7,2.9127,0,6,1,94.83,
CHEMBL5077172,Cc1cc(/N=N/c2ccccc2)ccc1OCCc1ccc(OC(C)(C)C(=O)O)cc1,418.189257,9,6.27392,0,5,1,80.48,
CHEMBL5087538,Cc1cc(/N=N\c2ccccc2)ccc1OCCc1ccc(OC(C)(C)C(=O)O)cc1,418.189257,9,6.27392,0,5,1,80.48,
CID_166626062,CC1=C(C=CC(=C1)N=NC2=CC=CC=C2)OCCC3=CC=C(C=C3)OC(C)(C)C(=O)O,418.189257,9,6.27392,0,5,1,80.48,
CHEMBL1630381,CCC(C(=O)O)OC1=C(C=C(C=C1)[Se]CC2=C(N=C(S2)C3=CC=C(C=C3)C(F)(F)F)C)C,529.043771,8,5.21744,0,4,1,59.42,
CHEMBL435278,CC(C)(C(=O)O)OC1=CC=C(C=C1)CCCN(CCC2=C(C=CC=C2Cl)F)C(=O)NC3=C(C(=CC=C3)Cl)Cl,580.109869,11,7.7373,0,3,2,78.87,
CHEMBL494142,CCCC1=C(C=CC(=C1)C(=O)C2=CC=CC=C2)OCCCN3C=CC4=C3C=CC=C4OC(C)(C)C(=O)O,499.235873,12,6.5359,0,5,1,77.76,
CHEMBL396694,CC1=C(N=C(O1)C2=CC=CC=C2)CCOC3=CC=CC(=C3)CN(CC4=CC5=CC=CC=C5N4)CC(=O)O,495.215806,11,5.83962,0,5,2,91.59,
CHEMBL230372,CC1=C(C=CC(=C1)SCC(COC2=CC=C(C=C2)C(F)(F)F)OC)OCC(=O)O,430.106179,10,4.66332,0,5,1,64.99,
CHEMBL2112996,CCO[C@H](Cc1ccc(OC/C=C(\C)C#Cc2ccc(C#C/C(C)=C/COc3ccc(C[C@@H](OCC)C(=O)O)cc3)cc2)cc1)C(=O)O,650.287968,16,6.5046,0,6,2,111.52,
CID_11399560,CCOC(CC1=CC=C(C=C1)OCC=C(C)C#CC2=CC=C(C=C2)C#CC(=CCOC3=CC=C(C=C3)CC(C(=O)O)OCC)C)C(=O)O,650.287968,16,6.5046,0,6,2,111.52,
CHEMBL280897,CC(C)(C(=O)O)SC1=CC=C(C=C1)CCN(CCC2=CC=C(C=C2)C3=CC=CC=C3)C(=O)NC4CCCCC4,544.275964,11,7.4384,0,3,2,69.64,
CID_11071056,C1=CC(=CC=C1CCC(CC(CCC2=CC(=C(C=C2)O)O)OC3C(C(C(C(O3)CO)O)O)O)O)O,494.215197,11,0.3049,0,10,8,180.3,
CHEMBL443218,CC(C)(C(=O)O)OC1=CC=CC(=C1)CCCN(C2=CC=CC(=C2C3CC3)C4=NOC=N4)C(=O)CC5=CC=C(C=C5)C(F)(F)F,607.229406,12,7.0833,0,6,1,105.76,
CHEMBL198786,CCCC1=C(C=CC2=C1NC(=C2)C3=CC=CC=C3)OCCCOC4=CC=CC5=C4C=CN5CC(=O)O,482.220557,11,6.6746,0,4,2,76.48,
CHEMBL107789,CC[C@@H](Cc1ccc(OC)c(C(=O)NCc2ccc(C(F)(F)F)cc2)c1)C(=O)O,409.150093,8,4.2973,0,3,2,75.63,
CHEMBL120009,CCC(CC1=CC(=C(C=C1)OC)C(=O)NCC2=CC=C(C=C2)C(F)(F)F)C(=O)O,409.150093,8,4.2973,0,3,2,75.63,
CHEMBL3920527,CCOC1=CC=C(C=C1)OC2=CC=C(C=C2)C3=NOC(=N3)C(C)NC(=O)C,367.153206,7,4.1247,0,6,1,86.48,
CHEMBL591534,C/C(=N\OCCCCO/N=C(/CCC(=O)O)c1ccccc1)c1ccc(C(F)(F)F)cc1,450.176642,12,5.5119,0,5,1,80.48,
CID_46229789,CC(=NOCCCCON=C(CCC(=O)O)C1=CC=CC=C1)C2=CC=C(C=C2)C(F)(F)F,450.176642,12,5.5119,0,5,1,80.48,
CHEMBL148774,CC1=CC=C(C=C1)CN2C(=O)N(C(=N2)CCCC3=CC=C(C=C3)OC(C)(C)C(=O)O)CCO,453.226371,11,2.81112,0,7,2,106.58,
CHEMBL273035,CCc1oc(-c2ccc(C)cc2)nc1CCCC[C@H]1CO[C@@](C)(C(=O)O)OC1,387.204573,8,4.38902,0,5,1,81.79,
CID_21866640,CCC1=C(N=C(O1)C2=CC=C(C=C2)C)CCCCC3COC(OC3)(C)C(=O)O,387.204573,8,4.38902,0,5,1,81.79,
CHEMBL4847453,CC1=CC=C(C=C1)CN2C(=O)N(C(=N2)CCCC3=CC=C(C=C3)OC(C)(C)C(=O)O)CC4=CC=C(C=C4)Cl,533.208134,11,5.52052,0,6,1,86.35,
CHEMBL492324,CCCC1=C(C=CC(=C1)C(=O)C2=CC=CC=C2)OCCCN3C=CC4=C3C=CC(=C4)OC(C)(C)C(=O)O,499.235873,12,6.5359,0,5,1,77.76,
CHEMBL222508,COc1csc(-c2ccc(OCCCOc3ccc4c(c3)CC[C@H]4CC(=O)O)c(OC)c2)n1,469.155909,11,5.1797,0,7,1,87.11,
CID_16110534,COC1=C(C=CC(=C1)C2=NC(=CS2)OC)OCCCOC3=CC4=C(C=C3)C(CC4)CC(=O)O,469.155909,11,5.1797,0,7,1,87.11,
CHEMBL489074,O=C(O)[C@H](Cc1ccccc1)Oc1ccc(Cc2ccccc2)cc1,332.141244,7,4.3521,0,2,1,46.53,
CHEMBL572794,C1=CC=C(C=C1)CC2=CC=C(C=C2)OC(CC3=CC=CC=C3)C(=O)O,332.141244,7,4.3521,0,2,1,46.53,
CHEMBL220557,CCc1csc(-c2ccc(OCCCOc3ccc4c(c3)CC[C@H]4CC(=O)O)c(OC)c2)n1,467.176644,11,5.7335,0,6,1,77.88,
CID_10254028,CCC1=CSC(=N1)C2=CC(=C(C=C2)OCCCOC3=CC4=C(C=C3)C(CC4)CC(=O)O)OC,467.176644,11,5.7335,0,6,1,77.88,
CHEMBL5087115,CC(C)(C(=O)O)OC1=C(C=C(C=C1)CN2C(=O)N(C=N2)C3=CC=C(C=C3)OC(F)(F)F)Cl,471.080883,7,3.8763,0,7,1,95.58,
CHEMBL175332,CCCC1=C(C=CC2=C1ON=C2C3=CC=CC=C3)OCCCOC4=CC=C(C=C4)CCCC(=O)O,473.220223,13,6.7025,0,5,1,81.79,
CHEMBL271775,Cc1oc(-c2ccc(Cl)cc2)nc1CCCC[C@H]1CO[C@@](C)(C(=O)O)OC1,393.134301,7,4.48002,0,5,1,81.79,
CID_21866604,CC1=C(N=C(O1)C2=CC=C(C=C2)Cl)CCCCC3COC(OC3)(C)C(=O)O,393.134301,7,4.48002,0,5,1,81.79,
CHEMBL255309,CC1=C(N=C(O1)C2=CC=CC=C2)CCOC3=CC=CC(=C3)C4=C(CCN(C4)C(=O)OC5=CC=CC=C5)CC(=O)O,538.210387,9,6.40452,0,6,1,102.1,
CHEMBL3335661,CC(C)(C)C1=CC=C(C=C1)C(=O)NC2=CC=CC=C2C(=O)NC3=CC(=C(C=C3)OC)C(=O)O,446.184172,6,5.1955,0,4,3,104.73,
CHEMBL217907,CC1=C(N=C(O1)C2=CC=C(C=C2)C#N)CCOC3=NC=C(C=C3)CC4(CCCO4)C(=O)O,433.163771,8,3.7145,0,7,1,118.47,
CHEMBL5085496,CC1=CC(=CC(=C1OC(C)(C)C(=O)O)C)CN2C(=O)N(C=N2)C3=CC=C(C=C3)Cl,415.129884,6,3.59454,0,6,1,86.35,
CHEMBL271873,Cc1oc(-c2ccccc2)nc1CCCC[C@H]1CO[C@@](CC(C)C)(C(=O)O)OC1,401.220223,9,4.85282,0,5,1,81.79,
CID_21866670,CC1=C(N=C(O1)C2=CC=CC=C2)CCCCC3COC(OC3)(CC(C)C)C(=O)O,401.220223,9,4.85282,0,5,1,81.79,
CHEMBL172931,CCCC1=C(C=CC2=C1ON=C2C3=CC=CC=C3)OCCCCOC4=CC=C(C=C4)CCC(=O)O,473.220223,13,6.7025,0,5,1,81.79,
CHEMBL221388,CC1=C(N=C(O1)C2=CC=C(C=C2)OC)CCOC3=CN=C(C=C3)CC4(CCCO4)C(=O)O,438.179087,9,3.85142,0,7,1,103.91,
CHEMBL2312705,CCCCCC1=CC=CC=C1C2=CC=C(C=C2)OC(CC3=CC=CC=C3)C(=O)O,388.203845,10,6.161,0,2,1,46.53,
CHEMBL239561,Cc1cnc(-c2ccc(C(C)(C)C)cc2)nc1N(C)CCCOc1ccc2c(c1)CC[C@H]2CC(=O)O,487.283492,9,6.15932,0,5,1,75.55,
CID_10390756,CC1=CN=C(N=C1N(C)CCCOC2=CC3=C(C=C2)C(CC3)CC(=O)O)C4=CC=C(C=C4)C(C)(C)C,487.283492,9,6.15932,0,5,1,75.55,
CHEMBL253109,CCCCS(=O)(=O)NC1=CC=C(C=C1)CNC(=O)C2=C(N=C(S2)C3=CC=C(C=C3)C(F)(F)F)C,511.121118,9,5.60912,0,5,2,88.16,
CHEMBL1079962,COC1=CC=C(C=C1)C2=C(SC(=N2)SCCCOC3=C(C=C(C=C3)OCC(=O)O)Cl)C4=CC=C(C=C4)OC,571.089007,13,7.1723,0,8,1,87.11,
CHEMBL374925,COc1cc(-c2nc(C)c(C)s2)ccc1OCCCOc1ccc2c(c1)CC[C@H]2CC(=O)O,467.176644,10,5.78794,0,6,1,77.88,
CID_11754345,CC1=C(SC(=N1)C2=CC(=C(C=C2)OCCCOC3=CC4=C(C=C3)C(CC4)CC(=O)O)OC)C,467.176644,10,5.78794,0,6,1,77.88,
CHEMBL5272996,CC[C@@H]1CN(Cc2cc(C)cc(CC(=O)O)c2)CCN1c1nc2ccc(C(F)(F)F)cc2s1,477.169783,6,5.35142,0,5,1,56.67,
CID_57966582,CCC1CN(CCN1C2=NC3=C(S2)C=C(C=C3)C(F)(F)F)CC4=CC(=CC(=C4)CC(=O)O)C,477.169783,6,5.35142,0,5,1,56.67,
CHEMBL200305,CCC(C(=O)O)C1CCc2cc(OCCn3nc(-c4ccccc4)cc3C)ccc21,404.209993,8,5.07812,0,4,1,64.35,
CHEMBL4448658,C1=CC(=CC=C1COC2=C(C=C(C=C2)CNC3=CC(=CC(=C3)C(=O)O)F)Cl)F,403.078677,7,5.5075,0,3,2,58.56,
CHEMBL1779476,CCC(CC1=CC(=C(C=C1)OC)CNC(=O)C2=CC=CC(=C2)C3=CC=CC=C3)C(=O)O,417.194008,9,4.9455,0,3,2,75.63,
CHEMBL311429,CC(C)OC(CC1=CC=C(C=C1)OCC2=NOC(=N2)C3=CC=CC=C3)C(=O)O,382.152872,9,3.7363,0,6,1,94.68,
CID_49835913,C1=CC(=C(C=C1F)F)C=C2C(=O)N(C(=S)S2)CCC(=O)O,328.999192,4,2.6407,0,4,1,57.61,
CHEMBL1732818,O=C(O)CCN1C(=O)/C(=C/c2ccc(F)cc2F)SC1=S,328.999192,4,2.6407,0,4,1,57.61,
CHEMBL515666,CC1=CC=C(C=C1)C2=NC(=C(O2)C)CCOC3=CC4=C(CC(C(=O)O4)C(=O)OC)C=C3,421.152537,6,3.83064,0,7,0,87.86,
CHEMBL2035068,CCC(C1=C(N=C(S1)C2=CC=C(C=C2)C(F)(F)F)C)SC3=CC(=C(C=C3)OCC(=O)O)C,481.09932,8,7.15254,0,5,1,59.42,
CID_135801082,CCOC1=CC=C(C=C1)N=C2C(=C(C(=CC3=CC(=C(C=C3)OCC(=O)O)OC)S2)O)C(=O)OCC,499.130088,10,4.7504,0,9,2,123.88,
CHEMBL247951,CC[C@@H](Oc1cccc(CN(CCCOc2ccc(OC)cc2)c2nc3ccccc3o2)c1)C(=O)O,490.210387,13,5.5541,0,7,1,94.26,
CHEMBL245866,CCC(C(=O)O)OC1=CC=CC(=C1)CN(CCCOC2=CC=C(C=C2)OC)C3=NC4=CC=CC=C4O3,490.210387,13,5.5541,0,7,1,94.26,
CHEMBL247952,CC[C@H](Oc1cccc(CN(CCCOc2ccc(OC)cc2)c2nc3ccccc3o2)c1)C(=O)O,490.210387,13,5.5541,0,7,1,94.26,
CHEMBL201280,CCC(C(=O)O)C1CCc2cc(OCCc3nc(-c4ccccc4)oc3C)c(-c3ccccc3)cc21,481.225308,9,7.07912,0,4,1,72.56,
CHEMBL1090211,CC1=CC=C(C=C1)OC(=O)N(CC2=CC(=CC=C2)OCC3=C(N=C(O3)C4=CC=C(C=C4)Cl)C)CC(=O)O,520.140114,9,6.27644,0,6,1,102.1,
CHEMBL1085062,CC1=CC(=C(C=C1)NC(=O)CN(CC2=CC=C(C=C2)OC(C)(C)C(=O)O)CC3=CC=CS3)C,466.192628,10,5.24784,0,5,2,78.87,
CHEMBL5611917,CCC(C(=O)O)OC1=CC=C(C=C1)C2=CC=CC3=CC=CC=C32,306.125594,5,4.7488,0,2,1,46.53,
CHEMBL4437601,CC1=C(C=CC(=C1)CNC2=CC=CC(=C2)C(=O)O)OCC3=CC=C(C=C3)Br,425.062656,7,5.64682,0,3,2,58.56,
CHEMBL116540,CCC(CC1=CC(=C(C=C1)OC)C(=O)NCC2=CC=C(C=C2)OC(F)(F)F)C(=O)O,425.145007,9,4.1771,0,4,2,84.86,
CHEMBL1092932,CC1=CC=C(C=C1)OC(=O)N(CC2=CC(=CC=C2)OCC3=C(OC(=N3)C4=CC=CC=C4)C)CC(=O)O,486.179087,9,5.62304,0,6,1,102.1,
CHEMBL402161,CCC(CC1=CC(=C(C=C1)OC)CNC(=O)C2=CC=C(C=C2)C34CC5CC(C3)CC(C5)C4)C(=O)O,475.272259,9,5.7463,0,3,2,75.63,
CHEMBL428574,CCC(C(=O)O)OC1=CC=CC(=C1)CN(CCCOC2=CC=CC=C2)C3=NC4=CC5=C(C=C4O3)OCO5,504.189651,12,5.2742,0,8,1,103.49,
CHEMBL220173,COc1cc(-c2nc(C)c(C(=O)N(C)C)s2)ccc1OCCCOc1ccc2c(c1)CC[C@H]2CC(=O)O,524.198108,11,5.18132,0,7,1,98.19,
CID_16110491,CC1=C(SC(=N1)C2=CC(=C(C=C2)OCCCOC3=CC4=C(C=C3)C(CC4)CC(=O)O)OC)C(=O)N(C)C,524.198108,11,5.18132,0,7,1,98.19,
CHEMBL513882,C=C(COc1ccc(Cl)cc1)CSc1ccc(OCC(=O)O)c(C)c1,378.069258,9,4.83912,0,4,1,55.76,
CHEMBL237085,CC1=C(C=CC(=C1)OC2=CC=CC(=C2)CNC(=O)C3=C(C=C(C=C3)C(F)(F)F)OC)OC(C)(C)C(=O)O,517.171222,9,5.98672,0,5,2,94.09,
CHEMBL5422924,CC1=CC(=CC(=C1OC(C)(C)C(=O)O)C)CN2C(=O)CN(C2=O)C3=CC=C(C=C3)SC,442.156243,7,4.23614,0,5,1,87.15,
CHEMBL512652,C=C(COc1ccc(OC(F)(F)F)cc1)CSc1ccc(OCC(=O)O)c(C)c1,428.090529,10,5.08432,0,5,1,64.99,
CHEMBL94306,CCCC1=C(C=CC(=C1)OC2=CC=CC=C2)OCCCOC3=CC=CC(=C3)C4C(=O)NC(=O)S4,477.160994,11,6.3034,0,6,1,73.86,
CHEMBL1097195,CC1=CC=C(C=C1)C2=NC(=CO2)COC3=CC=CC(=C3)CN(CC(=O)O)C(=O)OC,410.147786,8,3.88202,0,6,1,102.1,
CHEMBL5193666,CC1=CC(=CC(=C1)OCCC2CCN(CC2)C3=NC4=C(S3)C=C(C=C4)Cl)CC(=O)O,444.127441,7,5.57072,0,5,1,62.66,
CHEMBL221101,O=C(O)C[C@@H]1CCc2cc(OCCCOc3ccc(-c4nc5c(s4)CCC5)cc3)ccc21,449.166079,9,5.6512,0,5,1,68.65,
CID_16110488,C1CC2=C(C1)SC(=N2)C3=CC=C(C=C3)OCCCOC4=CC5=C(C=C4)C(CC5)CC(=O)O,449.166079,9,5.6512,0,5,1,68.65,
CHEMBL1087593,CC1=CC=C(C=C1)C2=NC(=CS2)COC3=CC=CC(=C3)CN(CC(=O)O)C(=O)OC,426.124943,8,4.35052,0,6,1,88.96,
CHEMBL1081354,CCCCOC1=C(C=C(C=C1)C2=C(C(=CC=C2)C(=O)O)C)CNC(=O)C3=C(C=C(C=C3)C(F)(F)F)F,503.171971,9,6.62702,0,3,2,75.63,
CHEMBL194698,CCCCCOC1=CC=CC=C1C(CC#CCCCC(=O)OC)O,332.198759,10,4.0258,0,4,1,55.76,
CHEMBL389769,CCCOC(COC1=CC=C(C=C1)C(F)(F)F)CSC2=CC(=C(C=C2)OCC(=O)O)C,458.13748,12,5.44352,0,5,1,64.99,
CHEMBL383607,CCCCCOC1=NC2=CC=CC=C2C=C1C(CC#CCCCC(=O)[O-])O.[Na+],391.175953,10,0.1549,0,5,1,82.48,
CHEMBL407950,Cc1ccccc1-c1nc(CCCC[C@H]2CO[C@@](C)(C(=O)O)OC2)c(C)o1,373.188923,7,4.13504,0,5,1,81.79,
CID_21866789,CC1=CC=CC=C1C2=NC(=C(O2)C)CCCCC3COC(OC3)(C)C(=O)O,373.188923,7,4.13504,0,5,1,81.79,
CHEMBL1080361,CC(C1=CC(=CC=C1)SC2=NC(=C(S2)C3=CC=C(C=C3)OC)C4=CC=C(C=C4)OC)C(=O)O,477.10685,8,6.8336,0,6,1,68.65,
CHEMBL397218,CC1=C(C=CC(=C1)SCC(COC2=CC=C(C=C2)C(F)(F)F)OCC(=O)O)OCC(=O)O,474.096009,12,4.11812,0,6,2,102.29,
CHEMBL591055,C/C(=N\OCCCCO/N=C(/CCC(=O)O)c1ccccc1)c1ccc(F)cc1,400.179836,12,4.6322,0,5,1,80.48,
CID_46229787,CC(=NOCCCCON=C(CCC(=O)O)C1=CC=CC=C1)C2=CC=C(C=C2)F,400.179836,12,4.6322,0,5,1,80.48,
CHEMBL179180,CC[C@]1(C(=O)O)CCc2ccc(OCCCOc3ccc(OCC(F)(F)F)cc3Cl)cc2O1,488.121351,10,5.6874,0,5,1,74.22,
CID_10299983,CCC1(CCC2=C(O1)C=C(C=C2)OCCCOC3=C(C=C(C=C3)OCC(F)(F)F)Cl)C(=O)O,488.121351,10,5.6874,0,5,1,74.22,
CHEMBL220117,CCCc1cc(-c2nc(C(C)(C)C)cs2)ccc1OCCCOc1ccc2c(c1)CC[C@H]2CC(=O)O,507.24433,11,7.4125,0,5,1,68.65,
CID_11755968,CCCC1=C(C=CC(=C1)C2=NC(=CS2)C(C)(C)C)OCCCOC3=CC4=C(C=C3)C(CC4)CC(=O)O,507.24433,11,7.4125,0,5,1,68.65,
CHEMBL455853,CC1=C(N=C(O1)C2=CC=C(C=C2)C3=CC=CC=C3)CCOC4=CC5=C(CC(C(=O)O5)C(=O)OC)C=C4,483.168188,7,5.18922,0,7,0,87.86,
CHEMBL491750,CC1=C(N=C(O1)C2=CC=CC=C2)CCOC3=CC=CC(=C3)C4=NN(N=C4CC(=O)O)C5=CC=CC=C5,480.179755,9,5.14632,0,7,1,103.27,
CHEMBL366138,CC1=CC=C(C=C1)OC(C)(CC2=CC=C(C=C2)OCCC3=C(OC(=N3)C4=CC=CC=C4)C)C(=O)O,471.204573,10,6.04474,0,5,1,81.79,
CHEMBL246205,Cc1oc(-c2ccc(C(C)C)cc2)nc1CCOc1ccc2c(c1)CC[C@H]2CC(=O)O,419.209658,8,5.89942,0,4,1,72.56,
CID_44442446,CC1=C(N=C(O1)C2=CC=C(C=C2)C(C)C)CCOC3=CC4=C(C=C3)C(CC4)CC(=O)O,419.209658,8,5.89942,0,4,1,72.56,
CHEMBL213355,CCCC1=C(C=CC(=C1)C(F)(F)F)OCCCOC2=CC(=C(C=C2)OCC(=O)O)C,426.165409,11,5.27762,0,4,1,64.99,
CID_57397009,CC=CC=CC(=O)N1CC2=C(CC1C(=O)O)C=CC(=C2)OCCC3=C(OC(=N3)C=CCC(C)C)C.CC(C)(C)N,551.335922,10,5.87762,0,6,2,118.89,
CHEMBL1935495,C/C=C/C=C/C(=O)N1Cc2cc(OCCc3nc(/C=C/CC(C)C)oc3C)ccc2C[C@H]1C(=O)O.CC(C)(C)N,551.335922,10,5.87762,0,6,2,118.89,
CHEMBL248526,CCC(C(=O)O)OC1=CC=CC(=C1)CCN(CCCOC2=CC=CC=C2)C3=NC4=CC=CC=C4O3,474.215472,13,5.588,0,6,1,85.03,
CHEMBL201880,CCCC1=C(C=CC2=C1C=CC(=C2)C(=O)C3=CC=CC=C3)OCCCOC4=CC5=C(C=C4)N(C=C5)CC(=O)O,521.220223,12,6.9105,0,5,1,77.76,
CHEMBL3962832,CS(=O)(=O)OC1=CC=C(C=C1)C(=O)OCC2=CC=C(C=C2)CC(C(=O)O)SCCC3=CC=C(C=C3)F,532.102573,12,4.4927,0,7,1,106.97,
CHEMBL253520,CC1=C(SC(=N1)C2=CC=C(C=C2)C(F)(F)F)C(=O)NCC3=CC=C(C=C3)CNS(=O)(=O)C(F)(F)F,537.061553,7,5.00652,0,5,2,88.16,
CHEMBL5078989,Cc1ccc(/N=N/c2ccc(OCCc3ccc(OC(C)(C)C(=O)O)cc3)c(C)c2)cc1,432.204907,9,6.58234,0,5,1,80.48,
CHEMBL5090373,Cc1ccc(/N=N\c2ccc(OCCc3ccc(OC(C)(C)C(=O)O)cc3)c(C)c2)cc1,432.204907,9,6.58234,0,5,1,80.48,
CID_166628266,CC1=CC=C(C=C1)N=NC2=CC(=C(C=C2)OCCC3=CC=C(C=C3)OC(C)(C)C(=O)O)C,432.204907,9,6.58234,0,5,1,80.48,
CHEMBL456973,CCC(CC1=CC(=C(C=C1F)OC)CNC(=O)C2=CC=C(C=C2)C34CC5CC(C3)CC(C5)C4)C(=O)O,493.262837,9,5.8854,0,3,2,75.63,
CHEMBL213675,CCOC(CC1=CC2=C(C=C1)N(C=C2)CC3=C(OC(=N3)C4=CC=C(C=C4)C(F)(F)F)C)C(=O)O,472.160992,8,5.70402,0,5,1,77.49,
CHEMBL213902,CC1=C(N=C(O1)C2=CC=CC=C2)CN3C=CC4=C3C=CC(=C4)CC(C(=O)O)OC,390.157957,7,4.29512,0,5,1,77.49,
CHEMBL270801,CCC(CC1=CC(=C(C=C1)OC)CNC(=O)C2=CC=C(C=C2)C3CCCCC3)C(=O)O,423.240959,9,5.3262,0,3,2,75.63,
