id,smiles,exactmass,rotatablebondcount,logp,formalcharge,acceptorcount,donorcount,polarsurfacearea,error
CHEMBL1079739,COc1ccc(-c2nc(COc3ccc(OCC(=O)O)c(C)c3)sc2/C=C/c2ccccc2)cc1,487.145344,10,6.33992,0,6,1,77.88,
CID_44628048,CC1=C(C=CC(=C1)OCC2=NC(=C(S2)C=CC3=CC=CC=C3)C4=CC=C(C=C4)OC)OCC(=O)O,487.145344,10,6.33992,0,6,1,77.88,
CHEMBL1079965,CC1=C(C=CC(=C1)OCC2=NC(=C(S2)C3=CC=C(C=C3)OC(F)(F)F)C4=CC5=C(C=C4)OCCO5)OCC(=O)O,573.106908,9,6.49772,0,8,1,96.34,
CHEMBL381889,CC(C)(C)C1=CC=C(C=C1)N2C3=C(C=CC(=C3)OC(F)(F)F)C(=C2C(=O)O)OC4=CC=C(C=C4)Cl,503.11112,5,7.9705,0,4,1,60.69,
CHEMBL3398452,Cc1oc(-c2ccccc2)nc1CCOc1ccc(C[C@@H]2CN(c3nccc(C(F)(F)F)n3)C[C@H]2C(=O)O)cc1,552.19844,9,5.46002,0,7,1,101.58,
CHEMBL3398450,Cc1oc(-c2ccccc2)nc1CCOc1ccc(C[C@H]2CN(c3nccc(C(F)(F)F)n3)C[C@H]2C(=O)O)cc1,552.19844,9,5.46002,0,7,1,101.58,
CHEMBL1778829,CCCC1=C(N=C(O1)C2=CC=CC=C2)CCC3=NOC4=C3C=CC(=C4)OC(C)(C)C(=O)O,434.184172,9,5.4625,0,6,1,98.59,
CHEMBL3984358,COC1=C(C=C(C=C1)CCOC(=O)CC2=CC=C(C=C2)SCC3=CC=CC=C3C(=O)O)OC,466.14501,11,5.0227,0,6,1,82.06,
CHEMBL234168,C1=CC(=CC=C1C2=CC(=NO2)COC3=CC4=C(C=C3)C(=CO4)CC(=O)O)C(F)(F)F,417.082407,6,5.3127,0,5,1,85.7,
CHEMBL1087581,COC(=O)N(CC(=O)O)Cc1cccc(OCc2coc(-c3ccccc3)n2)c1,396.132136,8,3.5736,0,6,1,102.1,
CID_118719400,CCCCCCCCCCCCCCCCCC(=O)OC1CCC2(C3CCC4(C(C3=CC(C2(C1)O)O)CCC4C(C)C=CC(C)C(C)C)C)C,696.605661,21,12.3088,0,4,2,66.76,
CHEMBL1080368,CC1=C(C=CC(=C1)OCC2=NC(=C(O2)C3=CC=C(C=C3)OC(F)(F)F)C4=CC=C(C=C4)OC(C)C)OCC(=O)O,557.166137,11,7.04522,0,7,1,100.25,
CHEMBL4165832,CC1=CC=C(C=C1)OC2=NC3=C(C=C2)N=C(N3C)COC4=CC=CC(=C4)C(=O)O,389.137556,6,4.34622,0,6,1,86.47,
CHEMBL426371,CCC(CC1=CC(=C(C=C1)OCC2=CC=CC=C2)CNC(=O)C3=CC=C(C=C3)C(F)(F)F)C(=O)O,485.181393,10,5.8677,0,3,2,75.63,
CHEMBL1946954,COc1ccc2c(-n3c(=O)n(Cc4cccc(O[C@H](C)C(=O)O)c4)c4cc(C(F)(F)F)ccc43)noc2c1,527.13042,7,4.861,0,8,1,108.72,
CID_56926098,CC(C(=O)O)OC1=CC=CC(=C1)CN2C3=C(C=CC(=C3)C(F)(F)F)N(C2=O)C4=NOC5=C4C=CC(=C5)OC,527.13042,7,4.861,0,8,1,108.72,
CHEMBL519854,CCCCCCC[C@H]1C(=O)C=C(I)[C@H]1OCCCCCC(=O)O,436.111057,13,4.8949,0,3,1,63.6,
CHEMBL3759448,CC(C)N1C2=CC=CC=C2N=C1COC3=CC=C(C=C3)CC4C(=O)NC(=O)S4,395.130363,6,4.0903,0,6,1,73.22,
CHEMBL4162863,CC1=C(N=CC=C1)OC2=CC3=C(C=C2)N=C(N3C)COC4=CC=CC(=C4)C(=O)O,389.137556,6,4.34622,0,6,1,86.47,
CHEMBL219005,CC1=C(N=C(O1)C2=CC=CC=C2)CCOC3=NC=C(C=C3)CC4(CC4)C(=O)O,378.157957,8,4.07382,0,5,1,85.45,
CHEMBL219773,CC1=C(N=C(O1)C2=CC=CC=C2)CCOC3=CC(=C(C=C3)CCC(=O)O)CNS(=O)(=O)CC4=CC=CC=C4,534.182458,13,4.90832,0,6,2,118.73,
CHEMBL5440386,CC#C[C@@H](CC(=O)O)c1ccc(-c2ccc(C(F)(F)F)cc2)cc1,332.102414,4,4.954,0,1,1,37.3,
CID_170551874,CC#CC(CC(=O)O)C1=CC=C(C=C1)C2=CC=C(C=C2)C(F)(F)F,332.102414,4,4.954,0,1,1,37.3,
CHEMBL1760412,CCCCN(C1=CC=CC(=C1OC)C2=CC=C(C=C2)Cl)S(=O)(=O)C3=C(C(=C(C=C3)OC(C)C(=O)O)C)C,545.163886,11,6.47974,0,5,1,93.14,
CHEMBL4546437,CCCCC1=NC(=C(C(=O)N1CC2=CC=C(C=C2)C3=CC=CC=C3C4=NOC(=O)N4)CC(=O)OCC)C(C)C,530.25292,11,4.8735,0,8,1,120.08,
CHEMBL220508,N#Cc1ccc(OCCCOc2ccc3c(c2)CC[C@H]3CC(=O)O)cc1,351.147058,8,3.91068,0,4,1,79.55,
CID_16110513,C1CC2=C(C1CC(=O)O)C=CC(=C2)OCCCOC3=CC=C(C=C3)C#N,351.147058,8,3.91068,0,4,1,79.55,
CHEMBL96758,CCCC1=C(C=CC(=C1)OC2=CC=C(C=C2)C3=CC=CC=C3)OCCCOC4=CC=CC(=C4)C5C(=O)NC(=O)S5,553.192294,12,7.9704,0,6,1,73.86,
CHEMBL2159605,O=C(CCCCc1ccc(O[C@@H]2O[C@H](CO)[C@@H](O)[C@H](O)[C@H]2O)c(O)c1)CCc1ccc(O[C@@H]2O[C@H](CO)[C@@H](O)[C@H](O)[C@H]2O)c(O)c1,654.252371,14,-1.6301,0,15,10,256.29,
CID_71453290,C1=CC(=C(C=C1CCCCC(=O)CCC2=CC(=C(C=C2)OC3C(C(C(C(O3)CO)O)O)O)O)O)OC4C(C(C(C(O4)CO)O)O)O,654.252371,14,-1.6301,0,15,10,256.29,
CHEMBL388540,C1=CC(=CC=C1CC(=O)O)OCC=C(C2=CC=C(C=C2)Br)C3=CC=C(C=C3)Br,499.962269,7,6.3494,0,2,1,46.53,
CID_168284598,CCCCCCC=CCCCCCCCC1=CC(=CC=C1)OC(C)(C)C(=O)OCC,416.329045,17,7.8168,0,3,0,35.53,
CHEMBL5073521,CC1=CC(=CC(=C1OC(C)(C)C(=O)O)C)CN2C(=O)N(C=N2)C3=CC=CC=C3C(F)(F)F,449.156241,6,3.95994,0,6,1,86.35,
CHEMBL4458366,C1=CC(=CC(=C1)F)COC2=CC=C(C=C2)CNC3=CC=CC(=C3)C(=O)O,351.127072,7,4.715,0,3,2,58.56,
CHEMBL1084548,CC(C)(C(=O)O)OC1=CC=C(C=C1)CN(CC2=CC=CO2)CC(=O)NC3=CC=CC=N3,423.179421,10,3.5575,0,6,2,104.9,
CHEMBL1079668,CC1=C(C=CC(=C1)OCC2=NC(=C(S2)C3=CC(=C(C=C3)OC)Cl)C4=CC=C(C=C4)OC)OCC(=O)O,525.101286,10,6.49852,0,7,1,87.11,
CHEMBL241478,Cc1cc(OCC[C@@H](C)Oc2ccc(C(F)(F)F)cc2-c2ccccn2)ccc1CCC(=O)O,473.181393,10,6.32942,0,4,1,68.65,
CID_44439633,CC1=C(C=CC(=C1)OCCC(C)OC2=C(C=C(C=C2)C(F)(F)F)C3=CC=CC=N3)CCC(=O)O,473.181393,10,6.32942,0,4,1,68.65,
CHEMBL4746258,C=CC(c1ccc(O)c(OC)c1)c1c(O)cc(O)c2c(=O)cc(-c3ccccc3)oc12,416.125988,5,4.9033,0,6,3,100.13,
CHEMBL5420532,C1CC1C2=C(C(=NO2)C3=C(C=CC=C3Cl)Cl)COC4=CC=C(C=C4)C5=CC=C(C=C5)CC(=O)O,493.084764,8,7.3989,0,4,1,72.56,
CHEMBL148459,Cc1ccsc1-c1nc(CCOc2ccc(C[C@H](Nc3ccccc3C(=O)c3ccccc3)C(=O)O)cc2)c(C)o1,566.187543,12,6.98024,0,7,2,101.66,
CID_10554988,CC1=C(SC=C1)C2=NC(=C(O2)C)CCOC3=CC=C(C=C3)CC(C(=O)O)NC4=CC=CC=C4C(=O)C5=CC=CC=C5,566.187543,12,6.98024,0,7,2,101.66,
CID_44409933,CC1=C(SC(=N1)C2=CC=C(C=C2)C(F)(F)F)CNC3=CC=C(C=C3)C=CC(=O)O,418.096283,6,5.84722,0,4,2,62.22,
CHEMBL1813195,CCC(CC1=CC=C(C=C1)CCC2=C(C=C(C=C2)N3C(=O)C4=CC=CC=C4C3=O)O)C(=O)O,443.173273,8,4.6313,0,4,2,94.91,
CHEMBL1081206,COC1=CC=C(C=C1)C2=C(SC(=N2)COC3=CC4=C(C=C3)OC(=C4)C(=O)O)C5=CC=C(C=C5)C(F)(F)F,525.085778,7,7.5279,0,6,1,81.79,
CHEMBL241286,CCc1ccc(O[C@H](C)CCOc2ccc(CCC(=O)O)c(C)c2)c(-c2cscn2)c1,439.181729,11,5.93452,0,5,1,68.65,
CID_11751021,CCC1=CC(=C(C=C1)OC(C)CCOC2=CC(=C(C=C2)CCC(=O)O)C)C3=CSC=N3,439.181729,11,5.93452,0,5,1,68.65,
CHEMBL234820,CCO[C@H](Cc1ccc(CCC(OC(=S)NCCc2ccccc2)c2ccccc2)cc1)C(=O)O,491.21303,13,5.5265,0,4,2,67.79,
CHEMBL218795,CCCCCCCCCCCCCCCCNS(=O)(=O)N,320.249749,16,4.2608,0,2,2,72.19,
CHEMBL522238,CC1=C(C=CC(=C1C)SC2=C(C=C(C=C2)COC3=CC=C(C=C3)C(F)(F)F)OCC#N)OCC(=O)O,517.117078,10,6.41822,0,6,1,88.78,
CHEMBL491950,CCCC(C(=O)O)SC1=NC(=CC(=N1)Cl)NC2=CC=CC(=C2C)C,365.096476,7,4.83584,0,5,2,75.11,
CID_168269484,CC(C(=O)O)OC1=C(C=C(C=C1)COC2=CC(=CC(=C2)OC)C=CC3=CC=C(C=C3)OC)F,452.163517,10,5.4442,0,5,1,74.22,
CHEMBL220431,O=C(O)C[C@@H]1CCc2cc(OCCCOc3ccc(-n4cncn4)cc3)ccc21,393.168856,9,3.6197,0,6,1,86.47,
CID_16110428,C1CC2=C(C1CC(=O)O)C=CC(=C2)OCCCOC3=CC=C(C=C3)N4C=NC=N4,393.168856,9,3.6197,0,6,1,86.47,
CHEMBL489172,CCOC(CC1=CC=C(C=C1)OCCN2CCC(=CC2)C3=C(C=C(C=C3)Cl)Cl)C(=O)O,463.131714,10,5.1937,0,4,1,59.0,
CHEMBL253522,CC1=CSC(=N1)C2=CC=C(C=C2)C(=O)NCC3=CC=C(C=C3)OC(C)(C)C(=O)O,410.130028,7,4.29052,0,5,2,88.52,
CHEMBL4288770,C1C(C2=C(O1)C=C(C=C2)OCCOC3=CC=CC=C3)CC(=O)O,314.115424,7,3.0951,0,4,1,64.99,
CHEMBL4281316,C1C(C2=C(O1)C=C(C=C2)OCCCOC3=CC=C(C=C3)C4=CC=CC=C4)CC(=O)O,404.162374,9,5.1522,0,4,1,64.99,
CHEMBL2323021,C[C@@H]1CN(c2ccc(F)cc2C(F)(F)F)CCN1S(=O)(=O)c1ccc([C@@](O)(C(N)=O)C(F)(F)F)s1,549.062696,5,3.0406,0,6,2,103.94,
CID_49846481,CC1CN(CCN1S(=O)(=O)C2=CC=C(S2)C(C(=O)N)(C(F)(F)F)O)C3=C(C=C(C=C3)F)C(F)(F)F,549.062696,5,3.0406,0,6,2,103.94,
CHEMBL451681,CCCC1=C(C=CC2=C1C=CC(=C2)C(=O)C3=CC=NC=C3)OCCCN4C=CC5=C4C=CC(=C5)OC(C)(C)C(=O)O,550.246772,12,7.0841,0,6,1,90.65,
CID_102411575,CCCCCCCCCCCCCCCCCC(=O)OC1CCC2(C3CCC4(C(C3=CC=C2C1)CCC4C(C)C=CC(C)C(C)C)C)C,662.600182,21,14.1432,0,2,0,26.3,
CID_172450975,COC1=CC2=C(C=C1)N(C=C2CCC(=O)O)S(=O)(=O)C3=CC=C(C=C3)C4CC4,399.114044,7,3.7815,0,5,1,85.6,
CHEMBL527045,CC1=C(C=CC(=C1C)SC2=C(C=C(C=C2)COC3=CC=C(C=C3)C(F)(F)F)OCCN4CCCC4)OCC(=O)O,575.195329,12,6.99044,0,6,1,68.23,
CHEMBL2112999,CCO[C@H](Cc1ccc(OCC/C=C/c2ccccc2)cc1)C(=O)O,340.167459,10,4.2011,0,3,1,55.76,
CID_71461648,CCOC(CC1=CC=C(C=C1)OCCC=CC2=CC=CC=C2)C(=O)O,340.167459,10,4.2011,0,3,1,55.76,
CHEMBL4162387,CC1=CC(=C(C=C1)OC2=NC3=C(C=C2)N=C(N3C)COC4=CC=CC(=C4)C(=O)O)C,403.153206,6,4.65464,0,6,1,86.47,
CHEMBL496733,CC1=CC(=C(C=C1)NC(=O)C2=CC(=CC=C2)S(=O)(=O)N3C=CC4=C3C=C(C=C4)Cl)C(=O)O,468.05467,5,4.79062,0,5,2,105.47,
CHEMBL146650,Cc1sc(N2CCN(S(C)(=O)=O)CC2)nc1CCOc1ccc(C[C@H](Nc2ccccc2C(=O)c2ccccc2)C(=O)O)cc1,648.207627,13,4.49342,0,9,2,129.14,
CID_10746810,CC1=C(N=C(S1)N2CCN(CC2)S(=O)(=O)C)CCOC3=CC=C(C=C3)CC(C(=O)O)NC4=CC=CC=C4C(=O)C5=CC=CC=C5,648.207627,13,4.49342,0,9,2,129.14,
CHEMBL208755,CC1=C(C=CC(=C1)OCC2=NC(=C(C=C2)C3=CC=C(C=C3)C(F)(F)F)C4=CC=C(C=C4)C(F)(F)F)OCC(=O)O,561.137477,8,7.80402,0,4,1,68.65,
CHEMBL217118,C1=CC=C(C=C1)CC2=CN=C3C(=C2C4=CC(=CC=C4)NCC5=CC=C(C=C5)CC(=O)O)C=CC=C3C(F)(F)F,526.186813,8,7.7506,0,3,2,62.22,
CHEMBL1080187,CC1=C(C=CC(=C1)SC2=NC(=C(S2)C3=CC=C(C=C3)OC)C4=CC=C(C=C4)OC)OCC(=O)O,493.101765,9,6.41732,0,7,1,77.88,
CHEMBL4165852,CCOC1=CC(=CC=C1)OC2=CC3=C(C=C2)N=C(N3C)COC4=CC=CC(=C4)C(=O)O,418.152872,8,5.0415,0,6,1,82.81,
CHEMBL1081950,CC1=C(C=CC(=C1)OCCSC2=NC(=C(S2)C3=CC=C(C=C3)OC)C4=CC=C(C=C4)OC)OCC(=O)O,537.12798,12,6.43722,0,8,1,87.11,
CHEMBL1075725,CC1=C(C=CC(=C1)OCC2=NC(=C(O2)C3=CC=C(C=C3)OC(F)(F)F)C4=CC=C(C=C4)C(=O)N5CCCCC5)OCC(=O)O,610.192686,10,6.88412,0,7,1,111.33,
CHEMBL3976126,C1=CC=C(C(=C1)CSC2=CC=CC(=C2)CC(=O)OCC3=CC=C(C=C3)N4C=CC=N4)C(=O)O,458.130028,9,5.1487,0,6,1,81.42,
CHEMBL232399,C1CC2=C(C=CC(=C2C1)SCC3=CC=C(C=C3)OCC4=CC=C(C=C4)F)OCC(=O)O,438.130108,9,5.6491,0,4,1,55.76,
CHEMBL380232,CCC1=C(C(=NO1)C2=C(C=C(C=C2)CC(=O)O)Cl)C(=O)NCCOC3=C(C=C(C=C3)Cl)Cl,496.035955,9,5.3001,0,5,2,101.66,
CHEMBL1090557,Cc1oc(-c2ccccc2)nc1CCOc1ccc(C[C@@H](C(=O)O)N2CCN(c3ccccc3)CC2)cc1Br,589.157619,10,5.85192,0,6,1,79.04,
CID_11512673,CC1=C(N=C(O1)C2=CC=CC=C2)CCOC3=C(C=C(C=C3)CC(C(=O)O)N4CCN(CC4)C5=CC=CC=C5)Br,589.157619,10,5.85192,0,6,1,79.04,
CHEMBL2031858,CC(C)=CCC/C(C)=C/Cc1c(O)cc(/C=C/c2cccc(C(F)(F)F)c2)cc1O,416.196315,7,7.5222,0,2,2,40.46,
CID_66561969,CC(=CCCC(=CCC1=C(C=C(C=C1O)C=CC2=CC(=CC=C2)C(F)(F)F)O)C)C,416.196315,7,7.5222,0,2,2,40.46,
CHEMBL5084631,CC1=CC(=CC(=C1OC(C)(C)C(=O)O)C)N2C(=O)N(C=N2)C3=CC=C(C=C3)C(F)(F)F,435.140591,5,3.90084,0,6,1,86.35,
CHEMBL486357,C1=CC=C(C(=C1)CC(C(=O)O)OC2=CC=C(C=C2)Cl)Cl,310.01635,5,4.0681,0,2,1,46.53,
CHEMBL4579518,CCC1=CC(=C2C(=NN(C2=N1)C3=CC=C(C=C3)I)C(C)C)C(=O)O,435.044375,4,4.4091,0,4,1,68.01,
CHEMBL1079821,CC1=C(C=CC(=C1)OCC2=NC(=C(S2)C3=CC=C(C=C3)OC(F)(F)F)C4=CN=CN=C4)OCC(=O)O,517.091926,9,5.51652,0,8,1,103.66,
CHEMBL385106,CC1=C(N=C(O1)C2=CC=CC=C2)CCOC3=CN=C(C=C3)CC(C(=O)O)OC,382.152872,9,3.30862,0,6,1,94.68,
CID_45271445,CC1(CCN(C2=C1C=C(C=C2)C(=NOC)C3=CC=CC=C3)CCOC4=CC=C(C=C4)CC(C(=O)O)NC5=CC=CC=C5C(=O)C6=CC=CC=C6)C,681.320271,14,7.9909,0,7,2,100.46,
CHEMBL555484,CO/N=C(\c1ccccc1)c1ccc2c(c1)C(C)(C)CCN2CCOc1ccc(C[C@H](Nc2ccccc2C(=O)c2ccccc2)C(=O)O)cc1,681.320271,14,7.9909,0,7,2,100.46,
CHEMBL2031955,CC(C)=CCC/C(C)=C/Cc1c(O)cc(/C=C/c2ccc(O)cc2)cc1O,364.203845,7,6.209,0,3,3,60.69,
CID_14163455,CC(=CCCC(=CCC1=C(C=C(C=C1O)C=CC2=CC=C(C=C2)O)O)C)C,364.203845,7,6.209,0,3,3,60.69,
CHEMBL358325,Cc1sc(N2CCN(C)CC2)nc1CCOc1ccc(C[C@H](Nc2ccccc2C(=O)c2ccccc2)C(=O)O)cc1,584.245727,12,5.16362,0,8,2,95.0,
CID_10460941,CC1=C(N=C(S1)N2CCN(CC2)C)CCOC3=CC=C(C=C3)CC(C(=O)O)NC4=CC=CC=C4C(=O)C5=CC=CC=C5,584.245727,12,5.16362,0,8,2,95.0,
CHEMBL4798903,CCOC1=CC(=CC2=C1N=C(N2C)COC3=CC=CC(=C3)C(=O)O)OC4=C(C=C(C=N4)C)C,447.179421,8,5.05334,0,7,1,95.7,
CHEMBL401829,COC1=CC=C(C=C1)OC(=O)N(CC2=CC=C(C=C2)OCCC(=O)NC(=O)C3=CC=CC=C3)CC(=O)O,506.168916,11,3.5063,0,7,2,131.47,
CHEMBL4202476,CC1=C(OC(=N1)C2=CC=CC=C2OC)COC3=CC=CC(=C3)C(=O)OC,353.126323,6,4.02422,0,6,0,70.79,
CHEMBL1760421,CCCCN(C1=CC=CC(=C1C)C2=CC(=CC=C2)Cl)S(=O)(=O)C3=C(C(=C(C=C3)OC(C)C(=O)O)C)C,529.168972,10,6.77956,0,4,1,83.91,
CHEMBL118483,CCC(CC1=CC(=C(C=C1)OC)C(=O)NCC2=CC=C(C=C2)OCCC3=CC=CC=C3)C(=O)O,461.220223,12,4.9,0,4,2,84.86,
CID_171713891,CCOC(=O)CCC(=CCCC1=NC2=C(C=C1)C=C(C=C2)OCC3=CC=CC=C3)C,403.214744,10,6.036,0,4,0,48.42,
CHEMBL196227,CCCCCOC1=C(C=CC=N1)C(CCCCCCC(=O)OC)O,337.225308,13,4.1976,0,5,1,68.65,
CHEMBL256013,Cc1oc(-c2ccccc2)nc1Cc1ccc(C[C@H]2CO[C@@](C)(C(=O)O)OC2)cc1,407.173273,6,4.24712,0,5,1,81.79,
CID_21866801,CC1=C(N=C(O1)C2=CC=CC=C2)CC3=CC=C(C=C3)CC4COC(OC4)(C)C(=O)O,407.173273,6,4.24712,0,5,1,81.79,
CHEMBL88917,CC1=C(C(=CC=C1)NC2=NC(=NC=C2)SCC(=O)O)C,289.088498,5,3.01374,0,5,2,75.11,
CHEMBL1934475,CC1=C(SC(=N1)C2=CC=C(C=C2)Cl)C(=O)NC3CCCN(C3)C4=CC=C(C=C4)C(=O)O,455.10704,5,4.86892,0,5,2,82.53,
CHEMBL196428,CC(C)(C)C1=CC=C(C=C1)N2C3=CC=CC=C3C(=C2C(=O)O)OC4=CC=C(C=C4)OC(F)(F)F,469.150093,5,7.3171,0,4,1,60.69,
CHEMBL377695,CC1=C(C=CC(=C1)OCC2=CC(=CC(=C2)C3=CC=C(C=C3)Cl)C4=CC=C(C=C4)Cl)OCC(=O)O,492.089515,8,7.67822,0,3,1,55.76,
CHEMBL502521,C[C@H](O)C#CCOc1cc(COc2ccc(C(F)(F)F)cc2)ccc1Sc1ccc(OCC(=O)O)c2c1CCCC2,586.163694,10,6.5408,0,6,2,85.22,
CID_44143331,CC(C#CCOC1=C(C=CC(=C1)COC2=CC=C(C=C2)C(F)(F)F)SC3=C4CCCCC4=C(C=C3)OCC(=O)O)O,586.163694,10,6.5408,0,6,2,85.22,
CHEMBL4167180,CN1C2=CC(=NC=C2N=C1COC3=CC=CC(=C3)C(=O)O)OC4=CC(=C(C=C4)Cl)F,427.073512,6,4.8303,0,6,1,86.47,
CHEMBL3597400,CC1=CC=C(C=C1)COC2=CC=CC(=C2)OCCCOC3=CC4=C(C=C3)NC=C4CC(=O)O,445.188923,11,5.53032,0,4,2,80.78,
CHEMBL246802,COc1ccc(-c2nc(C)c(CCOc3ccc4c(c3)CC[C@H]4CC(=O)O)n2C)cc1,420.204907,8,4.53012,0,5,1,73.58,
CID_44442467,CC1=C(N(C(=N1)C2=CC=C(C=C2)OC)C)CCOC3=CC4=C(C=C3)C(CC4)CC(=O)O,420.204907,8,4.53012,0,5,1,73.58,
CHEMBL198493,CC(C)(C)C1=CC=C(C=C1)N2C(=C(C3=C2N=C(C=C3)Cl)OC4=CC=CC(=C4)OC)C(=O)O,450.134635,5,6.4755,0,5,1,73.58,
CHEMBL196139,CCCCCOc1ncccc1C(O)C/C=C/CCCC(=O)OC,335.209658,12,3.9736,0,5,1,68.65,
CID_44404248,CCCCCOC1=C(C=CC=N1)C(CC=CCCCC(=O)OC)O,335.209658,12,3.9736,0,5,1,68.65,
CHEMBL5187164,CCC1=CC=C(C=C1)C2=NC3=C(O2)C=CC(=C3)NC(=O)C4=C(C=CC(=C4)[N+](=O)[O-])Br,465.032418,5,5.9802,0,5,1,98.27,
CHEMBL2037583,CC1=C(C=CC(=C1)SC(CCCCCCCCCCC2=CC=CC=C2)C3=C(N=C(S3)C4=CC=C(C=C4)C(F)(F)F)C)OCC(=O)O,669.255821,18,11.49614,0,5,1,59.42,
CHEMBL3758885,C=CCN1C2=CC=CC=C2N=C1COC3=CC=C(C=C3)CC4C(=O)NC(=O)S4,393.114712,7,3.6954,0,6,1,73.22,
CHEMBL234689,Cc1cc(OC/C=C\C(C#Cc2ccccn2)c2ccc(Br)cc2)ccc1OCC(=O)O,491.07322,8,5.38642,0,4,1,68.65,
CID_44432841,CC1=C(C=CC(=C1)OCC=CC(C#CC2=CC=CC=N2)C3=CC=C(C=C3)Br)OCC(=O)O,491.07322,8,5.38642,0,4,1,68.65,
CHEMBL434935,CCCc1cc(C(=O)CC)cc(CCC)c1O[C@@H](C(=O)O)c1ccc(C(C)C)cc1,410.24571,11,6.5124,0,3,1,63.6,
CHEMBL4648827,CC(C)(C(=O)NC1=CC=CC=C1)OC2=CC=C(C=C2)CCOC3=CC=C(C=C3)NC(=O)C4=CC=CC=C4,494.220557,10,6.3565,0,4,2,76.66,
CHEMBL426105,CC(C)(C)C1=CC=C(C=C1)N2C(=C(C3=C2N=CC=C3)OC4=CC=C(C=C4)C5=CC(=CN5)C(F)(F)F)C(=O)O,519.176976,5,7.8274,0,4,2,80.14,
CID_10723133,CC1=C(N=C(S1)N2CCN(CC2)C(=O)OC(C)(C)C)CCOC3=CC=C(C=C3)CC(C(=O)O)NC4=CC=CC=C4C(=O)C5=CC=CC=C5,670.282506,12,6.46892,0,9,2,121.3,
CHEMBL146301,Cc1sc(N2CCN(C(=O)OC(C)(C)C)CC2)nc1CCOc1ccc(C[C@H](Nc2ccccc2C(=O)c2ccccc2)C(=O)O)cc1,670.282506,12,6.46892,0,9,2,121.3,
CHEMBL234662,COC1=CC=C(C=C1)COC2=CC=C(C=C2)CSC3=C4CCCC4=C(C=C3)OCC(=O)O,450.150095,10,5.5186,0,5,1,64.99,
CHEMBL1075682,CC1=C(C=CC(=C1)OCC2=NC(=C(S2)C3=CC=C(C=C3)OC(F)(F)F)C4=CC=C(C=C4)OC5CCCC5)OCC(=O)O,599.158943,11,8.04792,0,7,1,87.11,
CHEMBL4575123,C1CCC2=C(C1)C=CC=C2NC3=CC(=NC(=N3)SCC(=O)O)Cl,349.065175,5,3.9291,0,5,2,75.11,
CHEMBL474158,CC1=C(N=C(O1)C2=CC=CC=C2)CCOC3=CC=C(C=C3)CC4=CN(C=C4C(=O)O)C,416.173607,8,4.89902,0,5,1,77.49,
CHEMBL4174856,CN1CC[C@@H](N2C(=O)S/C(=C\c3ccc4c(cnn4Cc4ccc(Cl)cc4C(F)(F)F)c3)C2=O)[C@H](F)C1,552.100987,4,5.8353,0,6,0,58.44,
CID_54597874,CN1CCC(C(C1)F)N2C(=O)C(=CC3=CC4=C(C=C3)N(N=C4)CC5=C(C=C(C=C5)Cl)C(F)(F)F)SC2=O,552.100987,4,5.8353,0,6,0,58.44,
CHEMBL4165766,CC1=CN=C(C=C1)OC2=CC3=C(C=C2)N=C(N3C)COC4=CC=CC(=C4)C(=O)O,389.137556,6,4.34622,0,6,1,86.47,
CHEMBL3758197,CC(C)CN1C2=CC=CC=C2N=C1COC3=CC=C(C=C3)CC4C(=O)NC(=O)S4,409.146013,7,4.1654,0,6,1,73.22,
CHEMBL4533202,CC1=C(C=CC(=C1C)Br)NC2=CC(=NC(=N2)SCC(=O)O)Cl,400.960037,5,4.42964,0,5,2,75.11,
CID_64928,CC(C(=O)O)OC1=CC=C(C=C1)OC2=CC=C(C=C2)Cl,292.050237,5,3.9842,0,3,1,55.76,
CHEMBL4161810,CC1=NC(=CC=C1)OC2=CC3=C(C=C2)N=C(N3C)COC4=CC=CC(=C4)C(=O)O,389.137556,6,4.34622,0,6,1,86.47,
CHEMBL3398437,CCOC(=O)N1C[C@H](Cc2cccc(OCCc3nc(-c4ccccc4)oc3C)c2)[C@H](C(=O)O)C1,478.210387,9,4.60312,0,6,1,102.1,
CHEMBL522619,C1CN(CC2=CC=CC=C21)S(=O)(=O)C3=CC=CC(=C3)C(=O)NC4=C(C=C(C=C4)C(F)(F)F)C(=O)O,504.096677,5,4.4029,0,4,2,103.78,
CHEMBL508225,C1=CC(=CC=C1CC(C(=O)O)OC2=CC=C(C=C2)Cl)Br,353.965834,5,4.1772,0,2,1,46.53,
CHEMBL218442,CC1=C(N=C(S1)C)C(=O)NCC2=CC=C(C=C2)OC(C)(C)C(=O)O,348.114378,6,2.93194,0,5,2,88.52,
CHEMBL484266,C1CN(CC2=CC=CC=C21)S(=O)(=O)C3=CC=CC(=C3)C(=O)NC4=C(C=C(C=C4)Br)C(=O)O,514.019805,5,4.1466,0,4,2,103.78,
CHEMBL4456821,CCOC1=C(C=C(C=C1)C2=CC=C(C=C2)NCC3=NN(C(=O)N3C4=CC=CC=C4F)C5=CC=C(C=C5)C(F)(F)F)CC(=O)O,606.189018,10,6.486,0,7,2,98.38,
CHEMBL23670,CCCC1=C(C=CC2=C1OC=C2CC)OCCCSC3=C(C=C(C=C3)CC(=O)O)Cl,446.131858,11,6.7894,0,4,1,59.67,
CHEMBL50755,CCCC1=C(C=CC(=C1)OC2=CC=CC=C2)OCCCOC3=C(C=C(C=C3)C4C(=O)NC(=O)S4)OC,507.171559,12,6.312,0,7,1,83.09,
CHEMBL1760417,CCCCN(C1=C(C=CC(=C1)C2=CC=C(C=C2)Cl)C)S(=O)(=O)C3=C(C(=C(C=C3)OC(C)C(=O)O)C)C,529.168972,10,6.77956,0,4,1,83.91,
CHEMBL207449,CC1=C(C=CC(=C1)SCC2=CC(=CC(=C2)C3=CC=C(C=C3)C(F)(F)F)C4=CC=C(C=C4)C(F)(F)F)OCC(=O)O,576.119385,8,9.12232,0,3,1,46.53,
CHEMBL1081751,CC1=C(C=CC(=C1)OCC2=NC(=C(S2)C3=CC=CC=C3C(F)(F)F)C4=CC=C(C=C4)OC)OCC(=O)O,529.117078,9,6.85532,0,6,1,77.88,
CHEMBL118972,CC1=CC(=C(C=C1)NC(=O)C2=C(C=C(C=C2)Cl)Cl)C(=O)O,323.011599,3,4.25232,0,2,2,66.4,
CHEMBL120744,CCOC(CC1=CC(=C(C=C1)OC)C(=O)NCC2=CC=C(C=C2)C(F)(F)F)C(=O)O,425.145007,9,3.6762,0,4,2,84.86,
CHEMBL180926,CCO[C@@H](Cc1ccc(OCc2ccc(COc3ccc(C[C@H](OCC)C(=O)O)cc3)cc2)cc1)C(=O)O,522.225368,16,4.909,0,6,2,111.52,
CID_44389687,CCOC(CC1=CC=C(C=C1)OCC2=CC=C(C=C2)COC3=CC=C(C=C3)CC(C(=O)O)OCC)C(=O)O,522.225368,16,4.909,0,6,2,111.52,
CHEMBL219935,Cc1c(OCCCOc2ccc3c(c2)CC[C@H]3CC(=O)O)ccc2[nH]ccc12,379.178358,8,4.82872,0,3,2,71.55,
CID_24776389,CC1=C(C=CC2=C1C=CN2)OCCCOC3=CC4=C(C=C3)C(CC4)CC(=O)O,379.178358,8,4.82872,0,3,2,71.55,
CHEMBL92130,CCCC1=C(C=CC(=C1)OC2=CC=C(C=C2)OC)OCCCOC3=CC=CC(=C3)C4C(=O)NC(=O)S4,507.171559,12,6.312,0,7,1,83.09,
CHEMBL1083698,CC(C)(C(=O)O)OC1=CC=C(C=C1)CN(CC2=CC=CO2)CC(=O)NCC3=CC=CC=C3Cl,470.16085,11,4.4936,0,5,2,92.01,
CHEMBL320925,CCCC1=C(C(=CC(=C1)C(=O)OC)Cl)OC(C2=CC=CC=C2)C(=O)O,362.092101,7,4.2838,0,4,1,72.83,
CHEMBL398746,CCCc1oc(-c2ccccc2)nc1CCOc1ccc2c(c1)CC[C@H]2CC(=O)O,405.194008,9,5.4201,0,4,1,72.56,
CID_44442474,CCCC1=C(N=C(O1)C2=CC=CC=C2)CCOC3=CC4=C(C=C3)C(CC4)CC(=O)O,405.194008,9,5.4201,0,4,1,72.56,
CID_44589628,CC1(OCC(CO1)CCCCCCC2=CC=C(C=C2)OS(=O)(=O)C)C(=O)O,400.155574,10,2.9818,0,6,1,99.13,
CHEMBL520856,CS(=O)(=O)Oc1ccc(CCCCCC[C@H]2CO[C@@](C)(C(=O)O)OC2)cc1,400.155574,10,2.9818,0,6,1,99.13,
CHEMBL519345,C1CN(CC2=CC=CC=C21)S(=O)(=O)C3=CC=CC(=C3)C(=O)NC4=C(C=C(C=C4)F)C(=O)O,454.099871,5,3.5232,0,4,2,103.78,
CHEMBL602263,CCC(C1=CC=CC=C1)NC(=O)C2=CC3=C(C=C2)N(C(=C3)C)CC4=CC=C(C=C4)C5=CC=CC=C5C(=O)O,502.225643,8,7.24432,0,3,2,71.33,
CHEMBL376050,CC1=C(SC(=N1)C2=CC=C(C=C2)O)C(=O)NCC3=CC=C(C=C3)OC(C)(C)C(=O)O,426.124943,7,3.99612,0,6,3,108.75,
CHEMBL2180635,C1=CC(=CC(=C1)CN2C=CC=C2C(=O)O)CNC(=O)NC3=CC=C(C=C3)OC(F)(F)F,433.124941,7,4.4549,0,4,3,92.59,
CHEMBL220422,O=C(O)C[C@@H]1CCc2cc(OCCCOc3ccc(C(F)(F)F)cc3)ccc21,394.139194,8,5.0578,0,3,1,55.76,
CID_16110419,C1CC2=C(C1CC(=O)O)C=CC(=C2)OCCCOC3=CC=C(C=C3)C(F)(F)F,394.139194,8,5.0578,0,3,1,55.76,
CHEMBL2282522,Cc1oc(-c2ccccc2)nc1CCOc1ccc(C[C@@]2(C(=O)O)C=CC=CO2)cc1,417.157623,8,4.73752,0,5,1,81.79,
CID_76334423,CC1=C(N=C(O1)C2=CC=CC=C2)CCOC3=CC=C(C=C3)CC4(C=CC=CO4)C(=O)O,417.157623,8,4.73752,0,5,1,81.79,
CHEMBL2282519,Cc1oc(-c2ccccc2)nc1CCOc1ccc(C[C@]2(C(=O)O)C=CC=CO2)cc1,417.157623,8,4.73752,0,5,1,81.79,
CHEMBL1075772,CC1=C(C=CC(=C1)OCC2=NC(=CS2)C3=CC=C(C=C3)Cl)OCC(=O)O,389.048857,7,4.81432,0,5,1,68.65,
CHEMBL199362,CCC(C(=O)O)C1CCc2cc(OCCc3c(C)noc3C)ccc21,343.178358,7,4.05354,0,4,1,72.56,
CHEMBL602670,CC1=C(N(C2=C1C=C(C=C2)C(=O)NCCCC3=CC=CC=C3)CC4=CC=C(C=C4)C5=CC=CC=C5C(=O)O)C,516.241293,9,7.03424,0,3,2,71.33,
CHEMBL1933825,CC(C)CCS(=O)(=O)NC(=O)CCC1=CC(=NN1CC2=C(C=C(C=C2)Cl)Cl)OC(C)C,489.125583,11,4.4501,0,6,1,90.29,
CID_162656189,CC1=NC(=C(S1)CC2=CC=CC=C2OCC=C(C)CCC(=O)O)C3=CC=C(C=C3)C4=CC=CO4,473.166079,10,7.15922,0,5,1,72.56,
CHEMBL4757859,C/C(=C\COc1ccccc1Cc1sc(C)nc1-c1ccc(-c2ccco2)cc1)CCC(=O)O,473.166079,10,7.15922,0,5,1,72.56,
CID_162648236,CC1=C(C(=NO1)C2=CC=C(C=C2)C3=CC=CO3)CC4=CC=CC=C4OCC=C(C)CCC(=O)O,457.188923,10,6.69072,0,5,1,85.7,
CHEMBL4744325,C/C(=C\COc1ccccc1Cc1c(-c2ccc(-c3ccco3)cc2)noc1C)CCC(=O)O,457.188923,10,6.69072,0,5,1,85.7,
CHEMBL374346,O=C(O)C[C@@H]1CCc2cc(OCCCOc3ccc4cc[nH]c4c3)ccc21,365.162708,8,4.5203,0,3,2,71.55,
CID_24776394,C1CC2=C(C1CC(=O)O)C=CC(=C2)OCCCOC3=CC4=C(C=C3)C=CN4,365.162708,8,4.5203,0,3,2,71.55,
CHEMBL1760413,CCCCN(C1=CC(=CC(=C1)C(F)(F)F)C2=CC=C(C=C2)Cl)S(=O)(=O)C3=C(C(=C(C=C3)OC(C)C(=O)O)C)C,583.140706,10,7.48994,0,4,1,83.91,
CHEMBL459972,CCCCC(C(=O)O)SC1=NC(=CC(=N1)Cl)NC2=CC=CC(=C2C)C,379.112126,8,5.22594,0,5,2,75.11,
CHEMBL606422,CCC(C1=CC=CC=C1)NC(=O)C2=CC3=C(C=C2)N(C(=C3SC)C)CC4=CC=C(C=C4)C5=CC=CC=C5C(=O)O,548.213364,9,7.96622,0,4,2,71.33,
CHEMBL267147,C1CC2=C(C=CC(=C2C1)SCC3=C(C=CC=C3F)OCC4=CC=C(C=C4)C(F)(F)F)OCC(=O)O,506.117493,9,6.6679,0,4,1,55.76,
CHEMBL4783088,CCOC1=NC=CC(=C1)OC2=CC3=C(C=C2)N=C(N3C)COC4=CC=CC(=C4)C(=O)O,419.148121,8,4.4365,0,7,1,95.7,
CID_149887798,CCOC1=CC2=C(C=C1)C(=O)C(=CC3=CC(=C(C(=C3)C)OC(C)(C)C(=O)O)C)O2,396.157288,6,4.56034,0,5,1,82.06,
CHEMBL427080,COc1cc(-c2nc(C)c(C(=O)O)s2)ccc1OCCCOc1ccc2c(c1)CC[C@H]2CC(=O)O,497.150823,11,5.17772,0,7,2,115.18,
CID_16110532,CC1=C(SC(=N1)C2=CC(=C(C=C2)OCCCOC3=CC4=C(C=C3)C(CC4)CC(=O)O)OC)C(=O)O,497.150823,11,5.17772,0,7,2,115.18,
CHEMBL1760005,CCCCN(C1=CC=CC(=C1Cl)C2=CC=C(C=C2)OC(F)(F)F)S(=O)(=O)C3=C(C(=C(C=C3)OC(C)C(=O)O)C)C,599.135621,11,7.36974,0,5,1,93.14,
CHEMBL246803,COc1ccc(-c2nc(CCOc3ccc4c(c3)CC[C@H]4CC(=O)O)c(C)n2C)cc1,420.204907,8,4.53012,0,5,1,73.58,
CID_44442468,CC1=C(N=C(N1C)C2=CC=C(C=C2)OC)CCOC3=CC4=C(C=C3)C(CC4)CC(=O)O,420.204907,8,4.53012,0,5,1,73.58,
CHEMBL4166323,CN1C2=C(C=CC(=C2)OC3=C(C=C(C=N3)Cl)Cl)N=C1COC4=CC=CC(=C4)C(=O)O,443.043961,6,5.3446,0,6,1,86.47,
CHEMBL1946570,C[C@@H](Oc1cc(Cn2c(=O)n(-c3noc4cc(Cl)ccc34)c3ccc(C(F)(F)F)cc32)ccc1Cl)C(=O)O,565.041911,6,6.1592,0,7,1,99.49,
CID_56925895,CC(C(=O)O)OC1=C(C=CC(=C1)CN2C3=C(C=CC(=C3)C(F)(F)F)N(C2=O)C4=NOC5=C4C=CC(=C5)Cl)Cl,565.041911,6,6.1592,0,7,1,99.49,
CHEMBL200952,CCCC1=C(C=CC2=C1NC=C2)OCCCOC3=CC=CC4=C3C=CN4CC(=O)O,406.189257,10,5.0076,0,4,2,76.48,
CHEMBL4172034,CN1C2=C(C=CC(=C2)OC3=NC=C(C=C3)F)N=C1COC4=CC=CC(=C4)C(=O)O,393.112484,6,4.1769,0,6,1,86.47,
CHEMBL4764095,CC1=CC(=CC(=N1)C)OC2=CC3=C(C=C2)N=C(N3C)COC4=CC=CC(=C4)C(=O)O,403.153206,6,4.65464,0,6,1,86.47,
CHEMBL1946756,COc1ccc2c(-n3c(=O)n(Cc4ccc(Cl)c(O[C@H](C)C(=O)O)c4)c4cc(OC(F)(F)F)ccc43)noc2c1,577.086362,8,5.3942,0,9,1,117.95,
CID_56925998,CC(C(=O)O)OC1=C(C=CC(=C1)CN2C3=C(C=CC(=C3)OC(F)(F)F)N(C2=O)C4=NOC5=C4C=CC(=C5)OC)Cl,577.086362,8,5.3942,0,9,1,117.95,
CHEMBL3925405,C1=CC=C(C(=C1)CCOC(=O)CC2=CC(=CC=C2)SCC3=CC=CC=C3C(=O)O)C(F)(F)F,474.111265,9,6.0243,0,4,1,63.6,
CHEMBL202140,CCCC1=C(C=CC(=C1)C(=O)C2=CC=C(C=C2)F)OCCCOC3=CC4=C(C=C3)C=CN4CC(=O)O,489.195151,12,5.8964,0,5,1,77.76,
CHEMBL199125,CCCCCOC1=NC2=CC=CC=C2C=C1C(CCCCCCCC(=O)OC)O,401.256609,14,5.7409,0,5,1,68.65,
CHEMBL215701,CCc1cc(OCC[C@@H](C)Oc2ccc(Cl)cc2Oc2ccccc2)ccc1CCC(=O)O,468.170352,12,6.9483,0,4,1,64.99,
CID_16085988,CCC1=C(C=CC(=C1)OCCC(C)OC2=C(C=C(C=C2)Cl)OC3=CC=CC=C3)CCC(=O)O,468.170352,12,6.9483,0,4,1,64.99,
CHEMBL3398447,Cc1oc(-c2ccccc2)nc1CCOc1cccc(C[C@H]2CN(c3nccc(C(F)(F)F)n3)C[C@H]2C(=O)O)c1,552.19844,9,5.46002,0,7,1,101.58,
CHEMBL4169333,CN1C2=C(C=CC(=C2)OC3=CC=CC=C3OC)N=C1COC4=CC=CC(=C4)C(=O)O.Cl,440.113899,7,5.0732,0,6,1,82.81,
CHEMBL86688,CCO[C@@H](Cc1ccc(OC/C=C(/c2ccccc2)c2ccc(Br)cc2)cc1)C(=O)O,480.093621,10,5.992,0,3,1,55.76,
CID_44320897,CCOC(CC1=CC=C(C=C1)OCC=C(C2=CC=CC=C2)C3=CC=C(C=C3)Br)C(=O)O,480.093621,10,5.992,0,3,1,55.76,
CHEMBL89152,CCO[C@@H](Cc1ccc(OC/C=C(\c2ccccc2)c2ccc(Br)cc2)cc1)C(=O)O,480.093621,10,5.992,0,3,1,55.76,
CHEMBL1933845,CCCCCS(=O)(=O)NC(=O)/C=C/c1cc(C2CC2)nn1Cc1ccc(C(F)(F)F)cc1Cl,503.125725,10,5.1304,0,5,1,81.06,
CID_56949691,CCCCCS(=O)(=O)NC(=O)C=CC1=CC(=NN1CC2=C(C=C(C=C2)C(F)(F)F)Cl)C3CC3,503.125725,10,5.1304,0,5,1,81.06,
CHEMBL4281988,CC1=CC=C(C=C1)OCCCOC2=CC3=C(C=C2)C(CO3)CC(=O)O,342.146724,8,3.79362,0,4,1,64.99,
CHEMBL198269,CC(C)(C)C1=CC=C(C=C1)N2C3=C(C=C(C=C3)OC4=CC=CN4)C(=C2C(=O)O)OC5=CC=CC(=C5)C(F)(F)F,534.176642,6,8.5577,0,4,2,76.48,
CHEMBL401712,Cc1oc(-c2ccccc2)nc1CCCC[C@H]1CO[C@](C)(C(=O)O)OC1,359.173273,7,3.82662,0,5,1,81.79,
CHEMBL4780380,CN1C2=C(C=CC(=C2)OC3=C(N=CC=C3)OC)N=C1COC4=CC=CC(=C4)C(=O)O,405.132471,7,4.0464,0,7,1,95.7,
CHEMBL4518775,C1CC2=C(C1)C(=CC=C2)NC3=NC(=NC(=C3)C(F)(F)F)OCCC(=O)O,367.114376,6,3.5812,0,5,2,84.34,
CID_21101227,CC1=CC=C(C=C1)C(=O)C2=CC=CN2CC=CC3=CC(=CC=C3)OCC(=O)O,375.147058,8,4.20432,0,4,1,68.53,
CHEMBL1641718,Cc1ccc(C(=O)c2cccn2C/C=C/c2cccc(OCC(=O)O)c2)cc1,375.147058,8,4.20432,0,4,1,68.53,
CHEMBL4164828,CC1=C(N=C(C=C1)C)OC2=CC3=C(C=C2)N=C(N3C)COC4=CC=CC(=C4)C(=O)O,403.153206,6,4.65464,0,6,1,86.47,
CHEMBL1808553,CC(C)C(C(=O)NS(=O)(=O)C1=CC=CC=C1)SC2=NC3=C(S2)C=CC(=C3)Cl,440.008983,6,4.5715,0,6,1,76.13,
CHEMBL1360615,COc1ccc(-c2nn(-c3ccccc3)cc2/C=C2/SC(=S)N(CCC(=O)O)C2=O)c(C)c1,479.097348,7,4.53222,0,7,1,84.66,
CID_1328217,CC1=C(C=CC(=C1)OC)C2=NN(C=C2C=C3C(=O)N(C(=S)S3)CCC(=O)O)C4=CC=CC=C4,479.097348,7,4.53222,0,7,1,84.66,
CHEMBL373605,O=C(O)C[C@@H]1CCc2cc(OCCCOc3ccc(OC(F)(F)F)cc3)ccc21,410.134108,9,4.9376,0,4,1,64.99,
CID_16110512,C1CC2=C(C1CC(=O)O)C=CC(=C2)OCCCOC3=CC=C(C=C3)OC(F)(F)F,410.134108,9,4.9376,0,4,1,64.99,
CHEMBL260494,CC1=C(C=CC(=C1)SCC2=NSC(=N2)C3=CC(=C(C=C3)Cl)Cl)OC(C)(C)C(=O)O,468.01359,7,6.35462,0,6,1,72.31,
CHEMBL4209482,CN(CC1=CC=CC=C1OCCCCCC(=O)O)C(=O)C2=CC=C(C=C2)C3=CC=CO3,421.188923,11,5.2426,0,4,1,79.98,
CHEMBL427237,CCCc1c(OCCCOc2ccc3c(c2)CC[C@H]3CC(=O)O)ccc2[nH]ccc12,407.209658,10,5.4728,0,3,2,71.55,
CID_24776390,CCCC1=C(C=CC2=C1C=CN2)OCCCOC3=CC4=C(C=C3)C(CC4)CC(=O)O,407.209658,10,5.4728,0,3,2,71.55,
CHEMBL364748,O=C(O)[C@H](Cc1ccccc1)Oc1ccc(Cl)cc1,276.055322,5,3.4147,0,2,1,46.53,
CHEMBL190905,O=C(O)[C@@H](Cc1ccccc1)Oc1ccc(Cl)cc1,276.055322,5,3.4147,0,2,1,46.53,
CID_11460087,C1=CC=C(C=C1)CC(C(=O)O)OC2=CC=C(C=C2)Cl,276.055322,5,3.4147,0,2,1,46.53,
CHEMBL120444,CCC(CC1=CC(=C(C=C1)OC)C(=O)NCC2=CC=C(C=C2)OCC3=CC=CC=C3)C(=O)O,447.204573,11,4.8575,0,4,2,84.86,
CHEMBL4548480,CCCCCCC(C(=O)O)SC1=NC2=C(S1)C=C(C=C2)NCC3=CC=C(C=C3)Cl,448.104598,11,7.0775,0,5,2,62.22,
CHEMBL1933830,CCCCCS(=O)(=O)NC(=O)CCC1=CC(=NN1CC2=C(C=C(C=C2)Cl)Cl)OCCOC,505.120497,14,3.8322,0,7,1,99.52,
CHEMBL550762,CCCCCCCC/C=C(\CCCCCCCC(=O)O)[N+](=O)[O-],327.240959,16,5.7129,0,3,1,80.44,
CID_11645581,CCCCCCCCC=C(CCCCCCCC(=O)O)[N+](=O)[O-],327.240959,16,5.7129,0,3,1,80.44,
CHEMBL208567,CCCC1=C(C=CC2=C1ON=C2C(F)(F)F)OCCCN3C4=C(C=C(C=C4)CC(=O)O)N=N3,462.15149,9,4.64,0,7,1,103.27,
CHEMBL1946757,COc1ccc2c(-n3c(=O)n(Cc4ccc(Cl)c(O[C@H](C)C(=O)O)c4)c4ccc(C(F)(F)F)cc43)noc2c1,561.091448,7,5.5144,0,8,1,108.72,
CID_56926094,CC(C(=O)O)OC1=C(C=CC(=C1)CN2C3=C(C=C(C=C3)C(F)(F)F)N(C2=O)C4=NOC5=C4C=CC(=C5)OC)Cl,561.091448,7,5.5144,0,8,1,108.72,
CHEMBL490395,CCC1=CC=C(C=C1)C2=CCN(CC2)CCOC3=CC=C(C=C3)CC(C(=O)O)OCC,423.240959,11,4.4493,0,4,1,59.0,
CHEMBL2035064,CC1=C(C=CC(=C1)SC(CC2=CC=C(C=C2)C3=CC=CC=C3)C4=C(N=C(S4)C5=CC=C(C=C5)C(F)(F)F)C)OCC(=O)O,619.14627,10,9.65224,0,5,1,59.42,
CHEMBL4592654,CCC(CC)C1=NN(C2=NC(=CC(=C12)C(=O)O)C)C3=CC=C(C=C3)F,341.153955,5,4.46982,0,4,1,68.01,
CHEMBL4635727,CC(C)(C(=O)NC1=CC=CC=C1)OC2=CC=C(C=C2)CCOC3=CC=C(C=C3)NC(=O)NC4=CC=CC=C4,509.231456,10,6.7482,0,4,3,88.69,
CHEMBL1079449,CC1=C(C=CC(=C1)OCC2=NC(=C(S2)C3=CC4=CC=CC=C4C=C3)C5=CC=C(C=C5)OC)OCC(=O)O,511.145344,9,6.98972,0,6,1,77.88,
CHEMBL491820,CC(=CCC1=C(C=C(C(=C1O)C(=O)O)CCC2=CC=CC=C2)OC)C,340.167459,7,4.3929,0,3,2,66.76,
CHEMBL177831,CCCC1=C(C=CC2=C1ON=C2C(F)(F)F)OCCCCOC3=CC4=C(C=C3)N(C=C4)CC(=O)O,490.171557,11,6.0764,0,6,1,86.72,
CHEMBL1080349,CC1=C(C=CC(=C1)OCC2=NC(=C(S2)C3=CC=C(C=C3)OC(F)(F)F)C4=CC=C(C=C4)OC(C)C)OCC(=O)O,573.143293,11,7.51372,0,7,1,87.11,
CHEMBL4159849,CC1=CC(=CC(=C1)OC2=NC3=C(C=C2)N=C(N3C)COC4=CC=CC(=C4)C(=O)O)C,403.153206,6,4.65464,0,6,1,86.47,
CHEMBL387203,C1=CC(=CC(=C1)C2=NOC(=C2C(=O)NCCOC3=C(C=C(C=C3)Cl)Cl)C4=CC=CO4)CC(=O)O,500.054192,9,5.3443,0,6,2,114.8,
CHEMBL1081749,CC1=C(C=CC(=C1)OCC2=NC(=C(S2)C3=CC=C(C=C3)C(F)(F)F)C4=CC=C(C=C4)OC)OCC(=O)O,529.117078,9,6.85532,0,6,1,77.88,
CHEMBL237277,CC1=C(C=CC(=C1)OC2=CC=CC(=C2)CNC(=O)C3=CC4=C(N3)C=CC(=C4)Cl)CCC(=O)O,462.134635,8,5.86922,0,3,3,91.42,
CHEMBL2204693,CC(C)(Oc1ccc(CCOc2ccc(/C=C/c3ccccc3)cc2)cc1)C(=O)O,402.183109,9,5.7205,0,3,1,55.76,
CID_71461231,CC(C)(C(=O)O)OC1=CC=C(C=C1)CCOC2=CC=C(C=C2)C=CC3=CC=CC=C3,402.183109,9,5.7205,0,3,1,55.76,
CHEMBL458867,CC1=C(N=C(O1)C2=CC(=CC=C2)OC)CCOC3=CC4=C(C=C3)C=C(C(=O)O4)C(=O)OC,435.131802,7,4.17312,0,8,0,101.0,
CHEMBL119646,CSCCOc1ccc(NC(=O)c2ccc(Cl)cc2Cl)c(C(=O)[O-])c1.[Li+],405.018064,7,0.355,0,5,1,78.46,
CHEMBL4237295,CC1=C(C=CC(=C1)SC(CC2=C(C=CC=C2F)F)C3=CC=C(C=C3)C4=CC=C(C=C4)F)OCC(=O)O,508.132,9,7.61882,0,3,1,46.53,
CHEMBL512563,CC1=C(C(=CC=C1)NC2=CC(=NC(=N2)SC(C)(C)C(=O)O)Cl)C,351.080825,5,4.44574,0,5,2,75.11,
CHEMBL4745787,CC1=CC(=CN=C1)OC2=CC3=C(C=C2)N=C(N3C)COC4=CC=CC(=C4)C(=O)O,389.137556,6,4.34622,0,6,1,86.47,
CHEMBL3335662,CC(C)(C)C1=CC=C(C=C1)C(=O)NC2=CC=CC=C2C(=O)NC3=CC(=C(C=C3)Cl)C(=O)O,450.134635,5,5.8403,0,3,3,95.5,
CHEMBL2031952,CC(C)=CCC/C(C)=C/Cc1c(O)cc(/C=C/c2cc(F)cc(F)c2)cc1O,384.190087,7,6.7816,0,2,2,40.46,
CID_70688041,CC(=CCCC(=CCC1=C(C=C(C=C1O)C=CC2=CC(=CC(=C2)F)F)O)C)C,384.190087,7,6.7816,0,2,2,40.46,
CHEMBL426108,CCC(C(=O)O)C1CCc2cc(OCCNC(=O)Nc3ccc(C)cc3)ccc21,396.204907,8,4.33612,0,3,3,87.66,
CHEMBL1813200,CC[C@@H](Cc1ccc(CCc2ccc(N3C(=O)c4ccccc4C3=O)cc2OC)cc1)C(=O)O,457.188923,9,4.9343,0,4,1,83.91,
CHEMBL1813201,CC[C@H](Cc1ccc(CCc2ccc(N3C(=O)c4ccccc4C3=O)cc2OC)cc1)C(=O)O,457.188923,9,4.9343,0,4,1,83.91,
CHEMBL1813196,CCC(CC1=CC=C(C=C1)CCC2=C(C=C(C=C2)N3C(=O)C4=CC=CC=C4C3=O)OC)C(=O)O,457.188923,9,4.9343,0,4,1,83.91,
CHEMBL4075456,C1=CC2=C(C=C1S(=O)(=O)N3C4=C(C=C(C=C4)Cl)C=C3CCCC(=O)O)NC=N2,417.055005,6,3.8153,0,5,2,105.05,
CHEMBL2011541,CC(C)(O)C1=C[C@@H](O)[C@@](C)(O)CC1,186.125594,1,0.5894,0,3,3,60.69,
CID_57404439,CC1(CCC(=CC1O)C(C)(C)O)O,186.125594,1,0.5894,0,3,3,60.69,
CID_71458052,CCCCCOC1=NC2=CC=CC=C2C=C1C(CC=CCCCC(=O)[O-])O.[Na+],393.191603,12,0.7077,0,5,1,82.48,
CHEMBL2113108,CCCCCOc1nc2ccccc2cc1C(O)C/C=C\CCCC(=O)[O-].[Na+],393.191603,12,0.7077,0,5,1,82.48,
CHEMBL1933835,CCCCCS(=O)(=O)NC(=O)CCC1=CC(=NN1CC2=C(C=C(C=C2)C(F)(F)F)Cl)C3CC3,505.141375,11,5.0498,0,5,1,81.06,
CHEMBL458221,CC1=C(N=C(O1)C2=CC=C(C=C2)C(C)(C)C)CCOC3=CC4=C(C=C3)C=C(C(=O)O4)C(=O)OC,461.183838,6,5.46202,0,7,0,91.77,
CHEMBL574122,CC(C)(C(=O)O)SC1=NC2=C(S1)C=CC(=C2)Cl,286.984148,3,3.905,0,4,1,50.19,
CHEMBL213547,CCOC(=O)C1=C(C2=C(C1=O)C=C(C=C2)OC)C3=CC=CC=C3,308.104859,4,3.2565,0,4,0,52.6,
CHEMBL399311,Cc1sc(-c2ccccc2)nc1CCOc1ccc2c(c1)CC[C@H]2CC(=O)O,393.139865,7,5.24452,0,4,1,59.42,
CID_44442451,CC1=C(N=C(S1)C2=CC=CC=C2)CCOC3=CC4=C(C=C3)C(CC4)CC(=O)O,393.139865,7,5.24452,0,4,1,59.42,
CHEMBL4242129,CC1=C(C=CC(=C1)SC(CC2=CC=CC=C2)C3=CN=C(C=C3)C4=CC=C(C=C4)C(F)(F)F)OCC(=O)O,523.142899,9,7.61532,0,4,1,59.42,
CHEMBL1760269,CCCCN(C1=CC=CC(=C1C)C2=CC=C(C=C2)Cl)S(=O)(=O)C3=C(C(=C(C=C3)OC(CC)C(=O)O)C)C,543.184622,11,7.16966,0,4,1,83.91,
CHEMBL187612,CCCC1=CC(=CC(=C1NC(C2=CC=C(C=C2)C(C)C)C(=O)O)CCC)C(=O)CC,409.261694,11,6.5455,0,3,2,66.4,
CHEMBL399217,CC1=C(C=CC(=C1)OC2=CC=CC(=C2)CNC(=O)C3=CC4=CC(=C(C=C4N3)Cl)Cl)CCC(=O)O,496.095663,8,6.52262,0,3,3,91.42,
CHEMBL4483327,CC1=CC(=CC(=C1OC(C)(C)C(=O)O)C)CC2=NOC3=C2CCOC4=C3C=CC(=C4)Br,485.083785,5,5.48864,0,5,1,81.79,
CHEMBL2236890,CCCc1cc(-c2nc3c(s2)CCCO3)ccc1OCCCOc1ccc2c(c1)CC[C@H]2CC(=O)O,507.207944,11,6.44,0,6,1,77.88,
CHEMBL2204697,CC(C)(Oc1ccc(CCCOc2ccc(/N=N/c3ccccc3)cc2)cc1)C(=O)O,418.189257,10,6.3556,0,5,1,80.48,
CID_71459497,CC(C)(C(=O)O)OC1=CC=C(C=C1)CCCOC2=CC=C(C=C2)N=NC3=CC=CC=C3,418.189257,10,6.3556,0,5,1,80.48,
CHEMBL521925,CCO[C@@H](Cc1cccc(C2=NOC(c3ccccc3)C2)c1)C(=O)O,339.147058,7,3.5845,0,4,1,68.12,
CID_25115790,CCOC(CC1=CC(=CC=C1)C2=NOC(C2)C3=CC=CC=C3)C(=O)O,339.147058,7,3.5845,0,4,1,68.12,
CHEMBL149715,Cc1oc(N2CCCCC2)nc1CCOc1ccc(C[C@H](Nc2ccccc2C(=O)c2ccccc2)C(=O)O)cc1,553.257671,12,5.93362,0,7,2,104.9,
CID_10554759,CC1=C(N=C(O1)N2CCCCC2)CCOC3=CC=C(C=C3)CC(C(=O)O)NC4=CC=CC=C4C(=O)C5=CC=CC=C5,553.257671,12,5.93362,0,7,2,104.9,
CHEMBL374545,CC(=O)c1sc(-c2ccc(OCCCOc3ccc4c(c3)CC[C@H]4CC(=O)O)cc2)nc1C,465.160994,10,5.67352,0,6,1,85.72,
CID_16110525,CC1=C(SC(=N1)C2=CC=C(C=C2)OCCCOC3=CC4=C(C=C3)C(CC4)CC(=O)O)C(=O)C,465.160994,10,5.67352,0,6,1,85.72,
CHEMBL3397556,CC(C)CO/N=C/c1ccc(OC(Cc2ccccc2)C(=O)[O-])cc1.[Na+],363.144652,9,-0.5629,0,5,0,70.95,
CID_118726806,CC(C)CON=CC1=CC=C(C=C1)OC(CC2=CC=CC=C2)C(=O)[O-].[Na+],363.144652,9,-0.5629,0,5,0,70.95,
CHEMBL207881,C1=CC=C(C=C1)OC2=CC=CC(=C2)CNC3=CC=C(C=C3)CCC(=O)O,347.152144,8,5.1082,0,3,2,58.56,
CHEMBL4248276,O=C(O)[C@@H](Cc1ccc(-c2ccccc2)cc1)Oc1ccc(-c2ccccc2)cc1,394.156895,7,6.0953,0,2,1,46.53,
CHEMBL4237252,O=C(O)[C@H](Cc1ccc(-c2ccccc2)cc1)Oc1ccc(-c2ccccc2)cc1,394.156895,7,6.0953,0,2,1,46.53,
CID_145986026,C1=CC=C(C=C1)C2=CC=C(C=C2)CC(C(=O)O)OC3=CC=C(C=C3)C4=CC=CC=C4,394.156895,7,6.0953,0,2,1,46.53,
CHEMBL3904658,CCC1=C(C=CC(=C1)OCCC2=C(OC(=N2)C3=CC=C(C=C3)C4=NNN=N4)C)CCC(=O)O,447.190654,10,4.03122,0,7,2,127.02,
CHEMBL208711,CCCC1=C(C=CC2=C1ON=C2C(F)(F)F)OCCCN(CC)C3=CC=C(C=C3)CC(=O)O,464.192292,11,5.7216,0,5,1,75.8,
CHEMBL401580,CC(C)(C(=O)O)OC1=CC=C(C=C1)CNC(=O)C2=CC3=C(S2)C=CC(=C3)OC,399.114044,7,4.0819,0,5,2,84.86,
CHEMBL234904,Cc1cc(OC/C=C\C(C#Cc2ccc(Cl)cc2)c2ccc(Br)cc2)ccc1OCC(=O)O,524.038999,8,6.64482,0,3,1,55.76,
CID_44432845,CC1=C(C=CC(=C1)OCC=CC(C#CC2=CC=C(C=C2)Cl)C3=CC=C(C=C3)Br)OCC(=O)O,524.038999,8,6.64482,0,3,1,55.76,
CHEMBL473717,CC1=C(C=CC(=C1)CNC(=O)C2=NN(C(=C2)C3=CC=C(C=C3)OCC4=CC=CC=C4)C)OC(C)(C)C(=O)O,513.226371,10,5.14652,0,6,2,102.68,
CHEMBL2037585,CC1=C(C=CC(=C1)SC(CC2=CC=C(C=C2)C(F)(F)F)C3=C(N=C(S3)C4=CC=C(C=C4)C(F)(F)F)C)OCC(=O)O,611.102355,9,9.00404,0,5,1,59.42,
CHEMBL452051,Cc1c(C(=O)c2ccc(Cl)cc2)c2ccc(OC(F)(F)F)cc2n1Cc1cccc(O[C@@H](C)C(=O)O)c1,531.106035,8,6.63292,0,5,1,77.76,
CHEMBL523594,CC1=CC(=C(C=C1)NC(=O)C2=CC(=CC=C2)S(=O)(=O)N3C=CC4=C3C(=CC=C4)OC)C(=O)O,464.104207,6,4.14582,0,6,2,114.7,
CHEMBL475988,CC1=CC(=CC=C1)C2=NC(=C(O2)C)CCOC3=CC4=C(CC(C(=O)O4)C(=O)OC)C=C3,421.152537,6,3.83064,0,7,0,87.86,
CHEMBL220893,O=C(O)C[C@@H]1CCc2cc(OCCCOc3ccc(-c4ccc5cc[nH]c5c4)cc3)ccc21,441.194008,9,6.1873,0,3,2,71.55,
CID_16110438,C1CC2=C(C1CC(=O)O)C=CC(=C2)OCCCOC3=CC=C(C=C3)C4=CC5=C(C=C4)C=CN5,441.194008,9,6.1873,0,3,2,71.55,
CHEMBL109731,CCCC1=C(C=CC(=C1)OC2=CC=CC=C2)OCCCOC3=CC4=C(C=C3)OC(CC4)C(=O)O,462.204239,11,6.0575,0,5,1,74.22,
CHEMBL1081926,CC1=C(C=CC(=C1)OCC2=NC(=C(S2)C3=CN=C(C=C3)Cl)C4=CC=C(C=C4)OC)OCC(=O)O,496.08597,9,5.88492,0,7,1,90.77,
CHEMBL220751,CC1=C(SC(=N1)C2=CC=C(C=C2)OS(=O)(=O)C)C(=O)NCC3=CC=C(C=C3)OC(C)(C)C(=O)O,504.102493,9,3.62892,0,8,2,131.89,
CHEMBL458648,CC1=C(N=C(O1)C2=CC=C(C=C2)OC)CCOC3=CC4=C(C=C3)C=C(C(=O)O4)C(=O)OC,435.131802,7,4.17312,0,8,0,101.0,
CHEMBL4776412,CC1=CC(=CN=C1OC)OC2=CC3=C(C=C2)N=C(N3C)COC4=CC=CC(=C4)C(=O)O,419.148121,7,4.35482,0,7,1,95.7,
CHEMBL120620,CCC(CC1=CC(=C(C=C1)OC)C(=O)NC2=CC=C(C=C2)C(F)(F)F)C(=O)O,395.134443,7,4.6196,0,3,2,75.63,
CHEMBL257891,COc1ccc(N2C(=O)[C@H](Cc3cccc(OCCc4nc(-c5ccccc5)oc4C)c3)[C@@H]2C(=O)O)cc1,512.194737,10,4.93882,0,6,1,102.1,
CHEMBL2337127,COc1cc(CCc2ccccc2)c(C(=O)O)c(O)c1C/C=C(\C)CCC=C(C)C,408.23006,10,6.1194,0,3,2,66.76,
CID_24739090,CC(=CCCC(=CCC1=C(C=C(C(=C1O)C(=O)O)CCC2=CC=CC=C2)OC)C)C,408.23006,10,6.1194,0,3,2,66.76,
CHEMBL4761285,CC1=CC(=CC(=N1)OC)OC2=CC3=C(C=C2)N=C(N3C)COC4=CC=CC(=C4)C(=O)O,419.148121,7,4.35482,0,7,1,95.7,
CHEMBL459466,COc1ccc(C(=O)c2c(C)n(Cc3ccc(Cl)c(O[C@@H](C)C(=O)O)c3)c3nc(OC)ccc23)cc1,508.140114,9,5.14652,0,7,1,99.88,
CID_25165359,CC1=C(C2=C(N1CC3=CC(=C(C=C3)Cl)OC(C)C(=O)O)N=C(C=C2)OC)C(=O)C4=CC=C(C=C4)OC,508.140114,9,5.14652,0,7,1,99.88,
CHEMBL3753029,COc1ccc(/C=C/c2ccc(OCCCC(C)(C)C(=O)O)cc2)cc1,354.183109,9,5.1354,0,3,1,55.76,
CID_122378606,CC(C)(CCCOC1=CC=C(C=C1)C=CC2=CC=C(C=C2)OC)C(=O)O,354.183109,9,5.1354,0,3,1,55.76,
CHEMBL459721,CCCCCCC(C(=O)O)SC1=NC(=CC(=N1)Cl)NC2=CC3=C(C=C2)N=CC=C3,430.123025,10,5.9375,0,6,2,88.0,
CHEMBL3335653,CC(C)(C)C1=CC=C(C=C1)C(=O)NC2=CC=CC=C2C(=O)NC3=CC=CC(=C3)CC(=O)O,430.189257,6,5.1158,0,3,3,95.5,
CHEMBL113324,CCCC1=C(C=CC(=C1)OC2=CC=C(C=C2)S(=O)(=O)C)OCCCOC3=CC4=C(CCC(O4)(CC)C(=O)O)C=C3,568.213089,13,6.2412,0,7,1,108.36,
CHEMBL4636520,CC(C)(Oc1ccc(CCOc2ccc(/N=N/c3ccccc3)cc2)cc1)C(=O)NS(=O)(=O)c1ccc([N+](=O)[O-])cc1,588.16787,12,6.2942,0,9,1,149.56,
CID_156011958,CC(C)(C(=O)NS(=O)(=O)C1=CC=C(C=C1)[N+](=O)[O-])OC2=CC=C(C=C2)CCOC3=CC=C(C=C3)N=NC4=CC=CC=C4,588.16787,12,6.2942,0,9,1,149.56,
CID_147391493,CC1=CC(=CC(=C1OCC(=O)O)C)C=C2C(=O)C3=C(O2)C=C(C=C3)OCC(C)C,396.157288,7,4.41784,0,5,1,82.06,
CHEMBL4876536,Cc1cc(/C=C2\Oc3cc(OCC(C)C)ccc3C2=O)cc(C)c1OCC(=O)O,396.157288,7,4.41784,0,5,1,82.06,
CHEMBL4171153,CCOC(=O)C(Cc1ccc(OCCn2c(=O)sc3cc(/C=C/c4cc(O)cc(O)c4)ccc32)cc1)OCC,549.182123,12,5.2343,0,9,2,107.22,
CID_145950904,CCOC(CC1=CC=C(C=C1)OCCN2C3=C(C=C(C=C3)C=CC4=CC(=CC(=C4)O)O)SC2=O)C(=O)OCC,549.182123,12,5.2343,0,9,2,107.22,
CHEMBL4164824,CN1C2=C(C=CC(=C2)OC3=CC(=CC=C3)F)N=C1COC4=CC=CC(=C4)C(=O)O,392.117235,6,4.7819,0,5,1,73.58,
CHEMBL190169,CCCc1cc2c(=O)n(C3CCCCC3)oc2c(CCC)c1O[C@H](C(=O)O)c1ccc(C(C)C)cc1,493.282823,10,7.3328,0,5,1,81.67,
CID_11317892,CCCC1=CC2=C(C(=C1OC(C3=CC=C(C=C3)C(C)C)C(=O)O)CCC)ON(C2=O)C4CCCCC4,493.282823,10,7.3328,0,5,1,81.67,
CHEMBL516274,CCOC(CC1=CC=C(C=C1)OCCN2CCC(=CC2)C3=CC=C(C=C3)C(F)(F)F)C(=O)O,463.197043,10,4.9057,0,4,1,59.0,
CHEMBL221254,CC1=C(SC(=N1)C2=CC=C(C=C2)N)C(=O)NCC3=CC=C(C=C3)OC(C)(C)C(=O)O,425.140927,7,3.87272,0,6,3,114.54,
CHEMBL4277858,CC(C)(C)C1=CC(=CC=C1)OCCOC2=CC3=C(C=C2)C(CO3)CC(=O)O,370.178024,7,4.3926,0,4,1,64.99,
CHEMBL1173380,CCCCCCCC/C=C\CCCCCCCCCCCC(=O)O,338.318481,19,7.6689,0,1,1,37.3,
CID_5281116,CCCCCCCCC=CCCCCCCCCCCCC(=O)O,338.318481,19,7.6689,0,1,1,37.3,
CHEMBL1760422,CCCCN(C1=CC=CC(=C1C)C2=CC(=C(C=C2)Cl)Cl)S(=O)(=O)C3=C(C(=C(C=C3)OC(C)C(=O)O)C)C,563.129999,10,7.43296,0,4,1,83.91,
CHEMBL379851,CC1=C(C=CC(=C1)OCC(=O)O)OCC2=CC(=CC(=C2)C3=CC=C(C=C3)C(F)(F)F)C4=CC=C(C=C4)C(F)(F)F,560.142229,8,8.40902,0,3,1,55.76,
CHEMBL177089,CCCC1=C(C=CC2=C1ON=C2C3=CC=CC=C3)OCCCCOC4=CC=CC(=C4)CCC(=O)O,473.220223,13,6.7025,0,5,1,81.79,
CID_58977618,CCOC(=O)N1CC(C(C1)C(=O)O)C2=CC(=CC=C2)OCCC3=C(OC(=N3)C4=CC=CC=C4)C,464.194737,8,4.52802,0,6,1,102.1,
CHEMBL3398424,CCOC(=O)N1C[C@H](C(=O)O)[C@H](c2cccc(OCCc3nc(-c4ccccc4)oc3C)c2)C1,464.194737,8,4.52802,0,6,1,102.1,
CHEMBL3398435,Cc1oc(-c2ccccc2)nc1CCOc1ccc([C@@H]2CN(C(=O)Oc3ccccc3)C[C@@H]2CC(=O)O)cc1,526.210387,9,5.96062,0,6,1,102.1,
CID_59026512,CC1=C(N=C(O1)C2=CC=CC=C2)CCOC3=CC=C(C=C3)C4CN(CC4CC(=O)O)C(=O)OC5=CC=CC=C5,526.210387,9,5.96062,0,6,1,102.1,
CHEMBL50984,CCCC1=C(C=CC(=C1)OC2=CC=C(C=C2)NS(=O)(=O)C3=CC=C(C=C3)C)OCCCOC4=CC=C(C=C4)C5C(=O)NC(=O)S5,646.180743,14,7.41262,0,8,2,120.03,
CHEMBL110353,CCCC1=CC(=C(C(=C1OC(C2=CC=CC=C2)C(=O)O)CCC)O)C(=O)CC,384.193674,10,5.0946,0,4,2,83.83,
CHEMBL167043,CCOC(CC1=CC=C(C=C1)OCCC2C3=CC=CC=C3OC4=CC=CC=C24)C(=O)O,418.178024,9,5.4255,0,4,1,64.99,
CHEMBL473299,CC(C)CC1=CC=C(C=C1)C2=CC(=NN2C)C(=O)NCC3=CC(=C(C=C3)OC(C)(C)C(=O)O)OC,479.242021,10,4.4662,0,6,2,102.68,
CHEMBL526371,CC1=CC(=NO1)COC2=C(C=CC(=C2)COC3=CC=C(C=C3)C(F)(F)F)SC4=C(C(=C(C=C4)OCC(=O)O)C)C,573.143293,11,7.39126,0,7,1,91.02,
CHEMBL525552,CC1=CC(=C(C=C1)NC(=O)C2=CC(=CC=C2)S(=O)(=O)N3C=CC4=C3C=CC(=C4)OC)C(=O)O,464.104207,6,4.14582,0,6,2,114.7,
CHEMBL8739,CC/C=C\C/C=C\C/C=C\CCCCCCCC(=O)O,278.22458,13,5.6605,0,1,1,37.3,
CID_5280934,CCC=CCC=CCC=CCCCCCCCC(=O)O,278.22458,13,5.6605,0,1,1,37.3,
CHEMBL1081044,COC1=CC=C(C=C1)C2=C(SC(=N2)SC3=C(C=C(C=C3)OCC(=O)O)Cl)C4=CC=C(C=C4)OC,513.047142,9,6.7623,0,7,1,77.88,
CHEMBL4291763,C1=CC(=CC(=C1)Cl)OCCCOC2=CC=C(C=C2)S(=O)(=O)CC(=O)O,384.043437,9,3.0462,0,5,1,89.9,
CHEMBL1075703,CC1=C(C=CC(=C1)OCC2=NC(=C(S2)C3=CC=C(C=C3)OC(F)(F)F)C4=CC5=C(C=C4)OCCCO5)OCC(=O)O,587.122558,9,6.88782,0,8,1,96.34,
CHEMBL2037579,CC1=C(C=CC(=C1)SC(CCCC2=CC=CC=C2)C3=C(N=C(S3)C4=CC=C(C=C4)C(F)(F)F)C)OCC(=O)O,571.14627,11,8.76544,0,5,1,59.42,
CID_44481229,C1=CC=C(C=C1)CC(C(=O)O)OC2=CC=C(C=C2)C=CC3=CC=CC=C3,344.141244,7,4.9317,0,2,1,46.53,
CHEMBL573018,O=C(O)C(Cc1ccccc1)Oc1ccc(/C=C/c2ccccc2)cc1,344.141244,7,4.9317,0,2,1,46.53,
CHEMBL372091,CC(C)(C)C1=CC=C(C=C1)N2C(=C(C3=C2N=C(C=C3)OC)OC4=CC=CC(=C4)C(F)(F)F)C(=O)O,484.160992,5,6.8409,0,5,1,73.58,
CHEMBL1081410,CC(C)(C(=O)O)OC1=CC=C(C=C1)OCC2=NC(=C(S2)C3=CC=C(C=C3)C(F)(F)F)C4=CC=C(C=C4)OC,543.132729,9,7.3255,0,6,1,77.88,
CHEMBL489506,CC1=C(N=C(O1)C2=CC=CC=C2)CCOC3=CC=C(C=C3)C4=NN(N=C4C(=O)O)C5=CC=CC=C5,466.164105,8,5.21742,0,7,1,103.27,
CHEMBL379123,C1=CC=C(C=C1)C2=CC(=CC(=C2)COC3=CC=C(C=C3)OCC(=O)O)C4=CC=CC=C4,410.151809,8,6.063,0,3,1,55.76,
CHEMBL369890,CCC[C@H](OCc1ccc(-c2ccc(Cl)cc2)cc1)C(=O)O,318.102272,7,4.7769,0,2,1,46.53,
CHEMBL360420,CCC[C@@H](OCc1ccc(-c2ccc(Cl)cc2)cc1)C(=O)O,318.102272,7,4.7769,0,2,1,46.53,
CID_11381586,CCCC(C(=O)O)OCC1=CC=C(C=C1)C2=CC=C(C=C2)Cl,318.102272,7,4.7769,0,2,1,46.53,
CHEMBL4647502,C[C@H](CCCOc1ccccc1Cn1c(C(F)(F)F)cnc1-c1ccc(C#N)cc1)CC(=O)O,471.176976,10,5.75868,0,5,1,88.14,
CID_132009690,CC(CCCOC1=CC=CC=C1CN2C(=CN=C2C3=CC=C(C=C3)C#N)C(F)(F)F)CC(=O)O,471.176976,10,5.75868,0,5,1,88.14,
CHEMBL218497,C1=CC=C(C=C1)C2=C(C(=NO2)C3=CC=C(C=C3)C(=O)O)C(=O)NCCOC4=C(C=C(C=C4)Cl)Cl,496.059277,8,5.8224,0,5,2,101.66,
CHEMBL328455,CCO[C@@H](Cc1ccc(OCC=C(c2ccc(-c3ccccc3)cc2)c2ccc(-c3ccccc3)cc2)cc1)C(=O)O,554.24571,12,8.5635,0,3,1,55.76,
CID_15942850,CCOC(CC1=CC=C(C=C1)OCC=C(C2=CC=C(C=C2)C3=CC=CC=C3)C4=CC=C(C=C4)C5=CC=CC=C5)C(=O)O,554.24571,12,8.5635,0,3,1,55.76,
CHEMBL109975,CCCC1=C(C=CC(=C1)OC2=CC=CC=C2)OCCCCOC3=CC4=C(CCC(O4)C(=O)O)C=C3,476.219889,12,6.4476,0,5,1,74.22,
CHEMBL2204701,CC(C)(Oc1ccc(CCOc2ccc(C(=O)/C=C/c3ccccc3)cc2)cc1)C(=O)O,430.178024,10,5.4462,0,4,1,72.83,
CID_71455811,CC(C)(C(=O)O)OC1=CC=C(C=C1)CCOC2=CC=C(C=C2)C(=O)C=CC3=CC=CC=C3,430.178024,10,5.4462,0,4,1,72.83,
CHEMBL232799,CCO[C@@H](Cc1ccc(OCC(OC(=S)NCc2ccccc2)c2ccccc2)cc1)C(=O)O,479.176644,12,4.9302,0,5,2,77.02,
CID_44431887,CCOC(CC1=CC=C(C=C1)OCC(C2=CC=CC=C2)OC(=S)NCC3=CC=CC=C3)C(=O)O,479.176644,12,4.9302,0,5,2,77.02,
CID_164619086,CC1=CC(=CC(=C1OC(C)(C)C(=O)O)C)COC2=CC3=C(C=C2)C(=O)C(=CC4=CC=C(C=C4)SC)O3,504.16066,8,6.46254,0,6,1,82.06,
CHEMBL424933,CCCc1cc(-c2nc(CO)c(C(=O)O)s2)ccc1OCCCOc1ccc2c(c1)CC[C@H]2CC(=O)O,525.182123,13,5.3055,0,7,3,126.18,
CID_16110492,CCCC1=C(C=CC(=C1)C2=NC(=C(S2)C(=O)O)CO)OCCCOC3=CC4=C(C=C3)C(CC4)CC(=O)O,525.182123,13,5.3055,0,7,3,126.18,
CHEMBL1081045,COC1=CC=C(C=C1)C2=C(SC(=N2)COC3=C(C=C(C=C3)OCC(=O)O)Cl)C4=CC=C(C=C4)OC,511.085636,10,6.1901,0,7,1,87.11,
CHEMBL3263232,C1=CC=C(C=C1)C2=CC(=CC=C2)C(=O)NC3=CC=CC=C3C(=O)NCCCC(=O)O,402.157957,8,4.2005,0,3,3,95.5,
CHEMBL220058,O=C(O)C[C@@H]1CCc2cc(OCCCOc3ccc(-c4ccccc4)cc3)ccc21,402.183109,9,5.706,0,3,1,55.76,
CID_16110422,C1CC2=C(C1CC(=O)O)C=CC(=C2)OCCCOC3=CC=C(C=C3)C4=CC=CC=C4,402.183109,9,5.706,0,3,1,55.76,
CID_76286600,CCN1C(=NN(C1=O)CC2=CC=C(C=C2)C(C)(C)C)CCCC3=CC(=NC=N3)C4=CC(=C(C=C4)OCC)CC(=O)O,557.300205,12,5.0686,0,8,1,112.13,
CHEMBL4164063,CCOC(=O)C(Cc1ccc(OCCn2c(=O)sc3cc(C(=O)/C=C/c4cc(O)cc(O)c4)ccc32)cc1)OCC(F)(F)F,631.148773,13,5.5024,0,10,2,124.29,
CID_145957793,CCOC(=O)C(CC1=CC=C(C=C1)OCCN2C3=C(C=C(C=C3)C(=O)C=CC4=CC(=CC(=C4)O)O)SC2=O)OCC(F)(F)F,631.148773,13,5.5024,0,10,2,124.29,
CHEMBL515181,CC1=C(N=C(O1)C2=CC=CC=C2)CCCC3=CC=C(C=C3)CC(C4=CN=CC=C4)C(=O)O,426.194343,9,5.63122,0,4,1,76.22,
CID_150133935,CCCOC1=CC2=C(C=C1)C(=O)C(=CC3=CC(=C(C(=C3)C)OC(C)(C)C(=O)O)C)O2,410.172939,7,4.95044,0,5,1,82.06,
CHEMBL525772,C1=CC=C(C=C1)CC(C(=O)O)OC2=C(C=C(C=C2)Cl)Cl,310.01635,5,4.0681,0,2,1,46.53,
CHEMBL193459,CC[C@@]1(C(=O)O)Cc2cc(OCCCOc3ccc(OCC(F)(F)F)cc3)ccc2O1,440.144673,10,4.6439,0,5,1,74.22,
CID_11339649,CCC1(CC2=C(O1)C=CC(=C2)OCCCOC3=CC=C(C=C3)OCC(F)(F)F)C(=O)O,440.144673,10,4.6439,0,5,1,74.22,
CHEMBL3895481,CC(C(=O)OCc1ccc(CC(SCCc2ccc(F)cc2)C(=O)O)cc1)c1ccccc1,466.161409,11,5.6442,0,4,1,63.6,
CHEMBL3397562,CCCO/N=C(\c1ccccc1)c1ccc(OC(Cc2ccccc2)C(=O)O)cc1,403.178358,10,4.9403,0,4,1,68.12,
CHEMBL4552580,CC(C)C[C@H](NC(=O)[C@H](Cc1ccccc1)NC(=O)[C@H](CCC(N)=O)NC(=O)[C@@H](NC(=O)[C@H](CC(C)C)NC(=O)[C@H](CC(C)C)NC(=O)[C@@H]1CCCN1C(=O)[C@H](Cc1cnc[nH]1)NC(=O)[C@H](CC(C)C)NC(=O)[C@H](CCC(N)=O)NC(=O)[C@@H](NC(=O)[C@@H]1CCCN1C(=O)[C@@H]1CCCN1C(=O)[C@@H](NC(=O)[C@@H](NC(=O)[C@H](C)N)[C@@H](C)O)[C@@H](C)O)[C@@H](C)O)[C@@H](C)O)C(=O)N[C@@H](CCCNC(=N)N)C(=O)N[C@H](C(=O)N[C@@H](CC(=O)O)C(=O)O)[C@@H](C)O,2149.153153,63,-8.77093,0,30,29,875.96,
CID_155556649,CC(C)CC(C(=O)NC(CC(C)C)C(=O)NC(C(C)O)C(=O)NC(CCC(=O)N)C(=O)NC(CC1=CC=CC=C1)C(=O)NC(CC(C)C)C(=O)NC(CCCNC(=N)N)C(=O)NC(C(C)O)C(=O)NC(CC(=O)O)C(=O)O)NC(=O)C2CCCN2C(=O)C(CC3=CN=CN3)NC(=O)C(CC(C)C)NC(=O)C(CCC(=O)N)NC(=O)C(C(C)O)NC(=O)C4CCCN4C(=O)C5CCCN5C(=O)C(C(C)O)NC(=O)C(C(C)O)NC(=O)C(C)N,2149.153153,63,-8.77093,0,30,29,875.96,
CHEMBL380961,CCC(C(=O)O)C1CCc2cc(OCCc3nc(-c4cc(C(F)(F)F)cc(C(F)(F)F)c4)oc3C)ccc21,541.168778,8,7.44972,0,4,1,72.56,
CID_177379151,CC(C(=O)O)OC1=CC=C(C=C1)C2=CC=CC3=CC=CC=C32,292.109944,4,4.3587,0,2,1,46.53,
CHEMBL1946572,Cc1ccc2onc(-n3c(=O)n(Cc4ccc(Cl)c(O[C@H](C)C(=O)O)c4)c4cc(C(F)(F)F)ccc43)c2c1,545.096533,6,5.81422,0,7,1,99.49,
CID_56925994,CC1=CC2=C(C=C1)ON=C2N3C4=C(C=C(C=C4)C(F)(F)F)N(C3=O)CC5=CC(=C(C=C5)Cl)OC(C)C(=O)O,545.096533,6,5.81422,0,7,1,99.49,
CHEMBL461378,Cc1c(Oc2ccc(Cl)cc2)c2ccc(F)nc2n1Cc1cc(O[C@@H](C)C(=O)O)ccc1Cl,488.070591,7,6.48312,0,5,1,73.58,
CID_25166740,CC1=C(C2=C(N1CC3=C(C=CC(=C3)OC(C)C(=O)O)Cl)N=C(C=C2)F)OC4=CC=C(C=C4)Cl,488.070591,7,6.48312,0,5,1,73.58,
CHEMBL516129,Cc1oc(-c2ccccc2)nc1CN(C)Cc1ccc(C[C@@H](C(=O)O)n2cccc2)cc1,429.205242,9,4.95192,0,5,1,71.5,
CID_44263428,CC1=C(N=C(O1)C2=CC=CC=C2)CN(C)CC3=CC=C(C=C3)CC(C(=O)O)N4C=CC=C4,429.205242,9,4.95192,0,5,1,71.5,
CHEMBL4168205,CN1C2=C(C=CC(=C2)OC3=CC(=C(C=C3)F)F)N=C1COC4=CC=CC(=C4)C(=O)O.Cl,446.084491,6,5.3428,0,5,1,73.58,
CHEMBL2312710,CC1=CC(=CC(=C1C2=CC=CC=C2)C)OC(CC3=CC=CC=C3)C(=O)O,346.156895,6,5.04514,0,2,1,46.53,
CHEMBL4159072,CN1C2=C(C=CC(=C2)OC3=CC=C(C=C3)OC)N=C1COC4=CC=CC(=C4)C(=O)O,404.137222,7,4.6514,0,6,1,82.81,
CHEMBL239563,CC(=O)c1ccc(-c2ncc(C)c(N(C)CCCOc3ccc4c(c3)CC[C@H]4CC(=O)O)n2)cc1,473.231456,10,5.06442,0,6,1,92.62,
CID_44439713,CC1=CN=C(N=C1N(C)CCCOC2=CC3=C(C=C2)C(CC3)CC(=O)O)C4=CC=C(C=C4)C(=O)C,473.231456,10,5.06442,0,6,1,92.62,
CHEMBL1813188,C1=CC=C2C(=C1)C(=O)N(C2=O)C3=CC=C(C=C3)CCC4=CC=C(C=C4)CCC(=O)O,399.147058,7,4.2896,0,3,1,74.68,
CID_118726804,CC(C)ON=CC1=CC=C(C=C1)OC(CC2=CC=CC=C2)C(=O)[O-].[Na+],349.129002,8,-0.8105,0,5,0,70.95,
CHEMBL3397555,CC(C)O/N=C/c1ccc(OC(Cc2ccccc2)C(=O)[O-])cc1.[Na+],349.129002,8,-0.8105,0,5,0,70.95,
CHEMBL491597,CC(CC1=CC=C(C=C1)OCCN2CCC(=CC2)C3=CC=C(C=C3)Cl)(C(=O)O)OC4=CC=CC=C4,491.186336,10,5.9729,0,4,1,59.0,
CHEMBL4159720,CN1C2=C(C=CC(=C2)OC3=CC=CC=N3)N=C1COC4=CC=CC(=C4)C(=O)O,375.121906,6,4.0378,0,6,1,86.47,
CHEMBL1947142,COc1ccc2c(-n3c(=O)n(Cc4cc([C@@]5(C)OC(=O)NC5=O)ccc4Cl)c4cc(C(F)(F)F)ccc43)noc2c1,586.086697,5,5.1441,0,9,1,117.59,
CID_11592357,CC1(C(=O)NC(=O)O1)C2=CC(=C(C=C2)Cl)CN3C4=C(C=CC(=C4)C(F)(F)F)N(C3=O)C5=NOC6=C5C=CC(=C6)OC,586.086697,5,5.1441,0,9,1,117.59,
CHEMBL149876,Cc1sc(N2CCOCC2)nc1CCOc1ccc(C[C@H](Nc2ccccc2C(=O)c2ccccc2)C(=O)O)cc1,571.214092,12,5.24842,0,8,2,100.99,
CID_10698305,CC1=C(N=C(S1)N2CCOCC2)CCOC3=CC=C(C=C3)CC(C(=O)O)NC4=CC=CC=C4C(=O)C5=CC=CC=C5,571.214092,12,5.24842,0,8,2,100.99,
CHEMBL342292,Cc1nc(-c2ccccc2)nn1CCOc1ccc(C[C@H](Nc2ccccc2C(=O)c2ccccc2)C(=O)O)cc1,546.226705,12,5.67132,0,7,2,106.34,
CID_10792674,CC1=NC(=NN1CCOC2=CC=C(C=C2)CC(C(=O)O)NC3=CC=CC=C3C(=O)C4=CC=CC=C4)C5=CC=CC=C5,546.226705,12,5.67132,0,7,2,106.34,
CHEMBL400507,CC1=C(N=C(O1)C2=CC=CC=C2)CCOC3=CC4=C(C=C3)C(CC4(C)C)CC(=O)O,405.194008,7,5.51112,0,4,1,72.56,
CHEMBL4248967,CC1=C(C=CC(=C1)SC(CC2=C(C=CC=C2F)C(F)(F)F)C3=CC=C(C=C3)C4=CC=CC=C4)OCC(=O)O,540.138229,9,8.35942,0,3,1,46.53,
CHEMBL393939,CC1=CC(=C(C=C1)C(=O)NCC2=CC(=CC=C2)OC3=CC(=C(C=C3)OC(C)(C)C(=O)O)C)C,447.204573,8,5.57616,0,4,2,84.86,
CHEMBL486365,CCCC1=CC=CC=C1CC(C(=O)O)OC2=CC=C(C=C2)Cl,318.102272,7,4.3672,0,2,1,46.53,
CHEMBL495506,CC1=C(C(=CC=C1)NC(=O)C2=CC(=CC=C2)S(=O)(=O)N3CCC4=CC=CC=C4C3)C(=O)O,450.124943,5,3.69252,0,4,2,103.78,
CHEMBL4281724,CC1=C(C=CC(=C1)OCCCOC2=CC=C(C=C2)C3=CC=CC=C3)OCC(=O)O,392.162374,10,4.97332,0,4,1,64.99,
CHEMBL3915620,CC#C[C@@H](CC(=O)O)c1ccc(OCc2ccc(CN3CCC4(C=Cc5ccccc54)CC3)cc2)cc1,491.246044,8,6.4078,0,3,1,49.77,
CID_51049992,CC#CC(CC(=O)O)C1=CC=C(C=C1)OCC2=CC=C(C=C2)CN3CCC4(CC3)C=CC5=CC=CC=C45,491.246044,8,6.4078,0,3,1,49.77,
CHEMBL3397557,O=C(O)C(Cc1ccccc1)Oc1ccc(/C=N/OCc2ccccc2)cc1,375.147058,9,4.312,0,4,1,68.12,
CID_118726808,C1=CC=C(C=C1)CC(C(=O)O)OC2=CC=C(C=C2)C=NOCC3=CC=CC=C3,375.147058,9,4.312,0,4,1,68.12,
CHEMBL426327,CC1=C(C(=NO1)C2=C(C=CC=C2Cl)Cl)C(=O)OCCOC3=C(C=C(C=C3)C(F)(F)F)[N+](=O)[O-],504.010276,7,6.11962,0,7,0,104.7,
CHEMBL376235,CC1=C(N=C(O1)C2=CC=CC=C2)CCCOC3=NC=C(C=C3)CC4(CCCO4)C(=O)O,422.184172,9,4.23292,0,6,1,94.68,
CHEMBL487561,CS(=O)(=O)Oc1ccc(CCCC[C@H]2CO[C@@](C)(C(=O)O)OC2)cc1,372.124274,8,2.2016,0,6,1,99.13,
CID_11268768,CC1(OCC(CO1)CCCCC2=CC=C(C=C2)OS(=O)(=O)C)C(=O)O,372.124274,8,2.2016,0,6,1,99.13,
CHEMBL222247,CCCc1cc(-c2nc(C)c(C(=O)O)s2)ccc1OCCCOc1ccc2c(c1)CC[C@H]2CC(=O)O,509.187209,12,6.12162,0,6,2,105.95,
CID_10075037,CCCC1=C(C=CC(=C1)C2=NC(=C(S2)C(=O)O)C)OCCCOC3=CC4=C(C=C3)C(CC4)CC(=O)O,509.187209,12,6.12162,0,6,2,105.95,
CHEMBL476896,CC1=C(N=C(O1)C2=CC=CC=C2)CC#CC3=CC=C(C=C3)CC(C4=CC=C(C=C4)C5=CC=CC=C5)C(=O)O,497.199094,7,7.32212,0,3,1,63.33,
CHEMBL165539,CCOC(CC1=CC=C(C=C1)OCC=C2C3=CC=CC=C3C4=CC=CC=C42)C(=O)O,400.167459,8,5.2099,0,3,1,55.76,
CID_53805115,CN(CCOC1=CC=C(C=C1)CC2=C(NC(=O)S2)O)C3=CC=CC=N3,357.114712,7,2.643,0,6,2,78.45,
CHEMBL4093864,CC1=CC=C(C=C1)S(=O)(=O)N2C3=C(C=C(C=C3)Cl)C=C2CCCC(=O)O,391.064507,6,4.24742,0,4,1,76.37,
CHEMBL221146,CC1=C(SC(=N1)C2=CC=C(C=C2)C(F)(F)F)CNC(=O)C3=CC=C(C=C3)OC(C)(C)C(=O)O,478.117413,7,5.30932,0,5,2,88.52,
CHEMBL2204609,CC1=C(N=C(O1)C2=CC=CC=C2)CCNC3=CC=C(C=C3)OC(C)(C)C(=O)O,380.173607,8,4.54662,0,5,2,84.59,
CID_1368479,CC1=CC(=C(N1C2=CC=C(C=C2)C3=CC=CC=C3)C)C=C4C(=O)NC(=O)S4,374.108899,3,5.08504,0,4,1,51.1,
CID_150183561,CC1=CC(=CC(=C1OC(C)(C)C(=O)O)C)C=C2C(=O)C3=C(O2)C=C(C=C3)OC,382.141638,5,4.17024,0,5,1,82.06,
CHEMBL4159798,CN1C2=C(C=CC(=C2)OC3=CC=CC=C3F)N=C1COC4=CC=CC(=C4)C(=O)O,392.117235,6,4.7819,0,5,1,73.58,
CHEMBL1760272,CCCCN(c1cccc(-c2ccc(Cl)cc2)c1C)S(=O)(=O)c1ccc(O[C@@H](C)C(=O)O)c(C)c1C,529.168972,10,6.77956,0,4,1,83.91,
CHEMBL1760273,CCCCN(c1cccc(-c2ccc(Cl)cc2)c1C)S(=O)(=O)c1ccc(O[C@H](C)C(=O)O)c(C)c1C,529.168972,10,6.77956,0,4,1,83.91,
CHEMBL1760267,CCCCN(C1=CC=CC(=C1C)C2=CC=C(C=C2)Cl)S(=O)(=O)C3=C(C(=C(C=C3)OC(C)C(=O)O)C)C,529.168972,10,6.77956,0,4,1,83.91,
CID_10721272,CC1=CC(=NN1C2=CC=CC=C2)CCOC3=CC=C(C=C3)CC(C(=O)O)NC4=CC=CC=C4C(=O)C5=CC=CC=C5,545.231456,12,6.14102,0,6,2,93.45,
CHEMBL147935,Cc1cc(CCOc2ccc(C[C@H](Nc3ccccc3C(=O)c3ccccc3)C(=O)O)cc2)nn1-c1ccccc1,545.231456,12,6.14102,0,6,2,93.45,
CHEMBL53746,CCCC1=C(C=CC(=C1)OC2=CC=C(C=C2)CC(C)C)OCCCOC3=CC=C(C=C3)C4C(=O)NC(=O)S4,533.223594,13,7.5019,0,6,1,73.86,
CHEMBL499312,C1CCC2=C(C=CC(=C2C1)OCC(=O)O)SC3=C(C=C(C=C3)COC4=CC=C(C=C4)C(F)(F)F)OCC#CCCO,586.163694,11,6.5424,0,6,2,85.22,
CHEMBL239771,Cc1cnc(-c2ccc(Cl)cc2)nc1N(C)CCCOc1ccc2c(c1)CC[C@H]2CC(=O)O,465.181919,9,5.51522,0,5,1,75.55,
CID_44439716,CC1=CN=C(N=C1N(C)CCCOC2=CC3=C(C=C2)C(CC3)CC(=O)O)C4=CC=C(C=C4)Cl,465.181919,9,5.51522,0,5,1,75.55,
CHEMBL1947140,COc1ccc2c(-n3c(=O)n(Cc4cccc([C@@]5(C)OC(=O)NC5=O)c4)c4cc(C(F)(F)F)ccc43)noc2c1,552.125669,5,4.4907,0,9,1,117.59,
CID_11563028,CC1(C(=O)NC(=O)O1)C2=CC=CC(=C2)CN3C4=C(C=CC(=C4)C(F)(F)F)N(C3=O)C5=NOC6=C5C=CC(=C6)OC,552.125669,5,4.4907,0,9,1,117.59,
CHEMBL427299,CCCC1=C(C=CC2=C1ON=C2C3=CC=CC=C3)OCCOC4=CC=C(C=C4)CCC(=O)O,445.188923,11,5.9223,0,5,1,81.79,
CHEMBL4072125,CCOC(CC1=CC=C(C=C1)OC2=CC=C(C=C2)OCC3=CC=CC=C3)C(=O)O,392.162374,10,5.0901,0,4,1,64.99,
CHEMBL427520,CCC(=O)C1=CC=C(C=C1)OC(C2=CC=CC=C2)C(=O)O,284.104859,6,3.484,0,3,1,63.6,
CHEMBL381865,CC(C)(C)C1=CC=C(C=C1)N2C3=C(C=CC(=C3)Cl)C(=C2C(=O)O)OC4=CC=CC(=C4)C(F)(F)F,487.116206,4,8.0907,0,3,1,51.46,
CHEMBL1947144,COc1ccc2c(-n3c(=O)n(Cc4cccc([C@@]5(C)OC(=O)NC5=O)c4)c4ccccc43)noc2c1,484.138284,5,3.4719,0,9,1,117.59,
CID_11591164,CC1(C(=O)NC(=O)O1)C2=CC=CC(=C2)CN3C4=CC=CC=C4N(C3=O)C5=NOC6=C5C=CC(=C6)OC,484.138284,5,3.4719,0,9,1,117.59,
CHEMBL519153,CCO[C@H](Cc1ccc(OCCc2nc(-c3ccccc3)oc2C)c2ccsc12)C(=O)O,451.145344,10,5.51842,0,6,1,81.79,
CHEMBL110408,CCCC1=CC2=C(C(=C1OC(C3=CC=C(C=C3)CCC4=CC=CC=N4)C(=O)O)CCC)ON=C2C(F)(F)F,526.207942,11,7.1365,0,5,1,85.45,
CHEMBL3335654,CC(C)(C)C1=CC=C(C=C1)C(=O)NC2=CC=CC=C2C(=O)NC3=CC=CC(=C3)CCC(=O)O,444.204907,7,5.5059,0,3,3,95.5,
CHEMBL461379,Cc1c(Oc2ccc(Cl)cc2)c2ccc(F)nc2n1Cc1ccc(F)c(O[C@@H](C)C(=O)O)c1,472.100141,7,5.96882,0,5,1,73.58,
CID_25166743,CC1=C(C2=C(N1CC3=CC(=C(C=C3)F)OC(C)C(=O)O)N=C(C=C2)F)OC4=CC=C(C=C4)Cl,472.100141,7,5.96882,0,5,1,73.58,
CHEMBL1760426,CCCCN(C1=CC=CC(=C1C)C2=CC=C(C=C2)C)S(=O)(=O)C3=C(C(=C(C=C3)OC(C)C(=O)O)C)C,509.223594,10,6.43458,0,4,1,83.91,
CHEMBL3311308,CC1=CC(=C(C(=C1)C)NS(=O)(=O)C2=CC=C(C=C2)OC)C,305.108564,4,3.42126,0,3,1,55.4,
CHEMBL1760411,CCCCN(C1=CC=CC(=C1Cl)C2=CC=C(C=C2)Cl)S(=O)(=O)C3=C(C(=C(C=C3)OC(C)C(=O)O)C)C,549.114349,10,7.12454,0,4,1,83.91,
CHEMBL398486,Cc1oc(-c2cccc(F)c2)nc1CCOc1ccc2c(c1)CC[C@H]2CC(=O)O,395.153286,7,4.91512,0,4,1,72.56,
CID_44442447,CC1=C(N=C(O1)C2=CC(=CC=C2)F)CCOC3=CC4=C(C=C3)C(CC4)CC(=O)O,395.153286,7,4.91512,0,4,1,72.56,
CHEMBL1080184,CC1=C(C=CC(=C1)OCC2=NC(=C(O2)C3=CC=C(C=C3)OC(F)(F)F)C4=CN=C(N=C4)OC)OCC(=O)O,531.125335,10,5.05662,0,9,1,126.03,
CHEMBL220570,O=C(O)C[C@@H]1CCc2cc(OCCCOc3ccc(-c4ccc(C(F)(F)F)cn4)cc3)ccc21,471.165743,9,6.1198,0,4,1,68.65,
CID_16110444,C1CC2=C(C1CC(=O)O)C=CC(=C2)OCCCOC3=CC=C(C=C3)C4=NC=C(C=C4)C(F)(F)F,471.165743,9,6.1198,0,4,1,68.65,
CHEMBL119066,CCCC1=C(C=CC(=C1)C2CCC(CC2)(C)C)OCCCOC3=CC=CC(=C3)C4C(=O)NC(=O)O4,479.267173,10,6.4783,0,5,1,73.86,
CHEMBL3934302,COC1=C(C=C(C=C1)CCOC(=O)CC2=CC(=CC=C2)SCC3=CC=CC=C3C(=O)O)OC,466.14501,11,5.0227,0,6,1,82.06,
CID_164615468,CCOC1=CC=C(C=C1)C=C2C(=O)C3=C(O2)C=C(C=C3)OCC4=CC(=C(C(=C4)C)OC(C)(C)C(=O)O)C,502.199153,9,6.13934,0,6,1,91.29,
CHEMBL4847495,CCOc1ccc(/C=C2\Oc3cc(OCc4cc(C)c(OC(C)(C)C(=O)O)c(C)c4)ccc3C2=O)cc1,502.199153,9,6.13934,0,6,1,91.29,
CID_44432856,CCOC(CC1=CC=C(C=C1)OCC=C(C#CC2=CC=CC=C2)C3=CC=CC=C3)C(=O)O,426.183109,9,5.2329,0,3,1,55.76,
CHEMBL234909,CCO[C@@H](Cc1ccc(OC/C=C(\C#Cc2ccccc2)c2ccccc2)cc1)C(=O)O,426.183109,9,5.2329,0,3,1,55.76,
CHEMBL1075724,CC1=C(C=CC(=C1)OCC2=NC(=C(S2)C3=CC=C(C=C3)OC(F)(F)F)C4=CC=C(C=C4)C(=O)N5CCCCC5)OCC(=O)O,626.169842,10,7.35262,0,7,1,98.19,
CHEMBL220060,COc1cc(C)ccc1OCCCOc1ccc2c(c1)CC[C@H]2CC(=O)O,370.178024,9,4.35602,0,4,1,64.99,
CID_16110426,CC1=CC(=C(C=C1)OCCCOC2=CC3=C(C=C2)C(CC3)CC(=O)O)OC,370.178024,9,4.35602,0,4,1,64.99,
CHEMBL4865961,COc1ccc2c(c1)O/C(=C\c1cc(C)c(OCC(=O)O)c(C)c1)C2=O,354.110338,5,3.39164,0,5,1,82.06,
CID_150227841,CC1=CC(=CC(=C1OCC(=O)O)C)C=C2C(=O)C3=C(O2)C=C(C=C3)OC,354.110338,5,3.39164,0,5,1,82.06,
CHEMBL4483378,CCCCCCC(C(=O)O)SC1=NC2=C(S1)C=C(C=C2)NCC3=CC(=CC=C3)Cl,448.104598,11,7.0775,0,5,2,62.22,
CHEMBL225828,CC1=C2C(=CC=C1)C(=C(C=N2)CC3=CC=CC=C3)C4=CC(=CC=C4)NCC5=CC=C(C=C5)CC(=O)O,472.215078,8,7.04022,0,3,2,62.22,
CID_145949801,CCOC(CC1=CC=C(C=C1)OCCN2C3=C(C=C(C=C3)C=CC4=CC(=CC(=C4)OC)OC)SC2=O)C(=O)NC,562.213758,13,5.0232,0,8,1,88.02,
CHEMBL4170881,CCOC(Cc1ccc(OCCn2c(=O)sc3cc(/C=C/c4cc(OC)cc(OC)c4)ccc32)cc1)C(=O)NC,562.213758,13,5.0232,0,8,1,88.02,
CHEMBL492031,CCOC(CC1=CC=C(C=C1)OCCN2CCC(=CC2)C3=CC=CC=N3)C(=O)O,396.204907,10,3.2819,0,5,1,71.89,
CHEMBL108905,CCCc1cc2c(C(F)(F)F)noc2c(CCC)c1O[C@H](C(=O)O)c1ccccc1,421.150093,8,5.9563,0,4,1,72.56,
CHEMBL323773,CCCC1=CC2=C(C(=C1OC(C3=CC=CC=C3)C(=O)O)CCC)ON=C2C(F)(F)F,421.150093,8,5.9563,0,4,1,72.56,
CHEMBL118617,O=C(Nc1ccc(-c2ccsc2)cc1C(=O)[O-])c1ccc(Cl)cc1Cl.[Li+],396.991849,4,1.3417,0,4,1,69.23,
CHEMBL1082114,CC1=C(C=CC(=C1)OCC2=NC(=C(O2)C3=CC=C(C=C3)OC(F)(F)F)C4=CC=C(C=C4)OC)OCC(=O)O,529.134837,10,6.26662,0,7,1,100.25,
CHEMBL2204684,CC(C)(C(=O)O)OC1=CC=C(C=C1)CCO,224.104859,5,1.4634,0,3,2,66.76,
CHEMBL522224,CC1=CC(=C(C=C1)NC(=O)C2=CC(=CC=C2)S(=O)(=O)N3C=CC4=CC=CC(=C43)C)C(=O)O,448.109293,5,4.44564,0,5,2,105.47,
CHEMBL524829,COC1=CC2=C(CN(CC2)S(=O)(=O)C3=CC=CC(=C3)C(=O)NC4=C(C=C(C=C4)Cl)C(=O)O)C=C1,500.080885,6,4.0461,0,5,2,113.01,
CHEMBL4071373,C1=CC(=CC(=C1)S(=O)(=O)N2C3=C(C=C(C=C3)C(F)(F)F)C=C2CCCC(=O)O)OC(F)(F)F,495.057513,7,5.203,0,5,1,85.6,
CHEMBL1778732,CC1=C(N=C(O1)C2=CC=CC=C2)CCC3=NOC4=C3C=CC(=C4)OC(C)(C)C(=O)O,406.152872,7,4.81842,0,6,1,98.59,
CHEMBL1082089,CC1=C(C=CC(=C1)OCC2=NC(=C(O2)C3=CC4=CC=CC=C4N=C3)C5=CC=C(C=C5)OC)OCC(=O)O,496.163436,9,5.91622,0,7,1,103.91,
CHEMBL4081907,COC1=CC(=CC=C1)S(=O)(=O)N2C3=C(C=C(C=C3)C(F)(F)F)C=C2CCCC(=O)O,441.085778,7,4.313,0,5,1,85.6,
CHEMBL1082117,CC1=C(C=CC(=C1)OCC2=NC(=C(O2)C3=CC=C(C=C3)OC(F)(F)F)C4=CN=CN=C4)OCC(=O)O,501.11477,9,5.04802,0,8,1,116.8,
CHEMBL602468,CCC(C1=CC=CC=C1)NC(=O)C2=CC3=C(C=C2)N(C(=C3C)C)CC4=CC=C(C=C4)C5=CC=CC=C5C(=O)O,516.241293,8,7.55274,0,3,2,71.33,
CID_71457599,CC(C)(C(=O)O)OC1=CC=C(C=C1)COC2=CC=C(C=C2)N=NC3=CC=CC=C3,390.157957,8,5.923,0,5,1,80.48,
CHEMBL221755,CC1=C(C=CC(=C1)CCC2=C(N=C(S2)C3=CC=C(C=C3)C(F)(F)F)C)OCC(=O)O,435.111599,7,5.69434,0,4,1,59.42,
CHEMBL4237642,CC(C)(C(=O)O)OC1=CC=CC(=C1)NCC2=C(C=C(C=C2)OCC3=CC=C(C=C3)OC)OCC4=CC=C(C=C4)OC,557.241352,14,6.7159,0,7,2,95.48,
CHEMBL5271038,CC1=CC(=CN=C1NC(=O)C2=C(C=C(C(=C2)C(=O)NCC3=CC(=C(C=C3)F)F)F)Cl)N4CCOCC4,518.133253,6,4.47962,0,5,2,83.56,
CHEMBL401015,CCO[C@@H](Cc1ccc(CCC(OC(=S)Nc2ccccc2)c2ccccc2)cc1)C(=O)O,463.181729,11,5.8063,0,4,2,67.79,
CID_44431868,CCOC(CC1=CC=C(C=C1)CCC(C2=CC=CC=C2)OC(=S)NC3=CC=CC=C3)C(=O)O,463.181729,11,5.8063,0,4,2,67.79,
CHEMBL430970,CCCC1=C(C=CC(=C1)OC2=CC=C(C=C2)C3=CC=CC=C3)OCCCOC4=CC=C(C=C4)C5C(=O)NC(=O)S5,553.192294,12,7.9704,0,6,1,73.86,
CHEMBL1778733,CCC1=C(N=C(O1)C2=CC=CC=C2)CCC3=NOC4=C3C=CC(=C4)OC(C)(C)C(=O)O,420.168522,8,5.0724,0,6,1,98.59,
CHEMBL4289610,CC1=C(C=CC(=C1)OCCCOC2=CC(=CC=C2)Cl)OCC(=O)O,350.092101,9,3.95972,0,4,1,64.99,
CHEMBL1075665,C1=CC=C(C=C1)C2=C(C(=NO2)C3=CC=CC(=C3)CC(=O)O)C(=O)NCCOC4=CC(=CC(=C4)Cl)Cl,510.074927,9,5.7513,0,5,2,101.66,
CID_172462207,COC1=CC2=C(C=C1)N(C=C2CCC(=O)O)S(=O)(=O)C3=CC=C(C=C3)OC(F)(F)F,443.065043,7,3.8027,0,6,1,94.83,
CHEMBL122009,COC1=C(C=C(C=C1)CCCC(=O)O)C(=O)NCC2=CC=C(C=C2)C(F)(F)F,395.134443,8,4.0513,0,3,2,75.63,
CHEMBL4776398,CC1=C(C=CC=N1)OC2=CC3=C(C=C2)N=C(N3C)COC4=CC=CC(=C4)C(=O)O,389.137556,6,4.34622,0,6,1,86.47,
CHEMBL407201,CC1=C(C=CC(=C1)SCC2=CC(=NO2)C3=CC=C(C=C3)C(F)(F)F)OCC(=O)O,423.075214,7,5.42452,0,5,1,72.56,
CHEMBL484466,C1CN(CC2=C1C(=CC=C2)O)S(=O)(=O)C3=CC=CC(=C3)C(=O)NC4=C(C=C(C=C4)Cl)C(=O)O,486.065235,5,3.7431,0,5,3,124.01,
CHEMBL4164423,CC1=CC(=C(N=C1)OC2=CC3=C(C=C2)N=C(N3C)COC4=CC=CC(=C4)C(=O)O)C,403.153206,6,4.65464,0,6,1,86.47,
CHEMBL199172,CCCCCOC1=C(C=CC=N1)C(CC#CCCCC(=O)[O-])O.[Na+],341.160303,10,-0.9983,0,5,1,82.48,
CHEMBL2031956,CC(C)=CCC/C(C)=C/Cc1c(O)cc(/C=C/c2ccoc2)cc1O,338.188195,7,6.0964,0,3,2,53.6,
CID_66560742,CC(=CCCC(=CCC1=C(C=C(C=C1O)C=CC2=COC=C2)O)C)C,338.188195,7,6.0964,0,3,2,53.6,
CHEMBL5396467,C1CC1C2=C(C(=NO2)C3=C(C=CC=C3Cl)Cl)COC4=CC=C(C=C4)C5=CC(=CC=C5)C6(CC6)C(=O)O,519.100414,8,7.888,0,4,1,72.56,
CHEMBL4209440,CC1=C(OC(=N1)C2=CC(=CC=C2)OC)COC3=CC=C(C=C3)CC(=O)OC,367.141973,7,3.95312,0,6,0,70.79,
CHEMBL330938,O=C(Nc1ccc(Oc2ncccc2[N+](=O)[O-])cc1C(=O)[O-])c1ccc(Cl)cc1Cl.[Li+],453.01067,6,0.7087,0,7,1,134.49,
CHEMBL119278,O=C(Nc1ccc(OCCc2cccs2)cc1C(=O)[O-])c1ccc(Cl)cc1Cl.[Li+],441.018064,7,1.2962,0,5,1,78.46,
CHEMBL371091,CCCC1=C(C=CC2=C1NC=C2C(=O)C(F)(F)F)OCCCOC3=CC4=C(C=C3)N(C=C4)CC(=O)O,502.171557,11,5.7526,0,5,2,93.55,
CID_70694287,CC(=CCCC(=CCC1=C(C=C(C=C1O)C=CC2=CC=C(C=C2)C=O)O)C)C,376.203845,8,6.3159,0,3,2,57.53,
CHEMBL2031954,CC(C)=CCC/C(C)=C/Cc1c(O)cc(/C=C/c2ccc(C=O)cc2)cc1O,376.203845,8,6.3159,0,3,2,57.53,
CHEMBL4740359,CC1=NC(=C(C=C1)OC2=C(C3=C(C=C2)N=C(N3C)COC4=CC=CC(=C4)C(=O)O)F)C,421.143784,6,4.79374,0,6,1,86.47,
CHEMBL241078,CCc1ccc(O[C@H](C)CCOc2ccc(CCC(=O)O)c(C)c2)c(-c2cccs2)c1,438.18648,11,6.53952,0,4,1,55.76,
CID_44439624,CCC1=CC(=C(C=C1)OC(C)CCOC2=CC(=C(C=C2)CCC(=O)O)C)C3=CC=CS3,438.18648,11,6.53952,0,4,1,55.76,
CHEMBL1084547,CC(C)(C(=O)O)OC1=CC=C(C=C1)CN(CC2=CC=CO2)CC(=O)NC3=C(C=C(C=C3)F)F,458.165328,10,4.4407,0,5,2,92.01,
CHEMBL473953,CC1=C(N=C(O1)C2=CC=CC=C2)CCOC3=CC=C(C=C3)CC4=C(C=NN4C5=CC=CC=C5)C(=O)O,479.184506,9,5.74622,0,6,1,90.38,
CHEMBL213524,C1=COC(=C1)C2=C(C(=NO2)C3=C(C=C(C=C3)CC(=O)O)Cl)C(=O)NCCOC4=C(C=C(C=C4)Cl)Cl,534.015219,9,5.9977,0,6,2,114.8,
CHEMBL248413,COc1ccc(-c2nc(CCOc3ccc4c(c3)CC[C@H]4CC(=O)O)c(C)s2)cc1,423.150429,8,5.25312,0,5,1,68.65,
CID_10202547,CC1=C(N=C(S1)C2=CC=C(C=C2)OC)CCOC3=CC4=C(C=C3)C(CC4)CC(=O)O,423.150429,8,5.25312,0,5,1,68.65,
CHEMBL3393183,C1=CC=C(C(=C1)C(=O)NC2=CC=CC(=C2)CC(=O)O)NC(=O)C3=CC=C(C=C3)SC(F)(F)F,474.086113,7,5.4302,0,4,3,95.5,
CHEMBL4439891,CC1=C(C(=CC=C1)NC2=CC(=NC(=N2)OCCC(=O)O)Cl)C,321.088019,6,3.34394,0,5,2,84.34,
CHEMBL1760271,CCCCC(C(=O)O)OC1=C(C(=C(C=C1)S(=O)(=O)N(CCCC)C2=CC=CC(=C2C)C3=CC=C(C=C3)Cl)C)C,571.215922,13,7.94986,0,4,1,83.91,
CHEMBL393777,CCOc1ccc(-c2ncc(C)c(N(C)CCCOc3ccc4c(c3)CC[C@H]4CC(=O)O)n2)cc1,475.247107,11,5.26052,0,6,1,84.78,
CID_10027920,CCOC1=CC=C(C=C1)C2=NC=C(C(=N2)N(C)CCCOC3=CC4=C(C=C3)C(CC4)CC(=O)O)C,475.247107,11,5.26052,0,6,1,84.78,
CHEMBL238745,Cc1cccc(-c2ncc(C)c(N(C)CCCOc3ccc4c(c3)CC[C@H]4CC(=O)O)n2)c1,445.236542,9,5.17024,0,5,1,75.55,
CID_44439718,CC1=CC(=CC=C1)C2=NC=C(C(=N2)N(C)CCCOC3=CC4=C(C=C3)C(CC4)CC(=O)O)C,445.236542,9,5.17024,0,5,1,75.55,
CHEMBL371112,CCC(=O)c1cc(C(C)CC)c(OC(C(=O)O)c2ccccc2)c(C(C)CC)c1,396.23006,10,6.511,0,3,1,63.6,
CHEMBL478675,CCOC(CC1=CC=C(C=C1)OCCN2CCC(=CC2)C3=CC=CC=C3)C(=O)O,395.209658,10,3.8869,0,4,1,59.0,
CHEMBL333890,O=C(Nc1ccc(OCCc2ccsc2)cc1C(=O)[O-])c1ccc(Cl)cc1Cl.[Li+],441.018064,7,1.2962,0,5,1,78.46,
CHEMBL4095891,C1=CC2=C(C=C1S(=O)(=O)N3C4=C(C=C(C=C4)Cl)C=C3CCCC(=O)O)OC(=N2)N,433.049919,6,3.6624,0,7,2,128.42,
CHEMBL2204685,CC(C)(C(=O)O)OC1=CC=C(C=C1)CCCO,238.120509,6,1.8535,0,3,2,66.76,
CHEMBL326273,CCCC1=C(C=CC(=C1)OC2=CC=CC=C2)OCCCOC3=CC4=C(CCC(O4)C(=O)O)C=C3,462.204239,11,6.0575,0,5,1,74.22,
CID_118726798,CON=CC1=CC=C(C=C1)OC(CC2=CC=CC=C2)C(=O)[O-].[Na+],321.097702,7,-1.5891,0,5,0,70.95,
CHEMBL3397550,CO/N=C/c1ccc(OC(Cc2ccccc2)C(=O)[O-])cc1.[Na+],321.097702,7,-1.5891,0,5,0,70.95,
CHEMBL455127,COc1ccc(C(=O)c2c(C)n(Cc3cc(O[C@@H](C)C(=O)O)ccc3F)c3ncccc23)cc1,462.1591,8,4.62362,0,6,1,90.65,
CID_25211572,CC1=C(C2=C(N1CC3=C(C=CC(=C3)OC(C)C(=O)O)F)N=CC=C2)C(=O)C4=CC=C(C=C4)OC,462.1591,8,4.62362,0,6,1,90.65,
CHEMBL1946955,CC[C@@H](Oc1cccc(Cn2c(=O)n(-c3noc4cc(OC)ccc34)c3ccc(C(F)(F)F)cc32)c1)C(=O)O,541.14607,8,5.2511,0,8,1,108.72,
CID_56926185,CCC(C(=O)O)OC1=CC=CC(=C1)CN2C3=C(C=CC(=C3)C(F)(F)F)N(C2=O)C4=NOC5=C4C=CC(=C5)OC,541.14607,8,5.2511,0,8,1,108.72,
CHEMBL2159606,OC[C@H]1O[C@@H](Oc2ccc(CCCC[C@H](O)CCc3ccc(O[C@@H]4O[C@H](CO)[C@@H](O)[C@H](O)[C@H]4O)c(O)c3)cc2O)[C@H](O)[C@@H](O)[C@@H]1O,656.268021,14,-1.8383,0,15,11,259.45,
CID_71449654,C1=CC(=C(C=C1CCCCC(CCC2=CC(=C(C=C2)OC3C(C(C(C(O3)CO)O)O)O)O)O)O)OC4C(C(C(C(O4)CO)O)O)O,656.268021,14,-1.8383,0,15,11,259.45,
CHEMBL4476019,CCC1=CC(=C2C(=NN(C2=N1)C3=CC(=CC=C3)Cl)C(C)C)C(=O)O,343.108754,4,4.4579,0,4,1,68.01,
CHEMBL444373,COC1=CC=C(C=C1)OC(=O)N(CC2=CC=C(C=C2)O)CC(=O)O,331.105587,6,2.4864,0,5,2,96.3,
CHEMBL514174,CC1=C(N=C(O1)C2=CC=CC=C2)CCOC3=CC=C(C=C3)CC4=C(N=NN4C5=CC=CC=C5)C(=O)O,480.179755,9,5.14122,0,7,1,103.27,
CHEMBL509369,Cc1c(Oc2ccc(Cl)cc2)c2cccnc2n1Cc1cc(O[C@@H](C)C(=O)O)ccc1F,454.109563,7,5.82972,0,5,1,73.58,
CID_25165639,CC1=C(C2=C(N1CC3=C(C=CC(=C3)OC(C)C(=O)O)F)N=CC=C2)OC4=CC=C(C=C4)Cl,454.109563,7,5.82972,0,5,1,73.58,
CHEMBL1760403,CCCCN(C1=CC=CC(=C1C)C2=CC=C(C=C2)Cl)S(=O)(=O)C3=C(C(=C(C=C3)OC(C)C(=O)O)F)F,537.118828,10,6.44092,0,4,1,83.91,
CHEMBL376537,Cc1ccc(OCCCOc2ccc3c(c2)CC[C@H]3CC(=O)O)cc1C,354.183109,8,4.65584,0,3,1,55.76,
CID_16110423,CC1=C(C=C(C=C1)OCCCOC2=CC3=C(C=C2)C(CC3)CC(=O)O)C,354.183109,8,4.65584,0,3,1,55.76,
CHEMBL4292189,CC1=CC=CC=C1OCCCOC2=CC3=C(C=C2)C(CO3)CC(=O)O,342.146724,8,3.79362,0,4,1,64.99,
CHEMBL213877,C1CC1C2=C(C(=NO2)C3=C(C=C(C=C3)CC(=O)O)Cl)C(=O)NCCOC4=C(C=C(C=C4)Cl)Cl,508.035955,9,5.6151,0,5,2,101.66,
CHEMBL4098415,C1=CC(=CC=C1OC(F)(F)F)S(=O)(=O)N2C3=C(C=C(C=C3)C(F)(F)F)C=C2CCCC(=O)O,495.057513,7,5.203,0,5,1,85.6,
CHEMBL3901902,C1=CC=C(C(=C1)CSC2=CC=C(C=C2)CC(=O)OCC3=CC=C(C=C3)N4C=CC=N4)C(=O)O,458.130028,9,5.1487,0,6,1,81.42,
CHEMBL1933834,CCCCCS(=O)(=O)NC(=O)CCC1=CC(=NN1CC2=C(C=C(C=C2)C(F)(F)F)Cl)C(C)C,507.157025,11,5.2958,0,5,1,81.06,
CHEMBL583759,C1=CC=C(C=C1)CC(C(=O)O)OC2=CC=C(C=C2)NCC3=CC=CC=C3,347.152144,8,4.3734,0,3,2,58.56,
CHEMBL1778831,CC(C)C1=C(N=C(O1)C2=CC=CC=C2Cl)CCC3=NOC4=C3C=CC(=C4)OC(C)(C)C(=O)O,468.1452,8,6.2868,0,6,1,98.59,
CHEMBL323008,CCCC1=C(C=CC(=C1)OC2=CC=CC=C2)OCCCCOC3=CC4=C(C=C3)OC(CC4)C(=O)O,476.219889,12,6.4476,0,5,1,74.22,
CHEMBL3753786,Cc1ccc(/C=C/c2ccc(OCCCC(C)(C)C(=O)O)cc2)cc1,338.188195,8,5.43522,0,2,1,46.53,
CID_122378601,CC1=CC=C(C=C1)C=CC2=CC=C(C=C2)OCCCC(C)(C)C(=O)O,338.188195,8,5.43522,0,2,1,46.53,
CHEMBL2113109,CCCCCOC1=NC2=CC=CC=C2C=C1C(CCCCCC(=O)[O-])O.[Na+],381.191603,12,0.5416,0,5,1,82.48,
CHEMBL199814,CCC(C(=O)O)C1CCc2cc(OCc3nc(-c4ccccc4)oc3C)ccc21,391.178358,7,5.36962,0,4,1,72.56,
CHEMBL210057,CN(CCOC1=C(C=C(C=C1)Cl)Cl)C(=O)C2=C(ON=C2C3=C(C=C(C=C3)CC(=O)O)Cl)C4=CC=CC=C4,558.051605,9,6.7469,0,5,1,92.87,
CHEMBL426632,O=C(O)[C@H](Cc1ccccc1)Oc1ccc2ccccc2c1,292.109944,5,3.9145,0,2,1,46.53,
CID_11471872,C1=CC=C(C=C1)CC(C(=O)O)OC2=CC3=CC=CC=C3C=C2,292.109944,5,3.9145,0,2,1,46.53,
CHEMBL3764546,CCC(CC1=CC=C(C=C1)C(=O)NCC2=CC=C(C=C2)OC(F)(F)F)C(=O)OCC,423.165743,9,4.647,0,4,1,64.63,
CHEMBL359892,CCO[C@@H](Cc1ccc(O/C=C\Oc2ccc(C[C@@H](OCC)C(=O)O)cc2)cc1)C(=O)O,444.178418,14,3.68,0,6,2,111.52,
CID_44389800,CCOC(CC1=CC=C(C=C1)OC=COC2=CC=C(C=C2)CC(C(=O)O)OCC)C(=O)O,444.178418,14,3.68,0,6,2,111.52,
CHEMBL402956,CC1=C(N=C(O1)C2=CC=CC=C2)CCOC3=CC=CC(=C3)CC4=C(CCN(C4)C(=O)OCC5=CC=CC=C5)C(=O)O,552.226037,10,6.23772,0,6,1,102.1,
CHEMBL490425,CCO[C@@H](Cc1cccc(/C(C)=N/OCc2ccc(Br)cc2)c1)C(=O)O,419.07322,9,4.4221,0,4,1,68.12,
CID_25114871,CCOC(CC1=CC(=CC=C1)C(=NOCC2=CC=C(C=C2)Br)C)C(=O)O,419.07322,9,4.4221,0,4,1,68.12,
CHEMBL223349,CC1=C(N=C(O1)C2=CC=CC=C2)CCOC3=CC(=C(C=C3)CCC(=O)O)CNC(=O)CCC4=CC=CC=C4,512.231122,13,5.53772,0,5,2,101.66,
CHEMBL4210210,CC1=C(OC(=N1)C2=CC=CC=C2OC)COC3=CC=C(C=C3)CC(=O)OC,367.141973,7,3.95312,0,6,0,70.79,
CID_164627935,CC1=CC(=CC(=C1OC(C)(C)C(=O)O)C)COC2=CC3=C(C=C2)C(=O)C(=CC4=CC=C(C=C4)C5=CC=CC=C5)O3,534.204239,8,7.40764,0,5,1,82.06,
CHEMBL4170847,CN1C2=C(C=CC(=C2)OC3=CC4=C(C=C3)OCC4)N=C1COC5=CC=CC(=C5)C(=O)O.Cl,452.113899,6,4.9995,0,6,1,82.81,
CHEMBL523395,C1CN(CC2=CC=CC=C21)S(=O)(=O)C3=CC=CC(=C3)C(=O)NC4=CC=CC=C4C(=O)O,436.109293,5,3.3841,0,4,2,103.78,
CHEMBL215812,CC1=C(C(=NO1)C2=C(C=C(C=C2)CC(=O)O)Cl)C(=O)NCCOC3=C(C=C(C=C3)C(F)(F)F)C(F)(F)F,550.073019,8,5.77692,0,5,2,101.66,
CHEMBL4471255,CC1=CC=CC=C1NC2=CC(=NC(=N2)SCC(=O)O)Cl,309.033875,5,3.35872,0,5,2,75.11,
CHEMBL220205,Cc1noc2c(C)c(OCCCOc3ccc4c(c3)CC[C@H]4CC(=O)O)ccc12,395.173273,8,4.79704,0,5,1,81.79,
CID_24776381,CC1=C(C=CC2=C1ON=C2C)OCCCOC3=CC4=C(C=C3)C(CC4)CC(=O)O,395.173273,8,4.79704,0,5,1,81.79,
CHEMBL4649683,Cc1cnc(-c2ccc(OC(F)(F)F)cc2)n1Cc1ccccc1OCCC[C@@H](C)CC(=O)O,476.192292,11,6.07522,0,5,1,73.58,
CID_126752361,CC1=CN=C(N1CC2=CC=CC=C2OCCCC(C)CC(=O)O)C3=CC=C(C=C3)OC(F)(F)F,476.192292,11,6.07522,0,5,1,73.58,
CHEMBL1947145,C[C@]1(c2cccc(Cn3c(=O)n(-c4noc5cc(Cl)ccc45)c4ccccc43)c2)OC(=O)NC1=O,488.088747,4,4.1167,0,8,1,108.36,
CID_11698802,CC1(C(=O)NC(=O)O1)C2=CC=CC(=C2)CN3C4=CC=CC=C4N(C3=O)C5=NOC6=C5C=CC(=C6)Cl,488.088747,4,4.1167,0,8,1,108.36,
CID_168288944,CC(C)(C(=O)O)OC1=C(C=C(C=C1)COC2=CC(=CC(=C2)OC)C=CC3=CC=C(C=C3)OC)F,466.179167,10,5.8343,0,5,1,74.22,
CHEMBL241479,CCc1ccc(O[C@H](C)CCOc2ccc(CCC(=O)O)c(CC)c2)c(-c2ccccn2)c1,447.240959,12,6.127,0,4,1,68.65,
CID_11155087,CCC1=CC(=C(C=C1)OC(C)CCOC2=CC(=C(C=C2)CCC(=O)O)CC)C3=CC=CC=N3,447.240959,12,6.127,0,4,1,68.65,
CHEMBL234907,Cc1cc2cc(C(C#Cc3ccc(C)s3)/C=C\COc3ccc(OCC(=O)O)c(C)c3)ccc2o1,486.150095,8,6.65346,0,5,1,68.9,
CID_44432853,CC1=CC=C(S1)C#CC(C=CCOC2=CC(=C(C=C2)OCC(=O)O)C)C3=CC4=C(C=C3)OC(=C4)C,486.150095,8,6.65346,0,5,1,68.9,
CHEMBL455130,Cc1c(Oc2ccc(Cl)cc2)c2cccnc2n1Cc1ccc(F)c(O[C@@H](C)C(=O)O)c1,454.109563,7,5.82972,0,5,1,73.58,
CID_25166738,CC1=C(C2=C(N1CC3=CC(=C(C=C3)F)OC(C)C(=O)O)N=CC=C2)OC4=CC=C(C=C4)Cl,454.109563,7,5.82972,0,5,1,73.58,
CHEMBL4088168,C1=CC2=NSN=C2C=C1S(=O)(=O)N3C4=C(C=C(C=C4)Cl)C=C3CCCC(=O)O,435.011426,6,3.9437,0,7,1,102.15,
CHEMBL254743,CC1=C(SC(=N1)C2=CC=C(C=C2)C(F)(F)F)C(=O)NCC3=CC=C(C=C3)OC(C)(C)C(=O)NS(=O)(=O)C(F)(F)F,609.082682,8,5.19052,0,7,2,114.46,
CHEMBL4443400,CC1=C(C=CC(=C1C)Cl)NC2=CC(=NC(=N2)SCC(=O)O)Cl,357.010553,5,4.32054,0,5,2,75.11,
CHEMBL484263,CCO[C@@H](Cc1cccc(C2=NOC(CCc3ccccc3)C2)c1)C(=O)O,367.178358,9,3.8446,0,4,1,68.12,
CID_25116956,CCOC(CC1=CC(=CC=C1)C2=NOC(C2)CCC3=CC=CC=C3)C(=O)O,367.178358,9,3.8446,0,4,1,68.12,
CHEMBL489559,CCO[C@H](Cc1cccc(C2=NOC(CCc3ccccc3)C2)c1)C(=O)O,367.178358,9,3.8446,0,4,1,68.12,
CHEMBL4203239,CC(CCCCOC1=CC=CC=C1CN(C)C(=O)C2=CC=C(C=C2)C3=CC=CO3)C(=O)O,435.204573,11,5.4886,0,4,1,79.98,
CHEMBL4167504,CCOC(=O)C(Cc1ccc(OCCn2c(=O)sc3cc(C(=O)/C=C/c4cc(OC)cc(OC)c4)ccc32)cc1)OCC(F)(F)F,659.180073,15,6.1084,0,10,0,102.29,
CID_145953624,CCOC(=O)C(CC1=CC=C(C=C1)OCCN2C3=C(C=C(C=C3)C(=O)C=CC4=CC(=CC(=C4)OC)OC)SC2=O)OCC(F)(F)F,659.180073,15,6.1084,0,10,0,102.29,
CHEMBL477323,Cc1oc(-c2ccccc2)nc1CCNc1ccc(C[C@@H](C(=O)O)n2cccc2)cc1,415.189592,9,4.97452,0,5,2,80.29,
CID_44263426,CC1=C(N=C(O1)C2=CC=CC=C2)CCNC3=CC=C(C=C3)CC(C(=O)O)N4C=CC=C4,415.189592,9,4.97452,0,5,2,80.29,
CHEMBL220224,COc1csc(-c2ccc(OCCCOc3ccc4c(c3)CC[C@H]4CC(=O)O)cc2)n1,439.145344,10,5.1711,0,6,1,77.88,
CID_10455871,COC1=CSC(=N1)C2=CC=C(C=C2)OCCCOC3=CC4=C(C=C3)C(CC4)CC(=O)O,439.145344,10,5.1711,0,6,1,77.88,
CHEMBL255251,CC1=C(N=C(O1)C2=CC=CC=C2)CCOC3=CC=C(C=C3)C4=C(CCN(C4)C(=O)OCC(C)C)C(=O)O,504.226037,9,5.60802,0,6,1,102.1,
CHEMBL4243162,CC1=C(C=CC(=C1)SC(CC2=C(C=CC=C2Cl)F)C3=CC=C(C=C3)C4=CC=C(C=C4)F)OCC(=O)O,524.10245,9,8.13312,0,3,1,46.53,
CHEMBL575553,CC(C)(C(=O)O)SC1=NC2=C(S1)C=CC(=C2)OC,283.033685,4,3.2602,0,5,1,59.42,
CHEMBL220817,C1=CC=C(C=C1)C2=C(C(=NO2)C3=CC=CC(=C3)CCC(=O)O)C(=O)NCCOC4=C(C=C(C=C4)Cl)Cl,524.090577,10,6.1414,0,5,2,101.66,
CHEMBL503072,COCC#CCOC1=C(C=CC(=C1)COC2=CC=C(C=C2)C(F)(F)F)SC3=C4CCCCC4=C(C=C3)OCC(=O)O,586.163694,11,6.8064,0,6,1,74.22,
CHEMBL467510,CC(C)COC1=C(C=C(C=C1)Cl)C2=CC=CC=C2C3=NC(=CC=C3)C(=O)[O-].[Na+],403.095115,6,1.4713,0,4,0,62.25,
CHEMBL3980723,CCO[C@@H](Cc1ccc(OC(=O)Cc2ccc(NC(=O)OC(C)(C)C)cc2)cc1)C(=O)O,443.194402,9,4.2139,0,6,2,111.16,
CID_58119465,CCOC(CC1=CC=C(C=C1)OC(=O)CC2=CC=C(C=C2)NC(=O)OC(C)(C)C)C(=O)O,443.194402,9,4.2139,0,6,2,111.16,
CHEMBL1933822,CCCCCS(=O)(=O)NC(=O)CCC1=CC(=NN1CC2=C(C=C(C=C2)C(F)(F)F)Cl)OC(C)C,523.15194,12,4.9596,0,6,1,90.29,
CHEMBL3398429,Cc1oc(-c2ccccc2)nc1CCOc1ccc([C@H]2CN(C(=O)Oc3ccccc3)C[C@@H]2C(=O)O)cc1,512.194737,8,5.57052,0,6,1,102.1,
CID_58977763,CC1=C(N=C(O1)C2=CC=CC=C2)CCOC3=CC=C(C=C3)C4CN(CC4C(=O)O)C(=O)OC5=CC=CC=C5,512.194737,8,5.57052,0,6,1,102.1,
CHEMBL3398427,Cc1oc(-c2ccccc2)nc1CCOc1ccc([C@@H]2CN(C(=O)Oc3ccccc3)C[C@@H]2C(=O)O)cc1,512.194737,8,5.57052,0,6,1,102.1,
CHEMBL2312709,Cc1cc(-c2ccccc2)cc(C)c1O[C@@H](Cc1ccccc1)C(=O)O,346.156895,6,5.04514,0,2,1,46.53,
CID_71547109,CC1=CC(=CC(=C1OC(CC2=CC=CC=C2)C(=O)O)C)C3=CC=CC=C3,346.156895,6,5.04514,0,2,1,46.53,
CID_164614033,CC1=CC(=CC(=C1OC(C)(C)C(=O)O)C)COC2=CC3=C(C=C2)C(=O)C(=CC4=CC=C(C=C4)SC(F)(F)F)O3,558.132394,8,7.35254,0,6,1,82.06,
CHEMBL211047,CC1=C(C=CC(=C1)OCC2=CC(=CC(=C2)C3=CC=C(C=C3)OC)C4=CC=C(C=C4)OC)OCC(=O)O,484.188589,10,6.38862,0,5,1,74.22,
CHEMBL247658,Cc1nc(-c2ccccc2)n(C)c1CCOc1ccc2c(c1)CC[C@H]2CC(=O)O,390.194343,7,4.52152,0,4,1,64.35,
CID_44442469,CC1=C(N(C(=N1)C2=CC=CC=C2)C)CCOC3=CC4=C(C=C3)C(CC4)CC(=O)O,390.194343,7,4.52152,0,4,1,64.35,
CHEMBL1956366,C1=CC=C(C=C1)CC(C(=O)O)OC2=CC(=C(C=C2)Cl)C(F)(F)F,344.042707,5,4.4335,0,2,1,46.53,
CHEMBL396109,CCO[C@@H](Cc1ccc(CCC(O)c2ccccc2)cc1)C(=O)O,328.167459,9,3.385,0,3,2,66.76,
CID_25107241,CCOC(CC1=CC=C(C=C1)CCC(C2=CC=CC=C2)O)C(=O)O,328.167459,9,3.385,0,3,2,66.76,
CHEMBL1760268,CCCCN(C1=CC=CC(=C1C)C2=CC=C(C=C2)Cl)S(=O)(=O)C3=C(C(=C(C=C3)OCC(=O)O)C)C,515.153322,10,6.39106,0,4,1,83.91,
CHEMBL4174837,CN1C2=CC(=NC=C2N=C1COC3=CC=CC(=C3)C(=O)O)OC4=CC5=C(CCO5)C=C4,417.132471,6,3.9727,0,7,1,95.7,
CHEMBL1813191,C1=CC=C2C(=C1)C(=O)N(C2=O)C3=CC=C(C=C3)CCC4=CC=C(C=C4)OCC(=O)O,401.126323,7,3.7358,0,4,1,83.91,
CHEMBL2037588,CC1=C(C=CC(=C1)SC(CC2=C(C=CC=C2F)F)C3=C(N=C(S3)C4=CC=C(C=C4)C(F)(F)F)C)OCC(=O)O,579.096127,9,8.26344,0,5,1,59.42,
CID_637584,COC1=C(C=CC(=C1)C2C3COC(C3CO2)C4=CC(=C(C=C4)O)OC)O,358.141638,4,3.1902,0,6,2,77.38,
CHEMBL487611,COc1cc([C@H]2OC[C@H]3[C@@H]2CO[C@H]3c2ccc(O)c(OC)c2)ccc1O,358.141638,4,3.1902,0,6,2,77.38,
CHEMBL119030,O=C(Nc1ccc(-c2ccco2)cc1C(=O)[O-])c1ccc(Cl)cc1Cl.[Li+],381.014693,4,0.8732,0,4,1,82.37,
CHEMBL609901,CC1=C(C=CC(=C1)C(=O)NCCS(=O)(=O)C2=NC=C(C=C2)C(F)(F)F)Cl,406.036576,5,3.26592,0,4,1,76.13,
CHEMBL1079505,CC1=C(C=CC(=C1)OCC2=NC(=C(S2)C3=CC=C(C=C3)OC(F)(F)F)C4=CN=C(C=C4)OC(C)C)OCC(=O)O,574.138542,11,6.90872,0,8,1,100.0,
CHEMBL374078,C1=CC=C(C=C1)C2=C(C(=NO2)C3=CC=CC(=C3)CC(=O)O)C(=O)NCCOC4=C(C=C(C=C4)Cl)Cl,510.074927,9,5.7513,0,5,2,101.66,
CHEMBL213361,C[C@H](CCOc1ccc(CCC(=O)O)c(C(F)(F)F)c1)Oc1ccc(Cl)cc1Oc1ccccc1,508.126436,11,7.4047,0,4,1,64.99,
CID_16085982,CC(CCOC1=CC(=C(C=C1)CCC(=O)O)C(F)(F)F)OC2=C(C=C(C=C2)Cl)OC3=CC=CC=C3,508.126436,11,7.4047,0,4,1,64.99,
CHEMBL119111,O=C(Nc1ccc(Oc2cncc(Cl)n2)cc1C(=O)[O-])c1ccc(Cl)cc1Cl.[Li+],442.981868,5,0.8489,0,6,1,104.24,
CHEMBL502518,CC1=C(C=CC(=C1C)SC2=C(C=C(C=C2)COC3=CC=C(C=C3)C(F)(F)F)OCC4=CN=CC=C4)OCC(=O)O,569.148379,11,7.48984,0,6,1,77.88,
CHEMBL571044,CCCCCCCC/C=C\CCCCCCCCNS(=O)(=O)NCCC,388.31235,20,5.8579,0,2,2,58.2,
CID_16103191,CCCCCCCCC=CCCCCCCCCNS(=O)(=O)NCCC,388.31235,20,5.8579,0,2,2,58.2,
CHEMBL3597411,CC1=CC=C(C=C1)COC2=CC=CC(=C2)OCCCOC3=CC4=C(C=C3)C(=CN4CC5=CC=CC=C5)CC(=O)O,535.235873,13,7.05202,0,5,1,69.92,
CHEMBL2037580,CC1=C(C=CC(=C1)SC(CCCCC2=CC=CC=C2)C3=C(N=C(S3)C4=CC=C(C=C4)C(F)(F)F)C)OCC(=O)O,585.16192,12,9.15554,0,5,1,59.42,
CHEMBL4752897,CCOC1=CC(=CC2=C1N=C(N2C)COC3=CC=CC(=C3)C(=O)O)OC4=CC(=NC=C4)OC,449.158685,9,4.4451,0,8,1,104.93,
CHEMBL384762,C1=CC=C(C=C1)C2=C(C(=NO2)C3=C(C=C(C=C3)CC(=O)O)Cl)COCCOC4=C(C=C(C=C4)Cl)Cl,531.040706,10,7.1915,0,5,1,81.79,
CHEMBL118852,CCOc1cccc(-c2ccc(NC(=O)c3ccc(Cl)cc3Cl)c(C(=O)[O-])c2)c1.[Li+],435.061643,6,1.6789,0,4,1,78.46,
CHEMBL3393181,C1=CC=C(C=C1)C2=CC=C(C=C2)C(=O)NC3=CC=CC=C3C(=O)NC4=CC=CC(=C4)CC(=O)O,450.157957,7,5.4853,0,3,3,95.5,
CHEMBL4175728,CC1=CC(=C(C=C1)OC2=CC3=C(C=C2)N=C(N3C)COC4=CC=CC(=C4)C(=O)O)F,406.132885,6,5.09032,0,5,1,73.58,
CHEMBL491623,CCOC(CC1=CC=C(C=C1)OCCCN2CCC(=CC2)C3=CC=C(C=C3)Cl)C(=O)O,443.186336,11,4.9304,0,4,1,59.0,
CHEMBL4215985,C/C(=C\C(=O)O)CCCOc1ccccc1CN(C)C(=O)c1ccc(-c2ccco2)cc1,433.188923,10,5.4087,0,4,1,79.98,
CID_121269378,CC(=CC(=O)O)CCCOC1=CC=CC=C1CN(C)C(=O)C2=CC=C(C=C2)C3=CC=CO3,433.188923,10,5.4087,0,4,1,79.98,
CHEMBL2375949,O=C(O)[C@H](COc1ccccc1)Oc1ccc(Cl)cc1,292.050237,6,3.251,0,3,1,55.76,
CID_73347300,C1=CC=C(C=C1)OCC(C(=O)O)OC2=CC=C(C=C2)Cl,292.050237,6,3.251,0,3,1,55.76,
CHEMBL198266,CCOC1=CC2=C(C=C1)N(C(=C2OC3=CC=CC(=C3)C(F)(F)F)C(=O)O)C4=CC=C(C=C4)C(C)(C)C,497.181393,6,7.836,0,4,1,60.69,
CHEMBL2031860,CC(C)=CCC/C(C)=C/Cc1c(O)cc(/C=C/c2ccc(F)cc2)cc1O,366.199508,7,6.6425,0,2,2,40.46,
CID_44515005,CC(=CCCC(=CCC1=C(C=C(C=C1O)C=CC2=CC=C(C=C2)F)O)C)C,366.199508,7,6.6425,0,2,2,40.46,
CHEMBL465183,CCCCC/C=C\C/C=C\C/C=C\CCCCCCC(=O)O,306.25588,15,6.4407,0,1,1,37.3,
CID_5280581,CCCCCC=CCC=CCC=CCCCCCCC(=O)O,306.25588,15,6.4407,0,1,1,37.3,
CHEMBL265421,CC1=C(C=CC(=C1)SCC2=CC(=NS2)C3=CC=C(C=C3)C(F)(F)F)OCC(=O)O,439.05237,7,5.89302,0,5,1,59.42,
CHEMBL2153838,CCCCCCC(C(=O)NS(=O)(=O)C)SC1=NC2=C(S1)C=CC(=C2)Cl,420.040283,9,4.4566,0,6,1,76.13,
CHEMBL602469,CC1=C(N(C2=C1C=C(C=C2)C(=O)NCC3=CC=CC=C3)CC4=CC=C(C=C4)C5=CC=CC=C5C(=O)O)C,488.209993,7,6.60164,0,3,2,71.33,
CHEMBL4514313,CC1=CC(=CC=C1)NC2=CC(=NC(=N2)SCC(=O)O)Cl,309.033875,5,3.35872,0,5,2,75.11,
CID_75201659,CCCCCCCC(=O)C=CCCCCCC(=O)O,268.203845,13,4.5073,0,2,1,54.37,
CHEMBL247659,CCc1oc(-c2ccccc2)nc1CCOc1ccc2c(c1)CC[C@H]2CC(=O)O,391.178358,8,5.03,0,4,1,72.56,
CID_44442471,CCC1=C(N=C(O1)C2=CC=CC=C2)CCOC3=CC4=C(C=C3)C(CC4)CC(=O)O,391.178358,8,5.03,0,4,1,72.56,
CHEMBL3094432,CCCCC(C(=O)O)SC1=NC(=CC(=N1)Cl)NC2=NC(=CS2)C3=CC=C(C=C3)Cl,468.024823,9,6.386,0,7,2,88.0,
CID_44432855,CC1=C(C=CC(=C1)OCC=CC(C#CC2=CC=CC=C2)C3=CC4=CC=CC=C4N=C3)OCC(=O)O,463.178358,8,5.77712,0,4,1,68.65,
CHEMBL234908,Cc1cc(OC/C=C\C(C#Cc2ccccc2)c2cnc3ccccc3c2)ccc1OCC(=O)O,463.178358,8,5.77712,0,4,1,68.65,
CHEMBL1808556,C1=CC=C(C=C1)C(C(=O)NS(=O)(=O)C2=CC=CC=C2)SC3=NC4=C(S3)C=CC(=C4)Cl,473.993333,6,5.2882,0,6,1,76.13,
CHEMBL425254,CCCC1=C(C=CC2=C1C=CC(=C2)C(=O)C3=CC=CC=C3)OCCCN4C=CC5=C4C=C(C=C5)OC(C)(C)C(=O)O,549.251523,12,7.6891,0,5,1,77.76,
CHEMBL4214449,CC(C)(C(=O)O)OC1=CC=C(C=C1)C(=O)C2=CC3=CC=CC=C3OC2=O,352.094688,5,3.266,0,5,1,93.81,
CHEMBL2204683,CC(C)(C(=O)O)OC1=CC=C(C=C1)CCCOC2=NC3=CC=CC=C3S2,371.119129,8,4.5499,0,5,1,68.65,
CHEMBL5555531,CC1=C(C=CC(=C1)OC(C)(C)C(=O)O)CN2CCN(CC2)C3=CC=C(C=C3)C(F)(F)F,436.197377,6,4.57802,0,4,1,53.01,
CHEMBL424957,CC[C@]1(C(=O)O)CCc2ccc(OCCCOc3ccc(F)cc3Cl)cc2O1,408.11398,8,4.8854,0,4,1,64.99,
CID_44388167,CCC1(CCC2=C(O1)C=C(C=C2)OCCCOC3=C(C=C(C=C3)F)Cl)C(=O)O,408.11398,8,4.8854,0,4,1,64.99,
CHEMBL2375950,O=C(O)[C@H](CCOc1ccccc1)Oc1ccc(Cl)cc1,306.065887,7,3.6411,0,3,1,55.76,
CID_73347301,C1=CC=C(C=C1)OCCC(C(=O)O)OC2=CC=C(C=C2)Cl,306.065887,7,3.6411,0,3,1,55.76,
CHEMBL2375946,O=C(O)[C@H](CCc1ccccc1)Oc1ccc(Cl)cc1,290.070972,6,3.8048,0,2,1,46.53,
CID_73351898,C1=CC=C(C=C1)CCC(C(=O)O)OC2=CC=C(C=C2)Cl,290.070972,6,3.8048,0,2,1,46.53,
CHEMBL4460143,CC(C)C1=NN(C2=C1C(=CC(=N2)C3CC3)C(=O)O)C4=CC(=CC=C4)Cl,355.108754,4,4.7729,0,4,1,68.01,
CHEMBL4858856,CCCOc1ccc2c(c1)O/C(=C\c1cc(C)c(OCC(=O)O)c(C)c1)C2=O,382.141638,7,4.17184,0,5,1,82.06,
CID_147834368,CCCOC1=CC2=C(C=C1)C(=O)C(=CC3=CC(=C(C(=C3)C)OCC(=O)O)C)O2,382.141638,7,4.17184,0,5,1,82.06,
CHEMBL247508,C1=CC=C2C(=C1)N=C(S2)N(CCOC3=CC=C(C=C3)CCC(=O)O)CC4=CC=C(C=C4)C(F)(F)F,500.138148,10,6.4179,0,5,1,62.66,
CHEMBL1082137,CC1=C(C=CC(=C1)OCC2=NC(=C(S2)C3=CC=C(C=C3)C4=CC=CC=C4)C5=CC=C(C=C5)OC)OCC(=O)O,537.160994,10,7.50352,0,6,1,77.88,
CHEMBL1080355,CCCC1=CC=C(C=C1)C2=C(N=C(S2)COC3=CC(=C(C=C3)OCC(=O)O)C)C4=CC=C(C=C4)OC,503.176644,11,6.78902,0,6,1,77.88,
CHEMBL489171,CCCC1=CC=C(C=C1)C2=CCN(CC2)CCOC3=CC=C(C=C3)CC(C(=O)O)OCC,437.256609,12,4.8394,0,4,1,59.0,
CHEMBL3781901,CC1=CC(=C(C=C1)C)OCCCC(C)(C)C(=O)NS(=O)(=O)C2=CC=CC=C2,389.166079,8,3.99374,0,4,1,72.47,
CHEMBL1081949,CC1=C(C=CC(=C1)OCC2=NC(=C(S2)C3=CC=C(C=C3)Cl)C)OCC(=O)O,403.064507,7,5.12274,0,5,1,68.65,
CHEMBL1956368,C1=CC(=CC(=C1)F)CC(C(=O)O)OC2=C(C=C(C=C2)Cl)F,312.036478,5,3.6929,0,2,1,46.53,
CHEMBL167378,CCOC(CC1=CC=C(C=C1)OCCN=C2C3=CC=CC=C3SC4=CC=CC=C4N2)C(=O)O,462.161328,9,5.1211,0,5,2,80.15,
CHEMBL212993,CCCC1=C(C(=NC=C1OCCCOC2=CC=C(C=C2)OCC(=O)OC)C(=O)C)O,417.178752,12,3.342,0,8,1,104.18,
CHEMBL1075835,CC1=C(C=CC(=C1)OCC2=NC(=C(S2)C3=CC=C(C=C3)OC(F)(F)F)C4=CN=C(C=C4)N5CCOCC5)OCC(=O)O,601.149441,10,5.95812,0,9,1,103.24,
CHEMBL218643,CCCNS(=O)(=O)NC1C2CC3CC(C2)CC1C3,272.155849,5,1.6451,0,2,2,58.2,
CHEMBL1080168,CC1=C(C=CC(=C1)OCC(=O)O)OCC2=NC(=C(S2)C3=CC=C(C=C3)C(F)(F)F)C4=CC=C(C=C4)OC,529.117078,9,6.85532,0,6,1,77.88,
CHEMBL220388,COc1ccncc1-c1ccc(OCCCOc2ccc3c(c2)CC[C@H]3CC(=O)O)cc1,433.188923,10,5.1096,0,5,1,77.88,
CID_16110440,COC1=C(C=NC=C1)C2=CC=C(C=C2)OCCCOC3=CC4=C(C=C3)C(CC4)CC(=O)O,433.188923,10,5.1096,0,5,1,77.88,
CID_57967162,CC1CN(CCN1C2=NC3=C(S2)C=C(C=C3)C(F)(F)F)CC4=CC(=CC(=C4)CC(=O)O)C,463.154133,5,4.96132,0,5,1,56.67,
CHEMBL486205,C1=CC=C(C=C1)CC(C(=O)O)OC2=C(C=C(C=C2)Cl)Br,353.965834,5,4.1772,0,2,1,46.53,
CHEMBL1956367,C1=CC=C(C(=C1)CC(C(=O)O)OC2=CC=C(C=C2)Cl)F,294.0459,5,3.5538,0,2,1,46.53,
CHEMBL482659,CCC#CCOC1=C(C=CC(=C1)COC2=C(C=C(C=C2)Cl)C)SC3=C4CCCCC4=C(C=C3)OCC(=O)O,550.158073,10,7.51302,0,5,1,64.99,
CHEMBL50143,CCCC1=C(C=CC(=C1)C2C(=O)NC(=O)S2)OCCCOC3=C(C=C(C=C3)OC4=CC=CC=C4)CCC,519.207944,13,7.2559,0,6,1,73.86,
CHEMBL428255,CC1=C(C=CC(=C1)SCC2=CSN=C2C3=CC=C(C=C3)C(F)(F)F)OCC(=O)O,439.05237,7,5.89302,0,5,1,59.42,
CHEMBL419768,CCCC1=C(C=CC(=C1)C2CCC(=O)CC2)OCCCOC3=CC=CC(=C3)C4C(=O)NC(=O)O4,465.215138,10,5.0212,0,6,1,90.93,
CHEMBL229831,CCCCCCOC1=C(C=C(C=C1)CC(CC)C(=O)O)CNC(=O)C2=CC=C(C=C2)C(F)(F)F,479.228343,13,6.2478,0,3,2,75.63,
CHEMBL3094410,CCCCCCC(C(=O)O)SC1=NC(=CC(=N1)Cl)NC2=NC3=C(S2)CCC4=C3C=CC(=C4)OC,518.12131,11,6.62,0,8,2,97.23,
CHEMBL3397559,O=C(O)C(Cc1ccccc1)Oc1ccc(/C=N/OCCCc2ccccc2)cc1,403.178358,11,4.7446,0,4,1,68.12,
CID_118726811,C1=CC=C(C=C1)CCCON=CC2=CC=C(C=C2)OC(CC3=CC=CC=C3)C(=O)O,403.178358,11,4.7446,0,4,1,68.12,
CHEMBL4465679,C[C@@H](Oc1ccc(CNc2cccc(C(=O)O)c2)cc1)c1ccc(F)cc1,365.142722,7,5.276,0,3,2,58.56,
CID_139501082,CC(C1=CC=C(C=C1)F)OC2=CC=C(C=C2)CNC3=CC=CC(=C3)C(=O)O,365.142722,7,5.276,0,3,2,58.56,
CID_147877302,CC1=CC(=CC(=C1OC(C)(C)C(=O)O)C)C=C2C(=O)C3=C(O2)C=C(C=C3)OCC4CC4,422.172939,7,4.95044,0,5,1,82.06,
CHEMBL475916,CCOC(CC1=CC=C(C=C1)OCCN2CCC(=CC2)C3=CC(=CC=C3)Cl)C(=O)O,429.170686,10,4.5403,0,4,1,59.0,
CHEMBL376418,O=C(O)C[C@@H]1CCc2cc(OCCCOc3ccc(-c4ccoc4)cc3)ccc21,392.162374,9,5.299,0,4,1,68.9,
CID_16110437,C1CC2=C(C1CC(=O)O)C=CC(=C2)OCCCOC3=CC=C(C=C3)C4=COC=C4,392.162374,9,5.299,0,4,1,68.9,
CHEMBL220836,CCCc1cc(Oc2ccccc2)ccc1OCCCOc1ccc2c(c1)CC[C@H]2CC(=O)O,460.224974,12,6.7838,0,4,1,64.99,
CID_10004438,CCCC1=C(C=CC(=C1)OC2=CC=CC=C2)OCCCOC3=CC4=C(C=C3)C(CC4)CC(=O)O,460.224974,12,6.7838,0,4,1,64.99,
CID_102380188,CCCCCC=CCC=CCCCCCCCC(=O)OC1C=C2C3CCC(C3(CCC2C4(C1(CC(CC4)O)O)C)C)C(C)C=CC(C)C(C)C,692.574361,19,11.8608,0,4,2,66.76,
CHEMBL489507,CC1=C(N=C(O1)C2=CC=CC=C2)CCOC3=CC=C(C=C3)C4=NN(N=C4CC(=O)O)C5=CC=CC=C5,480.179755,9,5.14632,0,7,1,103.27,
CHEMBL1089632,Cc1oc(-c2ccccc2)nc1CCOc1ccc(C[C@@H](C(=O)O)N2CCN(S(=O)(=O)c3ccccc3[N+](=O)[O-])CC2)cc1,620.194085,12,4.18192,0,9,1,156.32,
CID_11635845,CC1=C(N=C(O1)C2=CC=CC=C2)CCOC3=CC=C(C=C3)CC(C(=O)O)N4CCN(CC4)S(=O)(=O)C5=CC=CC=C5[N+](=O)[O-],620.194085,12,4.18192,0,9,1,156.32,
CHEMBL489765,CCO[C@@H](Cc1cccc(/C(C)=N/OCc2ccccc2)c1)C(=O)O,341.162708,9,3.6596,0,4,1,68.12,
CID_25114869,CCOC(CC1=CC(=CC=C1)C(=NOCC2=CC=CC=C2)C)C(=O)O,341.162708,9,3.6596,0,4,1,68.12,
CHEMBL1778834,CC(C)C1=C(N=C(O1)C2=CC=CC=C2C(F)(F)F)CCC3=NOC4=C3C=CC(=C4)OC(C)(C)C(=O)O,502.171557,8,6.6522,0,6,1,98.59,
CHEMBL254989,CC1=C(N=C(O1)C2=CC=CC=C2)CCOC3=CC=C(C=C3)CN(CC(=O)O)C(=O)OC4=CC=C(C=C4)O,502.174001,10,5.06272,0,7,2,122.33,
CHEMBL597349,C1=CC(=CC=C1C(=O)NCCCS(=O)(=O)C2=NC=C(C=C2)C(F)(F)F)OC(F)(F)F,456.057847,7,3.5928,0,5,1,85.36,
CHEMBL575111,CC(C)(C(=O)O)SC1=NC2=C(S1)C=CC(=C2)C#N,278.01837,3,3.12328,0,5,1,73.98,
CHEMBL4073181,CC1=CC(=CC=C1)S(=O)(=O)N2C3=C(C=C(C=C3)Cl)C=C2CCCC(=O)O,391.064507,6,4.24742,0,4,1,76.37,
CHEMBL270836,Cc1oc(-c2ccccc2)nc1Cc1cccc([C@H]2CO[C@@](C)(C(=O)O)OC2)c1,393.157623,5,4.17202,0,5,1,81.79,
CID_21866832,CC1=C(N=C(O1)C2=CC=CC=C2)CC3=CC(=CC=C3)C4COC(OC4)(C)C(=O)O,393.157623,5,4.17202,0,5,1,81.79,
CHEMBL52426,CCCC1=C(C=CC(=C1)OC2=CC=C(C=C2)Cl)OCCCOC3=CC=C(C=C3)C4C(=O)NC(=O)S4,511.122022,11,6.9568,0,6,1,73.86,
CHEMBL1643201,Cc1cc(CN2Cc3ccccc3C[C@@H]2C(=O)Nc2ccc(Cl)cc2Cl)ccc1OCC(=O)O,498.111313,7,5.33082,0,4,2,78.87,
CHEMBL1643200,Cc1cc(CN2Cc3ccccc3C[C@H]2C(=O)Nc2ccc(Cl)cc2Cl)ccc1OCC(=O)O,498.111313,7,5.33082,0,4,2,78.87,
CID_50942697,CC1=C(C=CC(=C1)CN2CC3=CC=CC=C3CC2C(=O)NC4=C(C=C(C=C4)Cl)Cl)OCC(=O)O,498.111313,7,5.33082,0,4,2,78.87,
CHEMBL19641,CC(C)(CCCOC1=CC=C(C=C1)C(=O)C2=CC=CC=C2)C(=O)O,326.151809,8,4.1874,0,3,1,63.6,
CHEMBL3955741,COC(=O)C(CC1=CC=CC=C1)OC(=O)CC2=CC=C(C=C2)SCC3=CC=CC=C3C(=O)O,464.129359,10,4.5471,0,6,1,89.9,
CHEMBL4739905,Cc1ccc(-c2ncc(C)n2Cc2ccccc2OCCC[C@@H](C)CC(=O)O)cc1,406.225643,10,5.48504,0,4,1,64.35,
CID_126752349,CC1=CC=C(C=C1)C2=NC=C(N2CC3=CC=CC=C3OCCCC(C)CC(=O)O)C,406.225643,10,5.48504,0,4,1,64.35,
CHEMBL4641643,CC(C)(C(=O)NCC1=CC=CC=C1)OC2=CC=C(C=C2)CCOC3=CC=C(C=C3)NC(=O)C4=CC=CC=C4,508.236208,11,6.0342,0,4,2,76.66,
CHEMBL491237,O=C(O)c1ccc(COc2ccc3ccccc3c2/C=N/c2ccc(N3CCOCC3)cc2)cc1,466.189257,7,5.7042,0,5,1,71.36,
CID_1285388,C1COCCN1C2=CC=C(C=C2)N=CC3=C(C=CC4=CC=CC=C43)OCC5=CC=C(C=C5)C(=O)O,466.189257,7,5.7042,0,5,1,71.36,
CID_164615786,CC1=CC(=CC(=C1OC(C)(C)C(=O)O)C)COC2=CC3=C(C=C2)C(=O)C(=CC4=CC=CC=C4C(F)(F)F)O3,526.160323,7,6.75944,0,5,1,82.06,
CHEMBL4251393,O=C(O)[C@H](Cc1ccc(-c2ccc(O[C@@H](Cc3ccccc3)C(=O)O)cc2)cc1)Oc1ccc(-c2ccccc2)cc1,558.204239,12,7.17,0,4,2,93.06,
CHEMBL4247103,O=C(O)[C@H](Cc1ccc(-c2ccc(O[C@H](Cc3ccccc3)C(=O)O)cc2)cc1)Oc1ccc(-c2ccccc2)cc1,558.204239,12,7.17,0,4,2,93.06,
CHEMBL4242324,O=C(O)[C@H](Cc1ccccc1)Oc1ccc(-c2ccc(C[C@@H](Oc3ccc(-c4ccccc4)cc3)C(=O)O)cc2)cc1,558.204239,12,7.17,0,4,2,93.06,
CID_145984248,C1=CC=C(C=C1)CC(C(=O)O)OC2=CC=C(C=C2)C3=CC=C(C=C3)CC(C(=O)O)OC4=CC=C(C=C4)C5=CC=CC=C5,558.204239,12,7.17,0,4,2,93.06,
CHEMBL454691,CC1=C(C(=CC=C1)NC2=CC(=NC(=N2)SC(C)C(=O)O)Cl)C,337.065175,5,4.05564,0,5,2,75.11,
CHEMBL4757935,CC1=NC=C(C=C1)OC2=CC3=C(C=C2)N=C(N3C)COC4=CC=CC(=C4)C(=O)O,389.137556,6,4.34622,0,6,1,86.47,
CHEMBL1080366,COC1=CC=C(C=C1)C2=C(SC(=N2)COC3=CC=C(C=C3)OCC(=O)O)C4=CC=C(C=C4)C(F)(F)F,515.101428,9,6.5469,0,6,1,77.88,
CHEMBL495905,CC1=CC(=C(C=C1)NC(=O)C2=CC(=CC=C2)S(=O)(=O)N3C=CC4=C3C=CC=C4Br)C(=O)O,512.004155,5,4.89972,0,5,2,105.47,
CHEMBL373591,CCCc1c(OCCCOc2ccc3c(c2)CC[C@H]3CC(=O)O)ccc2c1ccn2C,421.225308,10,5.4832,0,4,1,60.69,
CID_24776391,CCCC1=C(C=CC2=C1C=CN2C)OCCCOC3=CC4=C(C=C3)C(CC4)CC(=O)O,421.225308,10,5.4832,0,4,1,60.69,
CHEMBL4440299,CCC1=CC(=C2C(=NN(C2=N1)C3=CC=C(C=C3)F)C(CC)CC)C(=O)O,355.169605,6,4.7238,0,4,1,68.01,
CHEMBL4167731,CC1=CC(=CN=C1OC2=CC3=C(C=C2)N=C(N3C)COC4=CC=CC(=C4)C(=O)O)Cl,423.098584,6,4.99962,0,6,1,86.47,
CHEMBL237485,CC1=C(C=CC(=C1)OC2=CC=CC(=C2)CNC(=O)C3=CC4=C(N3)C=CC(=C4)Br)CCC(=O)O,506.084119,8,5.97832,0,3,3,91.42,
CHEMBL2113106,CCCCCOc1nc2ccccc2cc1C(O)C/C=C\CCCC(=O)OC,385.225308,12,5.1268,0,5,1,68.65,
CID_71458051,CCCCCOC1=NC2=CC=CC=C2C=C1C(CC=CCCCC(=O)OC)O,385.225308,12,5.1268,0,5,1,68.65,
CHEMBL220507,CCOc1ccc(OCCCOc2ccc3c(c2)CC[C@H]3CC(=O)O)cc1,370.178024,10,4.4377,0,4,1,64.99,
CID_16110421,CCOC1=CC=C(C=C1)OCCCOC2=CC3=C(C=C2)C(CC3)CC(=O)O,370.178024,10,4.4377,0,4,1,64.99,
CHEMBL3398432,CCOC(=O)N1C[C@H](CC(=O)O)[C@@H](c2cccc(OCCc3nc(-c4ccccc4)oc3C)c2)C1,478.210387,9,4.91812,0,6,1,102.1,
CHEMBL2037003,CCc1ccc(O[C@H](C)CCOc2ccc(OC(C)(C)C(=O)O)cc2)c(C(=O)c2ccccc2)c1,476.219889,12,5.9584,0,5,1,82.06,
CHEMBL4755428,Cc1cnc(-c2ccc(OC(F)F)cc2)n1Cc1ccccc1OCCC[C@@H](C)CC(=O)O,458.201714,12,5.77802,0,5,1,73.58,
CID_126752347,CC1=CN=C(N1CC2=CC=CC=C2OCCCC(C)CC(=O)O)C3=CC=C(C=C3)OC(F)F,458.201714,12,5.77802,0,5,1,73.58,
CHEMBL393805,Cc1nc(-c2ccc(OCCCOc3ccc4c(c3)CC[C@H]4CC(=O)O)nc2)sc1C,438.161328,9,5.17434,0,6,1,81.54,
CID_9980571,CC1=C(SC(=N1)C2=CN=C(C=C2)OCCCOC3=CC4=C(C=C3)C(CC4)CC(=O)O)C,438.161328,9,5.17434,0,6,1,81.54,
CHEMBL219944,O=C(O)C[C@@H]1CCc2cc(OCCCOc3ccc(-c4cccnc4)cc3)ccc21,403.178358,9,5.101,0,4,1,68.65,
CID_16110439,C1CC2=C(C1CC(=O)O)C=CC(=C2)OCCCOC3=CC=C(C=C3)C4=CN=CC=C4,403.178358,9,5.101,0,4,1,68.65,
CHEMBL1956357,O=C(O)[C@H](Cc1ccccc1)Oc1ccc(F)cc1,260.084872,5,2.9004,0,2,1,46.53,
CID_57390448,C1=CC=C(C=C1)CC(C(=O)O)OC2=CC=C(C=C2)F,260.084872,5,2.9004,0,2,1,46.53,
CHEMBL4176512,CC1=CC=C(C=C1)OC2=CC3=C(C=C2)N=C(N3C)COC4=CC=CC(=C4)C(=O)O,388.142307,6,4.95122,0,5,1,73.58,
CHEMBL3393182,CSC1=CC=C(C=C1)C(=O)NC2=CC=CC=C2C(=O)NC3=CC=CC(=C3)CC(=O)O,420.114378,7,4.5402,0,4,3,95.5,
CHEMBL1933836,CCCCCS(=O)(=O)NC(=O)CCC1=CC(=NN1CC2=C(C=C(C=C2)Cl)Cl)C3=CC=CC=C3,507.115018,11,5.474,0,5,1,81.06,
CHEMBL201632,CCC(C(=O)O)C1CCc2cc(OCCNC(=O)c3ccccc3)ccc21,367.178358,8,3.636,0,3,2,75.63,
CHEMBL219872,C=CCc1c(OCCCOc2ccc3c(c2)CC[C@H]3CC(=O)O)ccc2[nH]ccc12,405.194008,10,5.2488,0,3,2,71.55,
CID_24776392,C=CCC1=C(C=CC2=C1C=CN2)OCCCOC3=CC4=C(C=C3)C(CC4)CC(=O)O,405.194008,10,5.2488,0,3,2,71.55,
CHEMBL4245601,CC1=C(C=CC(=C1)SC(CC2=C(C=CC=C2Cl)F)C3=CC=C(C=C3)C4=CC=CC=C4)OCC(=O)O,506.111872,9,7.99402,0,3,1,46.53,
CHEMBL233978,C1=CC(=CC=C1C2=CC(=NO2)COC3=CC4=C(C=C3)C(=CS4)CC(=O)O)Cl,399.033207,6,5.4158,0,5,1,72.56,
CHEMBL4566817,CC1=CC(=CC(=C1OC(C)(C)C(=O)O)C)CC2=C(ON=C2)C3=CC=C(C=C3)Br,443.07322,6,5.55374,0,4,1,72.56,
CID_76312720,CC1=C(N=C(S1)N2CCN(CC2)C)CCOC3=CC=C(C=C3)CC(C4=CC=CC=C4C(=O)C5=CC=CC=C5)(C(=O)O)O,585.229742,11,4.57072,0,8,2,103.2,
CHEMBL2282518,Cc1sc(N2CCN(C)CC2)nc1CCOc1ccc(C[C@@](O)(C(=O)O)c2ccccc2C(=O)c2ccccc2)cc1,585.229742,11,4.57072,0,8,2,103.2,
CHEMBL198034,CCCCCOC1=C(C=CC=N1)C(CCCCCCC(=O)[O-])O.[Na+],345.191603,13,-0.2215,0,5,1,82.48,
CHEMBL561284,CCCCC(C(=O)O)SC1=CC=C(C=C1)OCCCOC2=CC=CC=C2C(C)C,416.202131,13,6.3934,0,4,1,55.76,
CHEMBL3764102,CCC(CC1=CC=C(C=C1)C(=O)NCC2=CC=C(C=C2)C(F)(F)F)C(=O)O,379.139528,7,4.2887,0,2,2,66.4,
CHEMBL4245943,CC1=C(C=CC(=C1)SC(CC2=CC=CC=C2)C3=CC=C(C=C3)C4=CC(=CC=C4)C(F)(F)F)OCC(=O)O,522.14765,9,8.22032,0,3,1,46.53,
CHEMBL378881,CC1=C(C(=NO1)C2=C(C=C(C=C2)CC(=O)O)Cl)C(=O)NCCOC3=CC=CC=C3[N+](=O)[O-],459.083328,9,3.64752,0,7,2,144.8,
CHEMBL146806,Cc1sc(N(C)C)nc1CCOc1ccc(C[C@H](Nc2ccccc2C(=O)c2ccccc2)C(=O)O)cc1,529.203527,12,5.47782,0,7,2,91.76,
CID_10792302,CC1=C(N=C(S1)N(C)C)CCOC2=CC=C(C=C2)CC(C(=O)O)NC3=CC=CC=C3C(=O)C4=CC=CC=C4,529.203527,12,5.47782,0,7,2,91.76,
CID_10297760,COC1=C(C=CC(=C1)CC(C(=O)O)OC)OCCCOC2=CC=C(C=C2)OC3=CC=CC=C3,452.183503,13,4.9775,0,6,1,83.45,
CHEMBL180504,COc1cc(C[C@H](OC)C(=O)O)ccc1OCCCOc1ccc(Oc2ccccc2)cc1,452.183503,13,4.9775,0,6,1,83.45,
CHEMBL397858,CCOc1ccc(-c2nc(CCOc3ccc4c(c3)CC[C@H]4CC(=O)O)c(C)s2)cc1,437.166079,9,5.64322,0,5,1,68.65,
CID_44442458,CCOC1=CC=C(C=C1)C2=NC(=C(S2)C)CCOC3=CC4=C(C=C3)C(CC4)CC(=O)O,437.166079,9,5.64322,0,5,1,68.65,
CHEMBL1956370,C1=CC=C(C=C1)C(C(=O)O)OC2=C(C=C(C=C2)Cl)F,280.03025,4,3.6838,0,2,1,46.53,
CHEMBL501982,CCC#CCOC1=C(C=CC(=C1)COC2=NC=C(C=C2)C(F)(F)F)SC3=C4CCCCC4=C(C=C3)OCC(=O)O,571.164029,10,6.965,0,6,1,77.88,
CHEMBL232397,C1CC2=C(C=CC(=C2C1)SCC3=CC=C(C=C3)OCC4=CC=C(C=C4)C(F)(F)F)OCC(=O)O,488.126915,9,6.5288,0,4,1,55.76,
CHEMBL1778832,CC(C)(C)C1=C(N=C(O1)C2=CC=CC=C2Cl)CCC3=NOC4=C3C=CC(=C4)OC(C)(C)C(=O)O,482.16085,7,6.4609,0,6,1,98.59,
CHEMBL4438226,CC(C)(Oc1ccc(OCCc2ccc(/N=N/c3ccc(C(F)(F)F)cc3)cc2)cc1)C(=O)O,472.160992,9,6.9843,0,5,1,80.48,
CID_155512868,CC(C)(C(=O)O)OC1=CC=C(C=C1)OCCC2=CC=C(C=C2)N=NC3=CC=C(C=C3)C(F)(F)F,472.160992,9,6.9843,0,5,1,80.48,
CHEMBL248119,C1=CC=C(C=C1)OCCCN(CC2=CC(=CC=C2)OCC(=O)O)C3=NC4=CC=CC=C4O3,432.168522,11,4.7669,0,6,1,85.03,
CHEMBL1081073,O=C1NC(=S)S/C1=C\c1ccc(OCCCN2CCCCC2)cc1,362.11227,6,3.4302,0,5,1,41.57,
CID_46880447,C1CCN(CC1)CCCOC2=CC=C(C=C2)C=C3C(=O)NC(=S)S3,362.11227,6,3.4302,0,5,1,41.57,
CHEMBL117918,CCCC1=C(C=CC(=C1)C2CCOCC2)OCCCOC3=CC=CC(=C3)C4C(=O)NC(=O)O4,453.215138,10,4.6885,0,6,1,83.09,
CHEMBL3397552,CCCO/N=C/c1ccc(O[C@@H](Cc2ccccc2)C(=O)O)cc1,327.147058,9,3.5218,0,4,1,68.12,
CID_118726801,CCCON=CC1=CC=C(C=C1)OC(CC2=CC=CC=C2)C(=O)O,327.147058,9,3.5218,0,4,1,68.12,
CHEMBL3397551,CCCO/N=C/c1ccc(OC(Cc2ccccc2)C(=O)O)cc1,327.147058,9,3.5218,0,4,1,68.12,
CID_118726813,C1=CC=C(C=C1)CC(C(=O)O)OC2=CC=C(C=C2)C(=NO)C3=CC=CC=C3,361.131408,7,3.9879,0,4,2,79.12,
CHEMBL3397561,O=C(O)C(Cc1ccccc1)Oc1ccc(/C(=N/O)c2ccccc2)cc1,361.131408,7,3.9879,0,4,2,79.12,
CHEMBL4167767,CC1=C(C=C(C=C1)OC2=NC3=C(C=C2)N=C(N3C)COC4=CC=CC(=C4)C(=O)O)C,403.153206,6,4.65464,0,6,1,86.47,
CHEMBL1079382,COC1=CC=C(C=C1)C2=C(SC(=N2)CSC3=C(C=C(C=C3)CC(=O)O)Cl)C4=CC=C(C=C4)C(F)(F)F,549.044698,8,8.0773,0,5,1,59.42,
CHEMBL486364,C1=CC=C(C(=C1)CC(C(=O)O)OC2=CC=C(C=C2)Cl)Br,353.965834,5,4.1772,0,2,1,46.53,
CHEMBL485942,CS(=O)(=O)Oc1ccc(CCCCC[C@H]2CO[C@@](C)(C(=O)O)OC2)cc1,386.139924,9,2.5917,0,6,1,99.13,
CID_25110688,CC1(OCC(CO1)CCCCCC2=CC=C(C=C2)OS(=O)(=O)C)C(=O)O,386.139924,9,2.5917,0,6,1,99.13,
CHEMBL4555785,CCC1=CC(=C2C(=NN(C2=N1)C3=CC=C(C=C3)Br)C(C)C)C(=O)O,387.058239,4,4.567,0,4,1,68.01,
CHEMBL39129,CC1=C(SC(=N1)C2=CC=C(C=C2)C(F)(F)F)COC3=CC=C(C=C3)CC(=O)O,407.080299,6,5.34342,0,4,1,59.42,
CHEMBL452054,Cc1c(Oc2ccc(Cl)cc2)c2cccnc2n1Cc1cc(O[C@@H](C)C(=O)O)ccc1Cl,470.080012,7,6.34402,0,5,1,73.58,
CID_25165638,CC1=C(C2=C(N1CC3=C(C=CC(=C3)OC(C)C(=O)O)Cl)N=CC=C2)OC4=CC=C(C=C4)Cl,470.080012,7,6.34402,0,5,1,73.58,
CHEMBL606425,CCC(C1=CC=CC=C1)NC(=O)C2=CC3=C(C=C2)C=C(N3CC4=CC=C(C=C4)C5=CC=CC=C5C(=O)O)C,502.225643,8,7.24432,0,3,2,71.33,
CHEMBL4159869,CCOC(=O)C(Cc1ccc(OCCn2c(=O)sc3cc(/C=C/c4cc(O)cc(O)c4)ccc32)cc1)OCC(F)(F)F,603.153858,12,5.7767,0,9,2,107.22,
CID_145957135,CCOC(=O)C(CC1=CC=C(C=C1)OCCN2C3=C(C=C(C=C3)C=CC4=CC(=CC(=C4)O)O)SC2=O)OCC(F)(F)F,603.153858,12,5.7767,0,9,2,107.22,
CHEMBL443243,CCCC1=C(C=CC(=C1)C(=O)C2=CC=C(C=C2)C3=CC=CC=C3)OCCCN4CCCC5=C4C=CC(=C5)OC(C)(C)C(=O)O,591.298473,13,8.0008,0,5,1,76.07,
CHEMBL1933826,CC(C)OC1=NN(C(=C1)CCC(=O)NS(=O)(=O)C2CCCCC2)CC3=C(C=C(C=C3)Cl)Cl,501.125583,9,4.7367,0,6,1,90.29,
CHEMBL478726,CC1=C(N=C(O1)C2=CC=CC=C2)CC#CC3=CC=C(C=C3)CC(C4=CN=CC=C4)C(=O)O,422.163043,6,5.05012,0,4,1,76.22,
CHEMBL460026,CC/C=C\C/C=C\C/C=C\C/C=C\C/C=C\CCCC(=O)O,302.22458,13,5.9927,0,1,1,37.3,
CID_446284,CCC=CCC=CCC=CCC=CCC=CCCCC(=O)O,302.22458,13,5.9927,0,1,1,37.3,
CHEMBL501155,CCCC1=C(C=CC(=C1)C(=O)C2=CC=C(C=C2)C3=CC=CC=C3)OCCCN4C=CC5=C4C=CC(=C5)OC(C)(C)C(=O)O,575.267173,13,8.2029,0,5,1,77.76,
CHEMBL4160935,CN1C2=C(C=CC(=C2)OC3=CC(=CC(=C3)F)F)N=C1COC4=CC=CC(=C4)C(=O)O,410.107813,6,4.921,0,5,1,73.58,
CHEMBL1760401,CCCCN(C1=CC=CC(=C1C)C2=CC=C(C=C2)Cl)S(=O)(=O)C3=C(C(=C(C=C3)OC(C)C(=O)O)F)Cl,553.089278,10,6.95522,0,4,1,83.91,
CHEMBL4295200,C1=CC(=CC(=C1)Cl)OCCCOC2=CC(=C(C=C2)OCC(=O)O)F,354.06703,9,3.7904,0,4,1,64.99,
CHEMBL4749785,CC1=NC=CC(=C1)OC2=CC3=C(C=C2)N=C(N3C)COC4=CC=CC(=C4)C(=O)O,389.137556,6,4.34622,0,6,1,86.47,
CHEMBL1644614,CC1=CC2=C(C=C1OCC(=O)O)ON=C2CCC3=C(OC(=N3)C4=C(C=C(C=C4)Cl)Cl)C(C)C,488.090577,8,6.47002,0,6,1,98.59,
CID_44432857,CC1=C(C=CC(=C1)SCC=CC#CC2=CC=CC=C2)OCC(=O)O,338.097665,6,4.15842,0,3,1,46.53,
CHEMBL234910,Cc1cc(SC/C=C/C#Cc2ccccc2)ccc1OCC(=O)O,338.097665,6,4.15842,0,3,1,46.53,
CHEMBL199823,CC1=C(N=C(O1)C2=CC=CC=C2)CCOC3=CC4=C(C=C3)C(CC4)C(C)(C)C(=O)O,405.194008,7,5.41212,0,4,1,72.56,
CID_44431883,CCCCNC(=S)OC(CCC1=CC=C(C=C1)CC(C(=O)O)OCC)C2=CC=CC=C2,443.21303,13,5.0839,0,4,2,67.79,
CHEMBL234858,CCCCNC(=S)OC(CCc1ccc(C[C@H](OCC)C(=O)O)cc1)c1ccccc1,443.21303,13,5.0839,0,4,2,67.79,
CHEMBL598608,C1=CC(=CC=C1C(=O)NCCS(=O)(=O)C2=NC=C(C=C2)C(F)(F)F)Cl,392.020926,5,2.9575,0,4,1,76.13,
CHEMBL496136,C1CN(CC2=C1C(=CC=C2)C(=O)O)S(=O)(=O)C3=CC=CC(=C3)C(=O)NC4=C(C=C(C=C4)Cl)C(=O)O,514.06015,6,3.7357,0,5,3,141.08,
CHEMBL2153833,CCOC1=CC2=C(C=C1)N=C(S2)SC(C)C(=O)NS(=O)(=O)C,360.02722,6,2.2514,0,7,1,85.36,
CID_10793522,CC1=C(N(C(=N1)C2=CC=CC=C2)COC)CCOC3=CC=C(C=C3)CC(C(=O)O)NC4=CC=CC=C4C(=O)C5=CC=CC=C5,589.257671,14,6.42272,0,7,2,102.68,
CHEMBL149647,COCn1c(-c2ccccc2)nc(C)c1CCOc1ccc(C[C@H](Nc2ccccc2C(=O)c2ccccc2)C(=O)O)cc1,589.257671,14,6.42272,0,7,2,102.68,
CHEMBL4240338,COC1=CC=C(C=C1)COC2=CC(=C(C=C2)CNC3=CC=CC(=C3)C(=O)O)OCC4=CC=C(C=C4)OC,499.199488,12,6.1721,0,6,2,86.25,
CHEMBL2031957,CC(C)=CCC/C(C)=C/Cc1c(O)cc(/C=C/c2ccsc2)cc1O,354.165351,7,6.5649,0,3,2,40.46,
CID_70696377,CC(=CCCC(=CCC1=C(C=C(C=C1O)C=CC2=CSC=C2)O)C)C,354.165351,7,6.5649,0,3,2,40.46,
CHEMBL298187,CCCC1=C(C=CC(=C1)OC2=CC=CC=C2)OCCCOC3=C(C=C(C=C3)C4C(=O)NC(=O)S4)Cl,511.122022,11,6.9568,0,6,1,73.86,
CHEMBL372639,CC(C)C1=CC(=CC=C1)OC2=C(N(C3=C2C=CC(=C3)Cl)C4=CC=C(C=C4)C(C)(C)C)C(=O)O,461.175771,5,8.1953,0,3,1,51.46,
CHEMBL4587533,CC1=CC(=CC(=C1OC(C)(C)C(=O)O)C)C2=NOC(=C2)C3=CC=C(C=C3)Br,429.05757,5,5.62994,0,4,1,72.56,
CHEMBL374502,C1=CC=C(C=C1)C2=C(C(=NO2)COC3=C(C=C(C=C3)CC(=O)O)Cl)C(=O)NCCOC4=C(C=C(C=C4)Cl)Cl,574.046519,11,6.3167,0,6,2,110.89,
CHEMBL1081764,CC1=C(C=CC(=C1)OCC2=NC(=C(S2)C3=CC=C(C=C3)SC(F)(F)F)C4=CC=C(C=C4)OC)OCC(=O)O,561.089149,10,7.44842,0,7,1,77.88,
CHEMBL486892,CCC#CCOC1=C(C=CC(=C1)COC2=CC=CC=C2C(F)(F)F)SC3=C4CCCCC4=C(C=C3)OCC(=O)O,570.16878,10,7.57,0,5,1,64.99,
CHEMBL473961,CC1=C(N=C(O1)C2=CC=CC=C2)CCOC3=CC=CC(=C3)CC4=CN(C=C4C(=O)O)C,416.173607,8,4.89902,0,5,1,77.49,
CHEMBL331557,CC(C)(CC1=CC(=C(C=C1)OC)C(=O)NCC2=CC=C(C=C2)C(F)(F)F)C(=O)O,409.150093,7,4.2973,0,3,2,75.63,
CHEMBL3892207,CCC1=C(C=CC(=C1)OCCC2=C(OC(=N2)C3=CC=C(C=C3)C(C)(C)C)C)CCC(=O)O,435.240959,9,6.14862,0,4,1,72.56,
CID_164623829,CC1=CC(=CC(=C1OC(C)(C)C(=O)O)C)COC2=CC3=C(C=C2)C(=O)C(=CC4=CC=C(C=C4)C(C)C)O3,500.219889,8,6.86404,0,5,1,82.06,
CID_90896292,CCCCCCCCOC1=CC=C(C=C1)C(=O)NC(C(C)C)C(=O)O,349.225308,12,4.2649,0,3,2,75.63,
CHEMBL4538761,CC1=CC(=C2C(=NN(C2=N1)C3=CC=C(C=C3)Br)C(C)C)C(=O)O,373.042589,3,4.31302,0,4,1,68.01,
CHEMBL1934316,CC1=C(SC(=N1)C2=CC=C(C=C2)Cl)CC(=O)NC3CCCN(C3)C4=CC=CC(=C4)C(=O)O,469.12269,6,4.79782,0,5,2,82.53,
CHEMBL1808551,CCCC(C(=O)NS(=O)(=O)C1=CC=CC=C1)SC2=NC3=C(S2)C=C(C=C3)OCC,450.07417,9,4.4609,0,7,1,85.36,
CHEMBL510180,COc1ccc(C(=O)c2c(C)n(Cc3cccc(O[C@@H](C)C(=O)O)c3)c3nc(C)ccc23)cc1,458.184172,8,4.79294,0,6,1,90.65,
CID_25165560,CC1=NC2=C(C=C1)C(=C(N2CC3=CC(=CC=C3)OC(C)C(=O)O)C)C(=O)C4=CC=C(C=C4)OC,458.184172,8,4.79294,0,6,1,90.65,
CHEMBL1778838,CC(C)C1=C(N=C(O1)C2=C(C=CC=C2Cl)Cl)CCC3=NOC4=C3C=CC(=C4)OC(C)(C)C(=O)O,502.106227,8,6.9402,0,6,1,98.59,
CHEMBL1080013,COC1=CC=C(C=C1)C2=C(SC(=N2)COC3=CC(=C(C=C3)CCC(=O)O)C(F)(F)F)C4=CC=C(C=C4)C(F)(F)F,581.109548,9,8.1195,0,5,1,68.65,
CHEMBL4174671,CC1=C(C=CC(=C1)OC2=CC3=C(C=C2)N=C(N3C)COC4=CC=CC(=C4)C(=O)O)F.Cl,442.109563,6,5.51212,0,5,1,73.58,
CHEMBL1760406,CCCCCN(C1=CC=CC(=C1C)C2=CC=C(C=C2)Cl)S(=O)(=O)C3=C(C(=C(C=C3)OC(C)C(=O)O)C)C,543.184622,11,7.16966,0,4,1,83.91,
CHEMBL3398454,Cc1oc(-c2ccccc2)nc1CCOc1ccc(C[C@@H]2CN(c3nc(C(F)(F)F)co3)C[C@@H]2C(=O)O)cc1,541.182456,9,5.65802,0,7,1,101.83,
CID_58977463,CC1=C(N=C(O1)C2=CC=CC=C2)CCOC3=CC=C(C=C3)CC4CN(CC4C(=O)O)C5=NC(=CO5)C(F)(F)F,541.182456,9,5.65802,0,7,1,101.83,
CHEMBL197971,CCC(C(=O)O)C1CCc2cc(OCCc3nc(-c4ccc(OC)c(OC)c4)oc3C)ccc21,465.215138,10,5.42932,0,6,1,91.02,
CHEMBL601678,CCCC1=NC2=C(N1CC3=CC=C(C=C3)C4=CC=CC=C4C(=O)O)C=C(C=C2)C(=O)NC(CC)C5=CC=CC=C5,531.252192,10,7.2834,0,4,2,84.22,
CHEMBL483035,CCO[C@@H](Cc1cccc(C2=NOC(c3ccc(OS(C)(=O)=O)cc3)C2)c1)C(=O)O,433.119523,9,2.9229,0,7,1,111.49,
CID_25116484,CCOC(CC1=CC(=CC=C1)C2=NOC(C2)C3=CC=C(C=C3)OS(=O)(=O)C)C(=O)O,433.119523,9,2.9229,0,7,1,111.49,
CHEMBL1075705,CC1=C(C=CC(=C1)OCC2=NC(=C(S2)C3=CC=C(C=C3)OC(F)(F)F)C4=CC=C(C=C4)N5CCCCC5)OCC(=O)O,598.174928,10,7.71682,0,7,1,81.12,
CHEMBL232398,C1CC2=C(C=CC(=C2C1)SCC3=CC=C(C=C3)OCC4=C(C=CC(=C4)Cl)Cl)OCC(=O)O,488.061586,9,6.8168,0,4,1,55.76,
CHEMBL482857,CCC#CCOC1=C(C=CC(=C1)COC2=CC=C(C=C2)Cl)SC3=C4CCCCC4=C(C=C3)OCC(=O)O,536.142423,10,7.2046,0,5,1,64.99,
CHEMBL2031953,CC(C)=CCC/C(C)=C/Cc1c(O)cc(/C=C/c2ccc(Cl)cc2)cc1O,382.169958,7,7.1568,0,2,2,40.46,
CID_70690069,CC(=CCCC(=CCC1=C(C=C(C=C1O)C=CC2=CC=C(C=C2)Cl)O)C)C,382.169958,7,7.1568,0,2,2,40.46,
CHEMBL220325,Cc1cccc(-c2ccc(OCCCOc3ccc4c(c3)CC[C@H]4CC(=O)O)cc2)n1,417.194008,9,5.40942,0,4,1,68.65,
CID_16110443,CC1=NC(=CC=C1)C2=CC=C(C=C2)OCCCOC3=CC4=C(C=C3)C(CC4)CC(=O)O,417.194008,9,5.40942,0,4,1,68.65,
CHEMBL299958,CCCC1=C(C=CC(=C1)OC2=CC=CC=C2)OCCCOC3=C(C=C(C=C3)C4C(=O)NC(=O)S4)F,495.151572,11,6.4425,0,6,1,73.86,
CHEMBL1641708,COc1ccc(C(=O)c2cc(C)cn2C/C=C/c2ccc(Cl)cc2C(=O)NS(C)(=O)=O)cc1,486.101621,8,4.09232,0,6,1,94.47,
CID_9806390,CC1=CN(C(=C1)C(=O)C2=CC=C(C=C2)OC)CC=CC3=C(C=C(C=C3)Cl)C(=O)NS(=O)(=O)C,486.101621,8,4.09232,0,6,1,94.47,
CID_54586907,CC1=CC=C(C=C1)C(=O)C2=NC3=C(N2CC=CC4=CC(=CC=C4)OC(C)(C)C(=O)O)CCCC3,458.220557,8,5.25672,0,5,1,81.42,
CHEMBL1760557,Cc1ccc(C(=O)c2nc3c(n2C/C=C/c2cccc(OC(C)(C)C(=O)O)c2)CCCC3)cc1,458.220557,8,5.25672,0,5,1,81.42,
CHEMBL1079982,COC1=CC=C(C=C1)C2=C(SC(=N2)COC3=CC=CC=C3OCC(=O)O)C4=CC=C(C=C4)C(F)(F)F,515.101428,9,6.5469,0,6,1,77.88,
CHEMBL496116,CC1=CC(=C(C=C1)NC(=O)C2=CC(=CC=C2)S(=O)(=O)N3C=CC4=C3C=C(C=C4)OC)C(=O)O,464.104207,6,4.14582,0,6,2,114.7,
CHEMBL489563,CCOC(CC1=CC=C(C=C1)OCCN2CCC(=CC2)C3=CC(=CC=C3)OC)C(=O)O,425.220223,11,3.8955,0,5,1,68.23,
CHEMBL1079826,CCCC1=C(C=CC(=C1)OCC2=NC(=C(S2)C3=CC=C(C=C3)C(F)(F)F)C4=CC=C(C=C4)OC)OCC(=O)O,557.148379,11,7.4994,0,6,1,77.88,
CHEMBL4172668,CN1C2=C(C=CC(=C2)OC3=C(C=C(C=C3)F)F)N=C1COC4=CC=CC(=C4)C(=O)O,410.107813,6,4.921,0,5,1,73.58,
CHEMBL1080026,CC1=C(C=CC(=C1)OCC2=NC(=C(S2)C3=CC=C(C=C3)Cl)C4=CC=C(C=C4)Cl)OCC(=O)O,499.041184,8,7.13472,0,5,1,68.65,
CHEMBL246621,Cc1sc(-c2ccc(-c3ccccc3)cc2)nc1CCOc1ccc2c(c1)CC[C@H]2CC(=O)O,469.171165,8,6.91152,0,4,1,59.42,
CID_44442462,CC1=C(N=C(S1)C2=CC=C(C=C2)C3=CC=CC=C3)CCOC4=CC5=C(C=C4)C(CC5)CC(=O)O,469.171165,8,6.91152,0,4,1,59.42,
CHEMBL118206,O=C(Nc1ccc(Oc2ncccn2)cc1C(=O)[O-])c1ccc(Cl)cc1Cl.[Li+],409.020841,5,0.1955,0,6,1,104.24,
CHEMBL486363,C1=CC=C(C=C1)CC(C(=O)O)OC2=CC(=C(C=C2)Cl)Cl,310.01635,5,4.0681,0,2,1,46.53,
CHEMBL238970,CCc1cc(OCC[C@@H](C)Oc2ccc(C(F)(F)F)cc2-c2ccccn2)ccc1CCC(=O)O,487.197043,11,6.5834,0,4,1,68.65,
CID_11409173,CCC1=C(C=CC(=C1)OCCC(C)OC2=C(C=C(C=C2)C(F)(F)F)C3=CC=CC=N3)CCC(=O)O,487.197043,11,6.5834,0,4,1,68.65,
CHEMBL521289,CCO[C@@H](Cc1cccc(/C(C)=N/OCc2ccc(OC)cc2)c1)C(=O)O,371.173273,10,3.6682,0,5,1,77.35,
CID_25115103,CCOC(CC1=CC(=CC=C1)C(=NOCC2=CC=C(C=C2)OC)C)C(=O)O,371.173273,10,3.6682,0,5,1,77.35,
CHEMBL110725,CCCC1=CC(=CC(=C1OC(C2=CC=CC=C2)C(=O)O)CCC)C(=O)OC,370.178024,9,4.5829,0,4,1,72.83,
CHEMBL3973122,C=CCC(C1=CC=CC=C1)OC(=O)CC2=CC=C(C=C2)SCC3=CC=CC=C3C(=O)O,432.13953,10,6.0802,0,4,1,63.6,
CHEMBL223247,O=C(O)C[C@@H]1CCc2cc(OCCCOc3ccc4cnoc4c3)ccc21,367.141973,8,4.1802,0,5,1,81.79,
CID_24776383,C1CC2=C(C1CC(=O)O)C=CC(=C2)OCCCOC3=CC4=C(C=C3)C=NO4,367.141973,8,4.1802,0,5,1,81.79,
CHEMBL3752940,CC(C)(CCCOc1ccc(/C=C/c2ccsc2)cc1)C(=O)O,330.128966,8,5.1883,0,3,1,46.53,
CID_127037540,CC(C)(CCCOC1=CC=C(C=C1)C=CC2=CSC=C2)C(=O)O,330.128966,8,5.1883,0,3,1,46.53,
CID_156016419,CC(C)(C(=O)NS(=O)(=O)C1=CC=C(C=C1)NC(=O)C2=CC=CC=C2)OC3=CC=C(C=C3)CCOC4=CC=C(C=C4)N=NC5=CC=CC=C5,662.219906,13,7.6383,0,8,2,135.52,
CHEMBL4641671,CC(C)(Oc1ccc(CCOc2ccc(/N=N/c3ccccc3)cc2)cc1)C(=O)NS(=O)(=O)c1ccc(NC(=O)c2ccccc2)cc1,662.219906,13,7.6383,0,8,2,135.52,
CHEMBL4174598,CCOC(=O)C(Cc1ccc(OCCn2c(=O)sc3cc(/C=C/c4cc(OC)cc(OC)c4)ccc32)cc1)OCC,577.213423,14,5.8403,0,9,0,85.22,
CID_145951912,CCOC(CC1=CC=C(C=C1)OCCN2C3=C(C=C(C=C3)C=CC4=CC(=CC(=C4)OC)OC)SC2=O)C(=O)OCC,577.213423,14,5.8403,0,9,0,85.22,
CHEMBL223080,C1=CC(=CC=C1CCC(=O)O)OCC=C(C2=CC=C(C=C2)Br)C3=CC=C(C=C3)Br,513.977919,8,6.7395,0,2,1,46.53,
CHEMBL508163,CCCC1=C(C=CC(=C1)C(=O)C2=CC=C(C=C2)C3=CC=CC=C3)OCCCN4CCCC5=C4C=CC=C5OC(C)(C)C(=O)O,591.298473,13,8.0008,0,5,1,76.07,
CHEMBL234383,C1=CC=C(C(=C1)COC2=CC=C(C=C2)C(F)(F)F)COC3=CC4=C(C=C3)C(=CS4)CC(=O)O,472.095615,8,6.7052,0,4,1,55.76,
CHEMBL247397,Cc1oc(-c2ccc(C#N)cc2)nc1CCOc1ccc2c(c1)CC[C@H]2CC(=O)O,402.157957,7,4.6477,0,5,1,96.35,
CID_10157940,CC1=C(N=C(O1)C2=CC=C(C=C2)C#N)CCOC3=CC4=C(C=C3)C(CC4)CC(=O)O,402.157957,7,4.6477,0,5,1,96.35,
CHEMBL237306,CC1=C(C=CC(=C1)OC)C(=O)NCC2=CC(=CC=C2)OC3=CC(=C(C=C3)OC(C)(C)C(=O)O)C,463.199488,9,5.27634,0,5,2,94.09,
CID_24776384,C1CC2=C(C1CC(=O)O)C=CC(=C2)OCCCOC3=CC4=C(C=C3)C(NO4)(C(F)(F)F)O,453.139922,8,3.6434,0,6,3,97.25,
CHEMBL219610,O=C(O)C[C@@H]1CCc2cc(OCCCOc3ccc4c(c3)ONC4(O)C(F)(F)F)ccc21,453.139922,8,3.6434,0,6,3,97.25,
CHEMBL221292,C1=CC=C(C(=C1)C2=C(C(=NO2)C3=CC=CC(=C3)CC(=O)O)C(=O)NCCOC4=C(C=C(C=C4)Cl)Cl)Cl,544.035955,9,6.4047,0,5,2,101.66,
CHEMBL4176941,CC1=CC(=CN=C1OC2=CC3=C(C=C2)N=C(N3C)COC4=CC=CC(=C4)C(=O)O)F,407.128134,6,4.48532,0,6,1,86.47,
CHEMBL1760425,CCCCN(C1=CC=CC(=C1C)C2=CC=C(C=C2)OC(F)(F)F)S(=O)(=O)C3=C(C(=C(C=C3)OC(C)C(=O)O)C)C,579.190243,11,7.02476,0,5,1,93.14,
CHEMBL3335625,C1OC2=C(O1)C=C(C=C2)C(=O)NC3=CC=CC=C3C(=O)NC4=CC=CC(=C4)C(=O)O,404.100836,5,3.6181,0,5,3,113.96,
CHEMBL210372,CCC(C(=O)O)OC1=C(C=C(C=C1)C2(CCCCC2)C3=CC(=C(C=C3)OC(CC)C(=O)O)C)C,468.251189,10,6.03764,0,4,2,93.06,
CHEMBL4174713,CCOC(Cc1ccc(OCCn2c(=O)sc3cc(C(=O)/C=C/c4cc(OC)cc(OC)c4)ccc32)cc1)C(=O)O,577.177038,14,5.0875,0,9,1,113.29,
CID_145949774,CCOC(CC1=CC=C(C=C1)OCCN2C3=C(C=C(C=C3)C(=O)C=CC4=CC(=CC(=C4)OC)OC)SC2=O)C(=O)O,577.177038,14,5.0875,0,9,1,113.29,
CHEMBL363369,CCCC1=C(C=CC2=C1ON=C2C(F)(F)F)OC(C)(C)C(=O)O,331.103143,5,4.0411,0,4,1,72.56,
CHEMBL108974,CC1=CC(=CC(=C1OC(C2=CC=CC=C2)C(=O)O)C)C(=O)OC,314.115424,5,3.29474,0,4,1,72.83,
CHEMBL5171962,C1CC1C2=C(C(=NO2)C3=C(C=CC=C3Cl)Cl)COC4=NC5=C(C=C4)OC6=C(CC57CC7)C=CC(=C6)C(=O)O,548.090577,6,7.578,0,6,1,94.68,
CHEMBL497204,CCC#CCOC1=C(C=CC(=C1)COC2CCCC2)SC3=C4CCCCC4=C(C=C3)OCC(=O)O,494.212695,10,6.4314,0,5,1,64.99,
CHEMBL202240,C1=CC(=CC=C1C(=O)C2=CC=C(C=C2)F)OCCCOC3=CC4=C(C=C3)N(C=C4)CC(=O)O,447.148201,10,4.9439,0,5,1,77.76,
CHEMBL86657,CCO[C@@H](Cc1ccc(OCCN(c2ccccc2)c2ccccc2)cc1)C(=O)O,405.194008,11,4.9359,0,4,1,59.0,
CID_44321517,CCOC(CC1=CC=C(C=C1)OCCN(C2=CC=CC=C2)C3=CC=CC=C3)C(=O)O,405.194008,11,4.9359,0,4,1,59.0,
CHEMBL4176058,CN1C2=C(C=CC(=C2)OC3=C(C=CC=C3F)F)N=C1COC4=CC=CC(=C4)C(=O)O,410.107813,6,4.921,0,5,1,73.58,
CID_71459496,CC(C)(C(=O)O)OC1=CC=C(C=C1)CCCOC2=CC=C(C=C2)C=CC3=CC=CC=C3,416.198759,10,6.1106,0,3,1,55.76,
CHEMBL2204694,CC(C)(Oc1ccc(CCCOc2ccc(/C=C/c3ccccc3)cc2)cc1)C(=O)O,416.198759,10,6.1106,0,3,1,55.76,
CHEMBL4513352,C1=CC(=CC=C1CNC2=CC(=C(C=C2)F)C(=O)O)OCC3=CC=C(C=C3)F,369.11765,7,4.8541,0,3,2,58.56,
CHEMBL220627,COc1ccc(OCCCOc2ccc3c(c2)CC[C@H]3CC(=O)O)cc1,356.162374,9,4.0476,0,4,1,64.99,
CID_16110420,COC1=CC=C(C=C1)OCCCOC2=CC3=C(C=C2)C(CC3)CC(=O)O,356.162374,9,4.0476,0,4,1,64.99,
CHEMBL598155,CC(C)CC1=CC=C(C=C1)C(=O)NCCS(=O)(=O)C2=NC=C(C=C2)C(F)(F)F,414.122498,7,3.5026,0,4,1,76.13,
CHEMBL1080532,CC1=C(C=CC(=C1)OCC2=NC(=C(S2)C3=CC=C(C=C3)OC)C4=CC=CC=C4)OCC(=O)O,461.129694,9,5.83652,0,6,1,77.88,
CHEMBL106666,COC(=O)c1ccccc1N[C@@H](Cc1ccc(OCCc2nc(-c3ccccc3)oc2C)cc1)C(=O)O,500.194737,11,5.16592,0,7,2,110.89,
CID_9870584,CC1=C(N=C(O1)C2=CC=CC=C2)CCOC3=CC=C(C=C3)CC(C(=O)O)NC4=CC=CC=C4C(=O)OC,500.194737,11,5.16592,0,7,2,110.89,
CHEMBL2037004,CCc1ccc(O[C@H](CC)CCOc2ccc(CCC(=O)O)c(C)c2)c(C(=O)c2ccccc2)c1,474.240624,13,6.43212,0,4,1,72.83,
CHEMBL215127,CCC1=CC(=C(C=C1)OC(CC)CCOC2=CC(=C(C=C2)CCC(=O)O)C)C(=O)C3=CC=CC=C3,474.240624,13,6.43212,0,4,1,72.83,
CHEMBL4164018,CC1=CC(=CC(=C1)F)OC2=CC3=C(C=C2)N=C(N3C)COC4=CC=CC(=C4)C(=O)O,406.132885,6,5.09032,0,5,1,73.58,
CHEMBL561006,CC1=C(C(=CC=C1)OCCCOC2=CC=C(C=C2)CCC(=O)O)C,328.167459,9,4.16854,0,3,1,55.76,
CHEMBL1081391,CC1=C(C=CC(=C1)OCC2=NC(=C(S2)C3=CC=C(C=C3)OC(F)(F)F)C4=CN=CC=C4)OCC(=O)O,516.096677,9,6.12152,0,7,1,90.77,
CHEMBL54097,CCCC1=C(C=CC(=C1)OC2=CC=CC=C2)OCCCOC3=C(C=C(C=C3)C4C(=O)NC(=O)S4)C,491.176644,11,6.61182,0,6,1,73.86,
CHEMBL124079,CC(C)(C(=O)O)OC1=CC=C(C=C1)CCN(C2CCCCCC2)C(=O)NC3=C(C=C(C=C3)F)F,474.233014,8,6.0062,0,3,2,78.87,
CHEMBL489363,CCOC(CC1=CC=C(C=C1)OCCN2CCC(=CC2)C3=CC=C(C=C3)F)C(=O)O,413.200237,10,4.026,0,4,1,59.0,
CHEMBL399517,COc1cccc(-c2nc(CCOc3ccc4c(c3)CC[C@H]4CC(=O)O)c(C)s2)c1,423.150429,8,5.25312,0,5,1,68.65,
CID_44442453,CC1=C(N=C(S1)C2=CC(=CC=C2)OC)CCOC3=CC4=C(C=C3)C(CC4)CC(=O)O,423.150429,8,5.25312,0,5,1,68.65,
CHEMBL385974,CC1=C(N=C(O1)C2=CC=CC=C2)CCOC3=NC=C(C=N3)CC4(CCCO4)C(=O)O,409.163771,8,3.23782,0,7,1,107.57,
CHEMBL503066,CCC#CCOC1=C(C=CC(=C1)CNC2=CC=C(C=C2)C(F)(F)F)SC3=C4CCCCC4=C(C=C3)OCC(=O)O,569.184764,10,7.6031,0,5,2,67.79,
CHEMBL1934469,CC1=C(SC(=N1)C2=CC=C(C=C2)Cl)C(=O)N(C)C3CCCN(C3)C4=CC=CC(=C4)C(=O)O,469.12269,5,5.21112,0,5,1,73.74,
CHEMBL4090691,C1=CC=C(C(=C1)S(=O)(=O)N2C3=C(C=C(C=C3)C(F)(F)F)C=C2CCCC(=O)O)Cl,445.036241,6,4.9578,0,4,1,76.37,
CID_76309038,CC1=C(N=C(S1)C2=CC=CC=C2)CCOC3=CC=C(C=C3)CC(C4=CC=CC=C4C(=O)C5=CC=CC=C5)(C(=O)O)O,563.176644,11,6.48592,0,6,2,96.72,
CHEMBL2282517,Cc1sc(-c2ccccc2)nc1CCOc1ccc(C[C@@](O)(C(=O)O)c2ccccc2C(=O)c2ccccc2)cc1,563.176644,11,6.48592,0,6,2,96.72,
CHEMBL221399,CC1=C(C=CC(=C1)SCC=C(C2=CC=C(C=C2)Br)C3=CC=C(C=C3)Br)OCC(=O)O,545.94999,8,7.20742,0,3,1,46.53,
CHEMBL4167873,CC1=C(C=C(C=C1)F)OC2=CC3=C(C=C2)N=C(N3C)COC4=CC=CC(=C4)C(=O)O,406.132885,6,5.09032,0,5,1,73.58,
CHEMBL1760559,Cc1ccc(C(=O)c2nc3ccccc3n2/C=C/c2cccc(OC(C)(C)C(=O)O)c2)cc1,440.173607,7,5.44562,0,5,1,81.42,
CID_53240432,CC1=CC=C(C=C1)C(=O)C2=NC3=CC=CC=C3N2C=CC4=CC(=CC=C4)OC(C)(C)C(=O)O,440.173607,7,5.44562,0,5,1,81.42,
CHEMBL175310,CCCC1=C(C=CC2=C1ON=C2C(F)(F)F)OCCCOC3=CC4=C(C=C3)C=CN4CC(=O)O,476.155906,10,5.6863,0,6,1,86.72,
CHEMBL1668898,CCN(CC1=C(C=CC(=C1)C2=CN=C(C=C2)OCC)C3=C(C=CC(=C3)CC(=O)[O-])OC)C(=O)C4CC4.[Na+],510.213066,11,0.8778,0,6,0,91.79,
CID_168269231,C1CC1COC2=CC=C(C=C2)C=CC3=CC(=CC(=C3)OCC4CC4)OCC5=CC(=C(C=C5)OCC(=O)O)F,518.210467,14,6.6161,0,5,1,74.22,
CHEMBL366220,CCC(=O)C1=CC(=C(C(=C1)Cl)OC(C2=CC=CC=C2)C(=O)O)Cl,352.026914,6,4.7908,0,3,1,63.6,
CHEMBL1082115,CC1=C(C=CC(=C1)SCC2=NC(=C(S2)C3=CC=C(C=C3)C(F)(F)F)C4=CC=C(C=C4)OC)OCC(=O)O,545.094235,9,7.56862,0,6,1,68.65,
CHEMBL484467,C1CN(CC2=CC=CC=C21)S(=O)(=O)C3=CC=CC(=C3)C(=O)NC4=C(C=CC(=C4)Br)C(=O)O,514.019805,5,4.1466,0,4,2,103.78,
CID_54585936,CC1=CC=C(C=C1)C(=O)C2=NC3=CC=CC=C3N2CC=CC4=CC(=CC=C4)OC(C)(C)C(=O)O,454.189257,8,5.53112,0,5,1,81.42,
CHEMBL1760558,Cc1ccc(C(=O)c2nc3ccccc3n2C/C=C/c2cccc(OC(C)(C)C(=O)O)c2)cc1,454.189257,8,5.53112,0,5,1,81.42,
CHEMBL4284280,C1C(C2=C(O1)C=C(C=C2)OCCCOC3=CC=CC=C3)CC(=O)O,328.131074,8,3.4852,0,4,1,64.99,
CHEMBL2159607,OC[C@H]1O[C@@H](O[C@@H]2C[C@H](CCc3ccc(O)c(O)c3)O[C@H](c3ccc(O)c(O)c3)C2)[C@H](O)[C@@H](O)[C@@H]1O,508.194462,7,0.547,0,11,8,189.53,
CID_71455005,C1C(CC(OC1CCC2=CC(=C(C=C2)O)O)C3=CC(=C(C=C3)O)O)OC4C(C(C(C(O4)CO)O)O)O,508.194462,7,0.547,0,11,8,189.53,
CHEMBL565,CCOC(=O)C(C)(C)OC1=CC=C(C=C1)Cl,242.070972,4,3.0605,0,3,0,35.53,
CHEMBL486176,C1OC2=C(O1)C=C(C=C2)C3=COC4=C(C3=O)C=CC(=C4)O,282.052823,1,2.8943,0,5,1,68.9,
CHEMBL583973,CC(C)(C(=O)O)SC1=NC2=C(S1)C=CC(=C2)Br,330.933633,3,4.0141,0,4,1,50.19,
CHEMBL4291932,O=C(O)C[C@@H]1COc2cc(OCCCOc3cccc(Cl)c3)ccc21,362.092101,8,4.1386,0,4,1,64.99,
CHEMBL4276781,C1C(C2=C(O1)C=C(C=C2)OCCCOC3=CC(=CC=C3)Cl)CC(=O)O,362.092101,8,4.1386,0,4,1,64.99,
CHEMBL207442,CCCC1=C(C=CC2=C1ON=C2C(F)(F)F)OCCCN(C)C3=CC=CC(=C3)CC(=O)O,450.176642,10,5.3315,0,5,1,75.8,
CHEMBL1209173,CN(CC1=CC=C(C=C1)C(=O)O)C2=C(N=C(C=C2)OCC3=C(ON=C3C4=C(C=CC=C4Cl)Cl)C5CC5)C(F)(F)F,591.093946,9,7.8532,0,6,1,88.69,
CHEMBL117578,CCCC1=C(C=CC(=C1)C(=O)C2=CC=C(C=C2)Cl)OCCCOC3=CC=CC(=C3)C4C(=O)NC(=O)S4,523.122022,11,6.3955,0,6,1,81.7,
CHEMBL4644539,CC(C)(C(=O)N)OC1=CC=C(C=C1)CCOC2=CC=C(C=C2)NC(=O)C3=CC=CC=C3,418.189257,9,4.2031,0,4,2,90.65,
CHEMBL5426514,CC1=CC(=CC(=C1OC(C)(C)C(=O)O)C)CN2C(=O)CN(C2=O)C3=CC=CC=C3C(F)(F)F,464.155906,6,4.53304,0,4,1,87.15,
CHEMBL3397560,C/C(=N\O)c1ccc(OC(Cc2ccccc2)C(=O)O)cc1,299.115758,6,2.9595,0,4,2,79.12,
CID_118726812,CC(=NO)C1=CC=C(C=C1)OC(CC2=CC=CC=C2)C(=O)O,299.115758,6,2.9595,0,4,2,79.12,
CHEMBL4522441,CCC1=CC(=C2C(=NN(C2=N1)C3=CC=C(C=C3)Cl)C(CC)CC)C(=O)O,371.140055,6,5.2381,0,4,1,68.01,
CID_56945391,CCCCCCCN(CCC1=CC=C(C=C1)OC(CC2=CC=CC=C2)C(=O)O)C3=NC4=CC=CC=C4O3.C1CCC(CC1)N,599.372307,15,8.1998,0,6,2,101.82,
CHEMBL2206305,CCCCCCCN(CCc1ccc(O[C@H](Cc2ccccc2)C(=O)O)cc1)c1nc2ccccc2o1.NC1CCCCC1,599.372307,15,8.1998,0,6,2,101.82,
CHEMBL234169,CC1=C(SC(=N1)C2=CC=C(C=C2)C(F)(F)F)COC3=CC4=C(C(=C3)Cl)C(=CS4)CC(=O)O,497.013398,6,7.21152,0,5,1,59.42,
CHEMBL1643199,CC1=C(C=CC(=C1)CN2CCC3=CC=CC=C3C2C(=O)NC4=C(C=C(C=C4)Cl)Cl)OCC(=O)O,498.111313,7,5.50332,0,4,2,78.87,
CHEMBL1946753,Cc1ccc2c(-n3c(=O)n(Cc4ccc(Cl)c(O[C@H](C)C(=O)O)c4)c4cc(C(F)(F)F)ccc43)noc2c1,545.096533,6,5.81422,0,7,1,99.49,
CID_56925995,CC1=CC2=C(C=C1)C(=NO2)N3C4=C(C=C(C=C4)C(F)(F)F)N(C3=O)CC5=CC(=C(C=C5)Cl)OC(C)C(=O)O,545.096533,6,5.81422,0,7,1,99.49,
CHEMBL166572,CCOC(CC1=CC=C(C=C1)OCCCN2C3=CC=CC=C3OCOC4=CC=CC=C42)C(=O)O,463.199488,10,5.0547,0,6,1,77.46,
CHEMBL1760427,CCCCN(C1=CC=CC(=C1C)C2=CC=C(C=C2)OC)S(=O)(=O)C3=C(C(=C(C=C3)OC(C)C(=O)O)C)C,525.218509,11,6.13476,0,5,1,93.14,
CHEMBL322086,CC[C@@H](Cc1ccc(OC)c(C(=O)NCc2ccccc2)c1)C(=O)O,341.162708,8,3.2785,0,3,2,75.63,
CHEMBL118198,CCC(CC1=CC(=C(C=C1)OC)C(=O)NCC2=CC=CC=C2)C(=O)O,341.162708,8,3.2785,0,3,2,75.63,
CHEMBL598609,C1=CC=C(C=C1)C2=CC=C(C=C2)C(=O)NCCS(=O)(=O)C3=NC=C(C=C3)C(F)(F)F,434.091198,6,3.9711,0,4,1,76.13,
CHEMBL3781424,CC(=CCC1=C(C(=C(C(=C1OC)CC=C(C)C)O)C(=O)O)CCC2=CC=CC=C2)C,408.23006,9,5.9016,0,3,2,66.76,
CHEMBL482823,CCO[C@@H](Cc1cccc(/C(C)=N/OCc2ccc(OS(C)(=O)=O)cc2)c1)C(=O)O,435.135173,11,2.998,0,7,1,111.49,
CID_25115101,CCOC(CC1=CC(=CC=C1)C(=NOCC2=CC=C(C=C2)OS(=O)(=O)C)C)C(=O)O,435.135173,11,2.998,0,7,1,111.49,
CHEMBL370407,CC1=C(N=C(O1)C2=CC=CC=C2)CCOC3=CC4=C(C=C3)C(CC4)C(C5=CC=CC=C5)C(=O)O,453.194008,8,6.16972,0,4,1,72.56,
CHEMBL2180636,C1=CN(C(=C1)C(=O)O)CC2=CC=C(C=C2)CNC(=O)NC3=CC=C(C=C3)OC(F)(F)F,433.124941,7,4.4549,0,4,3,92.59,
CHEMBL4758029,CN1C2=C(C=CC(=C2)OC3=CC(=NC=C3)OC)N=C1COC4=CC=CC(=C4)C(=O)O,405.132471,7,4.0464,0,7,1,95.7,
CHEMBL2204692,CC(C)(Oc1ccc(COc2ccc(/C=C/c3ccccc3)cc2)cc1)C(=O)O,388.167459,8,5.678,0,3,1,55.76,
CID_71454077,CC(C)(C(=O)O)OC1=CC=C(C=C1)COC2=CC=C(C=C2)C=CC3=CC=CC=C3,388.167459,8,5.678,0,3,1,55.76,
CHEMBL497789,COC1=CC2=C(C=C1)N(C=C2)S(=O)(=O)C3=CC=CC(=C3)C(=O)NC4=C(C=C(C=C4)Cl)C(=O)O,484.049585,6,4.4908,0,6,2,114.7,
CHEMBL591539,C/C(=N\OCCCCO/N=C(/CCC(=O)O)c1ccccc1)c1ccc(S(C)(=O)=O)cc1,460.166808,13,3.8966,0,7,1,114.62,
CID_46229832,CC(=NOCCCCON=C(CCC(=O)O)C1=CC=CC=C1)C2=CC=C(C=C2)S(=O)(=O)C,460.166808,13,3.8966,0,7,1,114.62,
CID_90469425,CCCCCCCCCCCCNC(=O)C1=CC=C(C=C1)NC(=O)C2=CC=CC(=C2)CN3C(COC3=O)CC4=CC=CC=C4,597.356657,18,8.1531,0,4,2,87.74,
CHEMBL3601090,CCCCCCCCCCCCNC(=O)c1ccc(NC(=O)c2cccc(CN3C(=O)OC[C@H]3Cc3ccccc3)c2)cc1,597.356657,18,8.1531,0,4,2,87.74,
CHEMBL473096,CC(C)(C)C1=CC=C(C=C1)C2=CC(=NN2C)C(=O)NCC3=CC(=C(C=C3)OC(C)(C)C(=O)O)OC,479.242021,8,4.5652,0,6,2,102.68,
CHEMBL4762983,CC1=NC(=C(C=C1)OC2=CC3=C(C(=C2)OC(C)C)N=C(N3C)COC4=CC=CC(=C4)C(=O)O)C,461.195071,8,5.44184,0,7,1,95.7,
CHEMBL208203,CC1=C(C=CC(=C1)OCC2=NC(=CC(=N2)C3=CC=C(C=C3)OC(F)(F)F)C4=CC=C(C=C4)OC(F)(F)F)OCC(=O)O,594.122556,10,6.95862,0,7,1,100.0,
CHEMBL1079503,CC1=C(C=CC(=C1)OCC2=NC(=C(S2)C3=CC=C(C=C3)C(F)(F)F)C4=CC=C(C=C4)C(F)(F)F)OCC(=O)O,567.093898,8,7.86552,0,5,1,68.65,
CHEMBL1933844,CCCCCS(=O)(=O)NC(=O)/C=C/c1cc(C(C)C)nn1Cc1ccc(Cl)cc1Cl,471.115018,10,5.011,0,5,1,81.06,
CID_57396783,CCCCCS(=O)(=O)NC(=O)C=CC1=CC(=NN1CC2=C(C=C(C=C2)Cl)Cl)C(C)C,471.115018,10,5.011,0,5,1,81.06,
CHEMBL430894,CCCC1=CC2=C(C(=C1OC(C3=CC=C(C=C3)Cl)C(=O)O)CCC)ON=C2C(F)(F)F,455.11112,8,6.6097,0,4,1,72.56,
CHEMBL3398464,CCOC(=O)N1C[C@@H](Cc2cccc(OCCc3nc(-c4ccccc4)oc3C)c2)[C@@H](CC(=O)O)C1,492.226037,10,4.99322,0,6,1,102.1,
CHEMBL5428009,C[C@H]1CCCCN1c1cc(-c2ccccc2O)nnc1N,284.163711,2,2.8102,0,5,2,75.27,
CID_137029398,CC1CCCCN1C2=CC(=NN=C2N)C3=CC=CC=C3O,284.163711,2,2.8102,0,5,2,75.27,
CHEMBL247398,Cc1oc(-c2cccc(Cl)c2)nc1CCOc1ccc2c(c1)CC[C@H]2CC(=O)O,411.123736,7,5.42942,0,4,1,72.56,
CID_10223369,CC1=C(N=C(O1)C2=CC(=CC=C2)Cl)CCOC3=CC4=C(C=C3)C(CC4)CC(=O)O,411.123736,7,5.42942,0,4,1,72.56,
CHEMBL37013,CC1=C(C=CC(=C1)OCC2=C(N=C(O2)C3=CC=C(C=C3)C(F)(F)F)C)OCC(=O)O,421.113707,7,5.01964,0,5,1,81.79,
CHEMBL198605,COC1=CC=C(C=C1)N2C3=CC=CC=C3C(=C2C(=O)O)OC4=CC=CC(=C4)C(F)(F)F,427.103143,5,6.1484,0,4,1,60.69,
CHEMBL220837,Cc1nc(-c2ccc(OCCCOc3ccc4c(c3)CC[C@H]4CC(=O)O)cc2)sc1C,437.166079,9,5.77934,0,5,1,68.65,
CID_10003213,CC1=C(SC(=N1)C2=CC=C(C=C2)OCCCOC3=CC4=C(C=C3)C(CC4)CC(=O)O)C,437.166079,9,5.77934,0,5,1,68.65,
CHEMBL241471,CCc1ccc(O[C@H](C)CCOc2ccc(CCC(=O)O)c(C)c2)c(-c2ccccn2)c1,433.225308,11,5.87302,0,4,1,68.65,
CID_11178006,CCC1=CC(=C(C=C1)OC(C)CCOC2=CC(=C(C=C2)CCC(=O)O)C)C3=CC=CC=N3,433.225308,11,5.87302,0,4,1,68.65,
CHEMBL207198,C1=CC(=CC=C1C2=CC(=CC(=C2)COC3=CC=C(C=C3)OCC(=O)O)C4=CC=C(C=C4)C(F)(F)F)C(F)(F)F,546.126578,8,8.1006,0,3,1,55.76,
CHEMBL223434,C#CCOC(=O)N1CCc2c(OCCc3nc(-c4ccccc4)oc3C)ccc(CCC(=O)O)c2C1,488.194737,9,4.41662,0,6,1,102.1,
CHEMBL218338,C1=CC=C(C=C1)C2=C(C(=NO2)C3=CC=C(C=C3)CC(=O)O)C(=O)NCCOC4=C(C=C(C=C4)Cl)Cl,510.074927,9,5.7513,0,5,2,101.66,
CHEMBL325723,CCSC(CC1=CC(=C(C=C1)OC)C(=O)NCC2=CC=C(C=C2)C(F)(F)F)C(=O)O,441.122164,9,4.3928,0,4,2,75.63,
CHEMBL426294,CC(C)(C)C1=CC=C(C=C1)N2C3=CC=CC=C3C(=C2C(=O)O)OC4=CC=CC(=C4)O,401.162708,4,6.1241,0,4,2,71.69,
CHEMBL1081003,CC1=C(C=CC(=C1)OCCCCSC2=NC(=C(S2)C3=CC=C(C=C3)OC)C4=CC=C(C=C4)OC)OCC(=O)O,565.15928,14,7.21742,0,8,1,87.11,
CHEMBL4446031,CCCCCCC(C(=O)O)SC1=NC2=C(S1)C=C(C=C2)NCC3=CC(=C(C=C3)Cl)Cl,482.065625,11,7.7309,0,5,2,62.22,
CHEMBL42489,CC1=C(C(=CC=C1)OC2=CC(=NC(=N2)SCC(=O)O)Cl)C,324.033541,5,3.71584,0,5,1,72.31,
CHEMBL3094433,CCC(C(=O)O)SC1=NC(=CC(=N1)Cl)NC2=NC(=CS2)C3=CC=C(C=C3)Cl,439.993523,7,5.6058,0,7,2,88.0,
CHEMBL549351,CCCCC/C=C(\CCCCCCCCCCC(=O)O)[N+](=O)[O-],327.240959,16,5.7129,0,3,1,80.44,
CID_44221100,CCCCCC=C(CCCCCCCCCCC(=O)O)[N+](=O)[O-],327.240959,16,5.7129,0,3,1,80.44,
CHEMBL399417,CC1=C(C=CC(=C1)OC2=CC=CC(=C2)CNC(=O)C3=CC4=C(N3C)C=CC(=C4)Cl)CCC(=O)O,476.150285,8,5.87962,0,4,2,80.56,
CHEMBL1760402,CCCCN(C1=CC=CC(=C1C)C2=CC=C(C=C2)Cl)S(=O)(=O)C3=C(C(=C(C=C3)OC(C)C(=O)O)F)OC,549.138815,11,6.31042,0,5,1,93.14,
CHEMBL200811,CCC(C(=O)O)C1CCc2cc(OCCn3nc(-c4ccccc4)c4ccccc4c3=O)ccc21,468.204907,8,5.2831,0,5,1,81.42,
CHEMBL2203301,CC(C)(C(=O)O)OC1=CC=C(C=C1)CO,210.089209,4,1.4209,0,3,2,66.76,
CHEMBL2282520,COC(=O)c1ccccc1[C@@](O)(Cc1ccc(OCCc2nc(-c3ccccc3)oc2C)cc1)C(=O)O,501.178752,10,4.57302,0,7,2,119.09,
CID_76330830,CC1=C(N=C(O1)C2=CC=CC=C2)CCOC3=CC=C(C=C3)CC(C4=CC=CC=C4C(=O)OC)(C(=O)O)O,501.178752,10,4.57302,0,7,2,119.09,
CHEMBL1825104,CCC(C1=CC=CC=C1)NC(=O)C2=CC3=C(C=C2)N(C(=N3)C)CC4=CC(=C(C=C4)Cl)Cl,451.121818,6,6.58092,0,3,1,46.92,
CHEMBL248260,Cc1oc(-c2ccccc2)nc1CCOc1ccc2c(c1)CC[C@H]2CC(=O)O,377.162708,7,4.77602,0,4,1,72.56,
CHEMBL1079488,CC1=C(C=CC(=C1)OCC2=NC(=CS2)C3=CC=C(C=C3)OC)OCC(=O)O,385.098394,8,4.16952,0,6,1,77.88,
CHEMBL209595,CC1=C(C(=NO1)C2=C(C=C(C=C2)CC(=O)O)Cl)C(=O)NCCOC3=CC=C(C=C3)C(F)(F)F,482.085634,8,4.75812,0,5,2,101.66,
CHEMBL430505,CCCC1=C(C(=CC(=C1)C(=O)OC)C)OC(C2=CC=CC=C2)C(=O)O,342.146724,7,3.93882,0,4,1,72.83,
CID_68194743,CC#CC(CC(=O)O)C1=CC=C(C=C1)OCC2=CC=C(S2)CN3CCC4(CCC5=CC=CC=C54)CC3,499.218115,8,6.3887,0,4,1,49.77,
CHEMBL4787498,CC#C[C@@H](CC(=O)O)c1ccc(OCc2ccc(CN3CCC4(CCc5ccccc54)CC3)s2)cc1,499.218115,8,6.3887,0,4,1,49.77,
CHEMBL358379,Cc1sc(-c2ccccc2)nc1CCOc1ccc(C[C@H](Nc2ccccc2C(=O)c2ccccc2)C(=O)O)cc1,562.192628,12,7.07882,0,6,2,88.52,
CID_10507132,CC1=C(N=C(S1)C2=CC=CC=C2)CCOC3=CC=C(C=C3)CC(C(=O)O)NC4=CC=CC=C4C(=O)C5=CC=CC=C5,562.192628,12,7.07882,0,6,2,88.52,
CHEMBL4095821,CC1=CC2=C(C=C1)N(C(=C2)CCCC(=O)O)S(=O)(=O)C3=CC=CC=C3,357.103479,6,3.59402,0,4,1,76.37,
CHEMBL2153843,CC1=CC(=C(C=C1)C)OCCCC(C)(C)C(=O)NS(=O)(=O)C,327.150429,7,2.56444,0,4,1,72.47,
CHEMBL1956349,C1=CC(=CC(=C1)F)CC(C(=O)O)OC2=CC=C(C=C2)Cl,294.0459,5,3.5538,0,2,1,46.53,
CHEMBL4755323,C/C(=C\COc1ccccc1Cn1c(C)cnc1-c1ccc(OC(F)(F)F)cc1)CCC(=O)O,474.176642,10,5.99532,0,5,1,73.58,
CID_126752344,CC1=CN=C(N1CC2=CC=CC=C2OCC=C(C)CCC(=O)O)C3=CC=C(C=C3)OC(F)(F)F,474.176642,10,5.99532,0,5,1,73.58,
CHEMBL4240461,CC1=C(C=CC(=C1)SC(CC2=C(C=CC=C2F)C(F)(F)F)C3=CC=C(C=C3)C4=CC(=CC=C4)C(F)(F)F)OCC(=O)O,608.125613,9,9.37822,0,3,1,46.53,
CHEMBL1760410,CC1=C(C=CC(=C1C)S(=O)(=O)N(CCCC(F)(F)F)C2=CC=CC(=C2C)C3=CC=C(C=C3)Cl)OC(C)C(=O)O,583.140706,10,7.32196,0,4,1,83.91,
CHEMBL1209109,CC(C)C1=C(C(=NO1)C2=C(C=CC=C2Cl)Cl)COC3=NC(=C(C=C3)N(C)CC4=CC=C(C=C4)C(=O)O)C(F)(F)F,593.109596,9,8.0992,0,6,1,88.69,
CHEMBL1081241,COC1=CC=C(C=C1)C2=C(OC(=N2)CSC3=C(C=C(C=C3)OCC(=O)O)Cl)C4=CC=C(C=C4)OC,511.085636,10,6.4349,0,7,1,91.02,
CHEMBL393005,CCO[C@@H](Cc1ccc(CCC(OC(=O)NCc2ccccc2)c2ccccc2)cc1)C(=O)O,461.220223,12,5.3191,0,4,2,84.86,
CID_44431885,CCOC(CC1=CC=C(C=C1)CCC(C2=CC=CC=C2)OC(=O)NCC3=CC=CC=C3)C(=O)O,461.220223,12,5.3191,0,4,2,84.86,
CHEMBL197637,CC(C)C1=CC(=CC=C1)N2C3=CC=CC=C3C(=C2C(=O)O)OC4=CC=C(C=C4)C(F)(F)F,439.139528,5,7.2632,0,3,1,51.46,
CHEMBL3978096,C1=CC=C(C(=C1)CSC2=CC=CC(=C2)CC(=O)OCCC3=CC=C(C=C3)C(F)(F)F)C(=O)O,474.111265,9,6.0243,0,4,1,63.6,
CHEMBL219836,CCCOC(=O)N1CCC2=C(C=CC(=C2C1)CCC(=O)O)OCCC3=C(OC(=N3)C4=CC=C(C=C4)C5=CC=CC=C5)C,568.257337,11,6.86042,0,6,1,102.1,
CHEMBL94716,CCCC1=C(C=CC(=C1)OC2=CC=C(C=C2)C(C)(C)C)OCCCOC3=CC=CC(=C3)C4C(=O)NC(=O)S4,533.223594,11,7.6009,0,6,1,73.86,
CHEMBL375072,CCCc1cc(-c2nc(CC(=O)O)cs2)ccc1OCCCOc1ccc2c(c1)CC[C@H]2CC(=O)O,509.187209,13,5.7421,0,6,2,105.95,
CID_16110533,CCCC1=C(C=CC(=C1)C2=NC(=CS2)CC(=O)O)OCCCOC3=CC4=C(C=C3)C(CC4)CC(=O)O,509.187209,13,5.7421,0,6,2,105.95,
CHEMBL387261,CCCC1=C(C=CC2=C1C=CC(=C2)C(=O)C3=CC=CC=C3)OCCCN4C=CC5=C4C=C(C=C5)OCC(=O)O,521.220223,12,6.9105,0,5,1,77.76,
CHEMBL112790,C[C@@]1(C(=O)O)CCc2ccc(OCCCOc3ccc(Oc4ccccc4)cc3Cl)cc2O1,468.133966,9,6.1485,0,5,1,74.22,
CHEMBL246201,CC1=C(N=C(O1)C2=CC=CC=C2)CCOC3=CC4=C(C=C3)C(CO4)CC(=O)O,379.141973,7,4.22222,0,5,1,81.79,
CHEMBL514441,CC1=C(N=C(O1)C2=CC(=CC=C2)OC)CCOC3=CC4=C(CC(C(=O)O4)C(=O)OC)C=C3,437.147452,7,3.53082,0,8,0,97.09,
CHEMBL300629,CCCC1=C(C=CC(=C1)OC2=CC=CC=C2)OCCCOC3=CC=C(C=C3)C4C(=O)NC(=O)S4,477.160994,11,6.3034,0,6,1,73.86,
CHEMBL3393178,C1=CC(=CC(=C1)NC(=O)C2=C(C=C(C=C2)Cl)NC(=O)C3=CC=C(C=C3)C(F)(F)F)C(=O)O,462.059419,5,5.5616,0,3,3,95.5,
CHEMBL4560767,CCCCC(C(=O)O)SC1=NC2=C(S1)C=C(C=C2)NC(=O)C3=CC=C(C=C3)C(C)(C)C,456.154135,8,6.5816,0,5,2,79.29,
CHEMBL1933833,CCCCCS(=O)(=O)NC(=O)CCC1=CC(=NN1CC2=C(C=C(C=C2)Cl)Cl)C(C)C,473.130668,11,4.9304,0,5,1,81.06,
CHEMBL4749400,CCOC1=CC(=CC2=C1N=C(N2C)COC3=CC=CC(=C3)C(=O)O)OC4=C(N=C(C=C4)C)C,447.179421,8,5.05334,0,7,1,95.7,
CHEMBL3818976,CCCCCCC(C(=O)O)SC1=NC(=CC(=N1)Cl)NCCCC(=O)NCC2=CC=CC=C2C(F)(F)F,546.167924,15,6.173,0,6,3,104.21,
CHEMBL498172,CC1=CC(=C(C=C1)NC(=O)C2=CC(=CC=C2)S(=O)(=O)N3C=CC4=C3C=CC(=C4)Cl)C(=O)O,468.05467,5,4.79062,0,5,2,105.47,
CHEMBL2204608,CC1=C(N=C(O1)C2=CC=CC=C2)CNC3=CC=C(C=C3)OC(C)(C)C(=O)O,366.157957,7,4.50412,0,5,2,84.59,
CHEMBL3264936,CCN1C(=NN(C1=O)CC2=CC=C(C=C2)C(C)(C)C)CCCC3=CC=C(C=C3)C4=CC=C(C=C4)NS(=O)(=O)C5=CC=C(C=C5)C6=CC=C(C=C6)OC,714.323977,13,8.7292,0,7,1,95.22,
CHEMBL373430,CCOC(CC1=NC=C(C=C1)OCCC2=C(OC(=N2)C3=CC=CC=C3)C)C(=O)O,396.168522,10,3.69872,0,6,1,94.68,
CHEMBL559752,CCCCC(CC1=CC=C(C=C1)OCCCOC2=CC=CC(=C2C)C)C(=O)O,384.23006,12,5.58484,0,3,1,55.76,
CHEMBL2158012,CCCOc1ccc(C[C@@H](CCc2ccccc2)C(=O)O)cc1CNC(=O)c1ccc(C23CC4CC(CC(C4)C2)C3)cc1,579.334859,13,7.7493,0,3,2,75.63,
CHEMBL1777824,CC(C)C1=C(N=C(O1)C2=CC=CC=C2O)CCC3=NOC4=C3C=CC(=C4)OC(C)(C)C(=O)O,450.179087,8,5.339,0,7,2,118.82,
CHEMBL1080873,CC1=C(C=CC(=C1)OCC2=NC(=C(S2)C3=CC=C(C=C3)OC(F)(F)F)C4=CC=C(C=C4)NS(=O)(=O)C)OCC(=O)O,608.089878,11,6.09802,0,8,2,124.05,
CHEMBL525989,C1CCC2=C(C=CC(=C2C1)OCC(=O)O)SC3=C(C=C(C=C3)COC4=CC=C(C=C4)C(F)(F)F)OCC#CCO,572.148044,10,6.1523,0,6,2,85.22,
CHEMBL566082,CC(C(=O)O)SC1=NC2=C(S1)C=CC(=C2)Br,316.917983,3,3.624,0,4,1,50.19,
CHEMBL3263247,C1=CC=C2C=C(C=CC2=C1)C(=O)NC3=CC=CC=C3C(=O)NC4=CC=CC(=C4)C(=O)O,410.126657,5,5.0426,0,3,3,95.5,
CHEMBL597350,C1=CC=NC(=C1)S(=O)(=O)CCNC(=O)C2=CC=C(C=C2)Cl,324.033541,5,1.9387,0,4,1,76.13,
CHEMBL148856,CCCN1C(=NN(C1=O)CC2=CC=C(C=C2)C)CCC3=CC=C(C=C3)OC(C)(C)C(=O)O,437.231456,10,3.83872,0,6,1,86.35,
CHEMBL393940,CC1=CC=CC=C1C(=O)NCC2=CC(=CC=C2)OC3=CC(=C(C=C3)OC(C)(C)C(=O)O)C,433.188923,8,5.26774,0,4,2,84.86,
CHEMBL471191,C1=CC(=CC=C1CC(C(=O)O)OC2=CC=C(C=C2)Cl)Cl,310.01635,5,4.0681,0,2,1,46.53,
CHEMBL4170144,CC1=C(N=C(C=C1)OC2=CC3=C(C=C2)N=C(N3C)COC4=CC=CC(=C4)C(=O)O)C,403.153206,6,4.65464,0,6,1,86.47,
CHEMBL1760419,CCCCN(C1=CC(=C(C=C1C)F)C2=CC=C(C=C2)Cl)S(=O)(=O)C3=C(C(=C(C=C3)OC(C)C(=O)O)C)C,547.15955,10,6.91866,0,4,1,83.91,
CHEMBL197823,CC(C)(C)C1=CC=C(C=C1)N2C(=C(C3=C2N=C(C=C3)Cl)OC4=CC(=CC=C4)S(=O)(=O)C)C(=O)O,498.101621,5,5.8704,0,6,1,98.49,
CHEMBL333778,CCC(CC)(CC1=CC(=C(C=C1)OC)C(=O)NCC2=CC=C(C=C2)C(F)(F)F)C(=O)O,437.181393,9,5.0775,0,3,2,75.63,
CHEMBL1081730,CC1=C(C=CC(=C1)OCC2=NC(=C(S2)C3=CC=C(C=C3)OC(F)(F)F)C4=CC=C(C=C4)C(F)(F)F)OCC(=O)O,583.088813,9,7.74532,0,6,1,77.88,
CHEMBL1760553,Cc1ccc(C(=O)c2nccn2C/C=C/c2cccc(OCC(=O)O)c2)cc1,376.142307,8,3.59932,0,5,1,81.42,
CID_54584979,CC1=CC=C(C=C1)C(=O)C2=NC=CN2CC=CC3=CC(=CC=C3)OCC(=O)O,376.142307,8,3.59932,0,5,1,81.42,
CHEMBL435704,CCCC1=C(C=CC2=C1ON=C2C3=CC=CC=C3)OCCCOC4=CC=C(C=C4)CCC(=O)O,459.204573,12,6.3124,0,5,1,81.79,
CHEMBL220421,CCc1ccc(OCCCOc2ccc3c(c2)CC[C@H]3CC(=O)O)cc1,354.183109,9,4.6014,0,3,1,55.76,
CID_16110511,CCC1=CC=C(C=C1)OCCCOC2=CC3=C(C=C2)C(CC3)CC(=O)O,354.183109,9,4.6014,0,3,1,55.76,
CHEMBL598371,C1=CC(=C(C=C1Br)F)C(=O)NCCS(=O)(=O)C2=NC=C(C=C2)C(F)(F)F,453.960988,5,3.2057,0,4,1,76.13,
CHEMBL496743,CC1=CC(=C(C=C1)NC(=O)C2=CC(=CC=C2)S(=O)(=O)N3C=CC4=C3C=CC(=C4C)OC)C(=O)O,478.119857,6,4.45424,0,6,2,114.7,
CHEMBL1813199,CCCCOC1=C(C=CC(=C1)N2C(=O)C3=CC=CC=C3C2=O)CCC4=CC=C(C=C4)CC(CC)C(=O)O,499.235873,12,6.1046,0,4,1,83.91,
CHEMBL2113104,CCCCCOc1ccccc1C(O)C/C=C\CCCC(=O)OC,334.214409,12,4.5786,0,4,1,55.76,
CID_11660029,CCCCCOC1=CC=CC=C1C(CC=CCCCC(=O)OC)O,334.214409,12,4.5786,0,4,1,55.76,
CHEMBL601861,CCC(C(=O)Nc1ccc2c(c1)c(C)c(C)n2Cc1ccc(-c2ccccc2C(=O)O)cc1)c1ccccc1,516.241293,8,7.80394,0,3,2,71.33,
CHEMBL1076151,CC1=C(C=CC(=C1)OCC2=NC(=C(S2)C3=CC(=C(C=C3)C4=CC=CC=C4)C(F)(F)F)C5=CC=C(C=C5)OC)OCC(=O)O,605.148379,10,8.52232,0,6,1,77.88,
CHEMBL4163066,CN1C2=C(C=CC(=C2)OC3=CC4=C(CCO4)C=C3)N=C1COC5=CC=CC(=C5)C(=O)O,416.137222,6,4.5777,0,6,1,82.81,
CHEMBL231696,COc1ccc(C#CC(/C=C\CSc2ccc(OCC(=O)O)c(C)c2)c2ccc(-c3ccccc3)cc2)cc1,534.18648,10,7.61782,0,4,1,55.76,
CID_44432835,CC1=C(C=CC(=C1)SCC=CC(C#CC2=CC=C(C=C2)OC)C3=CC=C(C=C3)C4=CC=CC=C4)OCC(=O)O,534.18648,10,7.61782,0,4,1,55.76,
CHEMBL218384,CC1=CC=CC=C1C2=C(C(=NO2)C3=CC=CC(=C3)CC(=O)O)C(=O)NCCOC4=C(C=C(C=C4)Cl)Cl,524.090577,9,6.05972,0,5,2,101.66,
CHEMBL288341,CC1=C(SC(=N1)C2=CC=C(C=C2)C(F)(F)F)COC3=CC=C(C=C3)CCC(=O)O,421.095949,7,5.73352,0,4,1,59.42,
CHEMBL221490,CC1=C(N=C(O1)C2=CC=CC=C2)CCOC3=NC=C(N=C3)CC4(CCCO4)C(=O)O,409.163771,8,3.23782,0,7,1,107.57,
CHEMBL556073,CC1=C(C2=C(N1C(=O)C3=CC=C(C=C3)Cl)C=CC(=C2)OC(F)(F)F)CC4=CC(=CC=C4)OCC(=O)O,517.090385,7,6.24442,0,5,1,77.76,
CHEMBL373554,COc1cccc(OCCCOc2ccc3c(c2)CC[C@H]3CC(=O)O)c1,356.162374,9,4.0476,0,4,1,64.99,
CID_16110515,COC1=CC(=CC=C1)OCCCOC2=CC3=C(C=C2)C(CC3)CC(=O)O,356.162374,9,4.0476,0,4,1,64.99,
CHEMBL514173,CC1=C(N=C(O1)C2=CC=CC=C2)CCOC3=CC=CC(=C3)CC4=C(N=NN4C5=CC=CC=C5)C(=O)O,480.179755,9,5.14122,0,7,1,103.27,
CHEMBL359053,CCCCCCN1C(=NN(C1=O)CC2=CC(=CC=C2)OC)CCC3=CC=C(C=C3)OC(C)(C)C(=O)O,495.273321,14,4.7092,0,7,1,95.58,
CHEMBL593320,Cc1oc(-c2ccccc2)nc1CCCc1ccc(C[C@H](C(=O)O)n2nccn2)cc1,416.184841,9,4.28522,0,6,1,94.04,
CHEMBL107991,CCCC1=C(C=CC(=C1)OC2=CC=C(C=C2)OC)OCCCOC3=CC4=C(CCC(O4)(CC)C(=O)O)C=C3,520.246103,13,6.8463,0,6,1,83.45,
CHEMBL4458208,C1CC2=C(C=CC(=C2C1)Cl)NC3=CC(=NC(=N3)SCC(=O)O)Cl,369.010553,5,4.1924,0,5,2,75.11,
CHEMBL255593,CCC(CC1=CC(=C(C=C1)OC)CNC(=O)C2=CC=CC=C2)C(=O)O,341.162708,8,3.2785,0,3,2,75.63,
CHEMBL425945,CC1=CC=C(C=C1)C2=CC(=CC(=C2)COC3=CC(=C(C=C3)OCC(=O)O)C)C4=CC=C(C=C4)C(F)(F)F,506.170494,8,7.69864,0,3,1,55.76,
CHEMBL2022406,CCOC(=O)C(C)(C)OC1=CC=C(C=C1)NC(=O)C2=NN(C(=C2C)C3=CC=C(C=C3)Cl)C4=C(C=C(C=C4)Cl)Cl,585.098889,8,7.78072,0,6,1,82.45,
CHEMBL1933829,CCCCCS(=O)(=O)NC(=O)CCC1=CC(=NN1CC2=C(C=C(C=C2)Cl)Cl)OCCCC,503.141233,14,4.9859,0,6,1,90.29,
CHEMBL514696,CN(CCCc1ccc(C[C@@H](C(=O)O)n2cccc2)cc1)c1ccccc1,362.199428,9,4.4255,0,3,1,45.47,
CID_44263425,CN(CCCC1=CC=C(C=C1)CC(C(=O)O)N2C=CC=C2)C3=CC=CC=C3,362.199428,9,4.4255,0,3,1,45.47,
CHEMBL52633,CCCC1=C(C=CC(=C1)OC2=CC=C(C=C2)S(=O)(=O)C)OCCCOC3=CC=C(C=C3)C4C(=O)NC(=O)S4,555.138544,12,5.7069,0,8,1,108.0,
CHEMBL4176938,CC1=CC(=NC=C1)OC2=CC3=C(C=C2)N=C(N3C)COC4=CC=CC(=C4)C(=O)O,389.137556,6,4.34622,0,6,1,86.47,
CHEMBL325172,O=C(O)c1cccc(-c2ccc(NC(=O)c3ccc(Cl)cc3Cl)c(C(=O)[O-])c2)c1.[Li+],435.025257,5,0.9784,0,4,2,106.53,
CHEMBL263466,CC1=C(N=C(O1)C2=CC=CC=C2)CCOC3=NC=C(C=C3)CC4(CCCCC4)C(=O)O,420.204907,8,5.24412,0,5,1,85.45,
CHEMBL194411,CCOC(CC1=CC=C(C=C1)OCCN(C)C2=NC3=CC=CC=C3SC4=CC=CC=C42)C(=O)O,476.176978,9,5.2725,0,6,1,71.36,
CHEMBL482827,CCO[C@@H](Cc1cccc(C2=NOC(c3ccc(I)cc3)C2)c1)C(=O)O,465.043706,7,4.1891,0,4,1,68.12,
CID_25116250,CCOC(CC1=CC(=CC=C1)C2=NOC(C2)C3=CC=C(C=C3)I)C(=O)O,465.043706,7,4.1891,0,4,1,68.12,
CHEMBL1081207,COC1=CC=C(C=C1)C2=C(SC(=N2)COC3=CC4=C(C=C3)OC(C4)C(=O)O)C5=CC=C(C=C5)C(F)(F)F,527.101428,7,6.4716,0,6,1,77.88,
CHEMBL1082131,CC1=C(C=CC(=C1)SCC2=NC(=C(S2)C3=CC=C(C=C3)OC)C4=CC=C(C=C4)OC)OCC(=O)O,507.117415,10,6.55842,0,7,1,77.88,
CHEMBL387588,CCO/N=C(\C)C(Cc1ccc(OCc2nc(C(C)C)oc2C)cc1)C(=O)O,388.199822,10,4.34112,0,6,1,94.15,
CID_11383668,CCON=C(C)C(CC1=CC=C(C=C1)OCC2=C(OC(=N2)C(C)C)C)C(=O)O,388.199822,10,4.34112,0,6,1,94.15,
CHEMBL219723,Cc1coc2cc(OCCCOc3ccc4c(c3)CC[C@H]4CC(=O)O)ccc12,380.162374,8,5.09362,0,4,1,68.9,
CID_24776386,CC1=COC2=C1C=CC(=C2)OCCCOC3=CC4=C(C=C3)C(CC4)CC(=O)O,380.162374,8,5.09362,0,4,1,68.9,
CHEMBL225936,C1=CC=C(C=C1)CC2=CN=C3C(=C2C4=CC(=CC=C4)NCC5=CC=C(C=C5)CC(=O)O)C=CC=C3Cl,492.160456,8,7.3852,0,3,2,62.22,
CHEMBL120676,CCC(CC1=CC(=C(C=C1)OC)C(=O)NCC2=CC=C(C=C2)OC)C(=O)O,371.173273,9,3.2871,0,4,2,84.86,
CHEMBL603538,CC1=NOC(=C1)C(CC2=CC=C(C=C2)CCCC3=C(OC(=N3)C4=CC=CC=C4)C)C(=O)O,430.189257,9,5.53264,0,5,1,89.36,
CHEMBL2035061,CC1=C(C=CC(=C1)SC(CC2=C(C=CC(=C2)F)F)C3=C(N=C(S3)C4=CC=C(C=C4)C(F)(F)F)C)OCC(=O)O,579.096127,9,8.26344,0,5,1,59.42,
CHEMBL501439,CC#CCOC1=C(C=CC(=C1)COC2=CC=C(C=C2)C(F)(F)F)SC3=C4CCCCC4=C(C=C3)OCC(=O)O,556.15313,10,7.1799,0,5,1,64.99,
CID_101893614,CCCCCC=CCC=CCCCCCCCC(=O)OC1C2C3(O2)CC(CCC3(C4C1=C5CCC(C5(CC4)C)C(C)C=CC(C)C(C)C)C)O,690.558711,19,12.0213,0,4,1,59.06,
CHEMBL280293,CCCC1=C(C=CC(=C1)C2=CC=CC=C2)OCCCOC3=CC=CC(=C3)C4C(=O)NC(=O)O4,445.188923,10,5.4615,0,5,1,73.86,
CHEMBL2037082,CCCc1cc(-c2ccccc2)ccc1OCCCOc1cccc([C@@H]2OC(=O)NC2=O)c1,445.188923,10,5.4615,0,5,1,73.86,
CID_164612389,CC1=CC(=CC(=C1OC(C)(C)C(=O)O)C)COC2=CC3=C(C=C2)C(=O)C(=CC4=CC=C(C=C4)OC(F)(F)F)O3,542.155238,8,6.63924,0,6,1,91.29,
CHEMBL4160620,CN1C2=C(C=CC(=C2)OC3=CC(=CC(=C3)Cl)F)N=C1COC4=CC=CC(=C4)C(=O)O,426.078263,6,5.4353,0,5,1,73.58,
CHEMBL208202,CC1=C(C=CC(=C1)OCC2=CC(=CC(=C2)C3=CC=C(C=C3)C(F)(F)F)C4=CC=C(C=C4)C5=CC=CC=C5)OCC(=O)O,568.186144,9,9.05722,0,3,1,55.76,
CHEMBL519857,CCO[C@@H](Cc1cccc(C2=NOC(c3ccc(OC)cc3)C2)c1)C(=O)O,369.157623,8,3.5931,0,5,1,77.35,
CID_25116487,CCOC(CC1=CC(=CC=C1)C2=NOC(C2)C3=CC=C(C=C3)OC)C(=O)O,369.157623,8,3.5931,0,5,1,77.35,
CHEMBL6173808,CC1=CC(=CC(=C1OC(C)(C)C(=O)O)C)CN2CCN(C2=O)C3=CC=CC=C3C(F)(F)F,450.176642,6,5.00644,0,3,1,70.08,
CHEMBL1947146,COc1ccc2c(-n3c(=O)n(Cc4cc(O[C@H](C)C(=O)O)ccc4Cl)c4ccccc43)noc2c1,493.104063,7,4.4956,0,8,1,108.72,
CID_56926276,CC(C(=O)O)OC1=CC(=C(C=C1)Cl)CN2C3=CC=CC=C3N(C2=O)C4=NOC5=C4C=CC(=C5)OC,493.104063,7,4.4956,0,8,1,108.72,
CHEMBL4159590,CCOC(=O)C(Cc1ccc(OCCn2c(=O)sc3cc(C(=O)/C=C/c4cc(O)cc(O)c4)ccc32)cc1)OCC,577.177038,13,4.96,0,10,2,124.29,
CID_145957371,CCOC(CC1=CC=C(C=C1)OCCN2C3=C(C=C(C=C3)C(=O)C=CC4=CC(=CC(=C4)O)O)SC2=O)C(=O)OCC,577.177038,13,4.96,0,10,2,124.29,
CHEMBL604959,C1=CC(=CC=C1C(=O)NCCS(=O)(=O)C2=NC=C(C=C2)C(F)(F)F)OC(F)(F)F,442.042197,6,3.2027,0,5,1,85.36,
CHEMBL1778835,CC(C)C1=C(N=C(O1)C2=CC=C(C=C2)C(C)(C)C)CCC3=NOC4=C3C=CC(=C4)OC(C)(C)C(=O)O,490.246772,8,6.9309,0,6,1,98.59,
CHEMBL4167706,CN1C2=C(C=CC(=C2)OC3=C(C=CC=N3)Cl)N=C1COC4=CC=CC(=C4)C(=O)O,409.082934,6,4.6912,0,6,1,86.47,
CHEMBL3905699,CCC1=CC(=NC=C1CCC(=O)O)OCCC2=C(OC(=N2)C3=CC=C(C=C3)[N+](=O)[O-])C,425.158685,10,4.15432,0,7,1,128.59,
CHEMBL1778837,CC(C)C1=C(N=C(O1)C2=C(C=C(C=C2)Cl)Cl)CCC3=NOC4=C3C=CC(=C4)OC(C)(C)C(=O)O,502.106227,8,6.9402,0,6,1,98.59,
CHEMBL3765679,CCC(CC1=CC=C(C=C1)C(=O)NCC2=CC=C(C=C2)OC3=CC=CC=C3)C(=O)OCC,431.209658,10,5.5407,0,4,1,64.63,
CHEMBL3947738,CC1=C(C(=CC=C1)C)COC(=O)CC2=CC(=CC=C2)SCC3=CC=CC=C3C(=O)O,420.13953,8,5.57984,0,4,1,63.6,
CHEMBL374234,O=C(O)C[C@@H]1CCc2cc(OCCCOc3ccccc3)ccc21,326.151809,8,4.039,0,3,1,55.76,
CID_16110418,C1CC2=C(C1CC(=O)O)C=CC(=C2)OCCCOC3=CC=CC=C3,326.151809,8,4.039,0,3,1,55.76,
CHEMBL4239431,CC1=C(C=CC(=C1)SC(CC2=C(C=CC=C2Cl)Cl)C3=CC=C(C=C3)C4=CC(=C(C(=C4)F)F)F)OCC(=O)O,576.054056,9,8.92562,0,3,1,46.53,
CID_172445868,COC1=CC2=C(C=C1)N(C=C2CCC(=O)O)S(=O)(=O)C3=CC4=C(C=C3)OCC4,401.093308,6,2.839,0,6,1,94.83,
CID_58977630,CC1=C(N=C(O1)C2=CC=CC=C2)CCOC3=CC=C(C=C3)CC4CN(CC4C(=O)O)C5=NC=CC=N5,484.211055,9,4.44122,0,7,1,101.58,
CHEMBL3398448,Cc1oc(-c2ccccc2)nc1CCOc1ccc(C[C@@H]2CN(c3ncccn3)C[C@@H]2C(=O)O)cc1,484.211055,9,4.44122,0,7,1,101.58,
CHEMBL4176105,CC1=CC(=CC=C1)OC2=CC3=C(C=C2)N=C(N3C)COC4=CC=CC(=C4)C(=O)O,388.142307,6,4.95122,0,5,1,73.58,
CID_168289957,COC1=CC=C(C=C1)C=CC2=CC(=CC(=C2)OCCCCCCCC(=O)O)OC,398.209324,13,5.6782,0,4,1,64.99,
CHEMBL1947138,COc1ccc2c(-n3c(=O)n(Cc4ccccc4[C@@]4(C)OC(=O)NC4=O)c4cc(C(F)(F)F)ccc43)noc2c1,552.125669,5,4.4907,0,9,1,117.59,
CID_56926186,CC1(C(=O)NC(=O)O1)C2=CC=CC=C2CN3C4=C(C=CC(=C4)C(F)(F)F)N(C3=O)C5=NOC6=C5C=CC(=C6)OC,552.125669,5,4.4907,0,9,1,117.59,
CHEMBL485291,CCO[C@@H](Cc1cccc(C2=NOC(c3ccc(C(C)(C)C)cc3)C2)c1)C(=O)O,395.209658,7,4.882,0,4,1,68.12,
CID_25116726,CCOC(CC1=CC(=CC=C1)C2=NOC(C2)C3=CC=C(C=C3)C(C)(C)C)C(=O)O,395.209658,7,4.882,0,4,1,68.12,
CHEMBL5517948,COc1cc(/C=C2\SC(Nc3ccc(S(N)(=O)=O)cc3)=NC2=O)ccc1OCCc1ccccc1,509.107913,8,4.0465,0,7,2,120.08,
CID_177373632,COC1=C(C=CC(=C1)C=C2C(=O)NC(=NC3=CC=C(C=C3)S(=O)(=O)N)S2)OCCC4=CC=CC=C4,509.107913,8,3.8557,0,7,2,120.08,
CHEMBL2204606,CC1=C(N=C(O1)C2=CC=CC=C2)CC(=O)NC3=CC=C(C=C3)OC(C)(C)C(=O)O,394.152872,7,4.07322,0,5,2,101.66,
CHEMBL4852747,CCOc1ccc2c(c1)O/C(=C\c1cc(C)c(OCC(=O)O)c(C)c1)C2=O,368.125988,6,3.78174,0,5,1,82.06,
CID_148528229,CCOC1=CC2=C(C=C1)C(=O)C(=CC3=CC(=C(C(=C3)C)OCC(=O)O)C)O2,368.125988,6,3.78174,0,5,1,82.06,
CHEMBL981,CC(C)(C(=O)O)OC1=CC=C(C=C1)C(=O)C2=CC=C(C=C2)Cl,318.065887,5,3.813,0,3,1,63.6,
CHEMBL197268,CCCCCOC1=CC=CC=C1C(CCCCCCC(=O)OC)O,336.23006,13,4.8026,0,4,1,55.76,
CHEMBL490832,CCO[C@@H](Cc1cccc(/C(C)=N/OCc2ccc(F)cc2)c1)C(=O)O,359.153286,9,3.7987,0,4,1,68.12,
CID_25116813,CCOC(CC1=CC(=CC=C1)C(=NOCC2=CC=C(C=C2)F)C)C(=O)O,359.153286,9,3.7987,0,4,1,68.12,
CHEMBL1643194,CC1=C(C=CC(=C1)CN2CC3=CC=CC=C3C2C(=O)NC4=C(C=C(C=C4)Cl)Cl)OCC(=O)O,484.095663,7,5.46082,0,4,2,78.87,
CHEMBL3956415,COC(=O)C(C1=CC=CC=C1)(C2=CC=C(C=C2)SCC3=CC=CC=C3C(=O)O)C4=NC=CO4,459.114044,8,5.1725,0,6,1,89.63,
CHEMBL4456624,CC(C)C1=NN(C2=C1C(=CC(=N2)C3CC3)C(=O)O)C4=CC=C(C=C4)Cl,355.108754,4,4.7729,0,4,1,68.01,
CID_9932563,CC1=C(C=CC(=C1)OCC2=C(N=C(S2)C3=CC=C(C=C3)C(F)(F)F)C)C=CC(=O)O,433.095949,6,6.12254,0,4,1,59.42,
CHEMBL40614,Cc1cc(OCc2sc(-c3ccc(C(F)(F)F)cc3)nc2C)ccc1/C=C/C(=O)O,433.095949,6,6.12254,0,4,1,59.42,
CHEMBL234906,Cc1ccc(-c2ccc(C(C#Cc3ccccc3)/C=C\COc3ccc(OCC(=O)O)c(C)c3)cc2)s1,508.17083,9,7.26584,0,4,1,55.76,
CID_44432852,CC1=CC=C(S1)C2=CC=C(C=C2)C(C=CCOC3=CC(=C(C=C3)OCC(=O)O)C)C#CC4=CC=CC=C4,508.17083,9,7.26584,0,4,1,55.76,
CHEMBL4783659,CC1=C(C=CC(=N1)OC)OC2=CC3=C(C=C2)N=C(N3C)COC4=CC=CC(=C4)C(=O)O,419.148121,7,4.35482,0,7,1,95.7,
CHEMBL326777,CCC(CC1=CC(=C(C=C1)OC)C(=O)NCC2=CC=CC=C2OC)C(=O)O,371.173273,9,3.2871,0,4,2,84.86,
CHEMBL214394,CCCC1=C(C=CC(=C1)C(F)(F)F)OCCCOC2=CC(=C(C=C2)OCC(=O)OC)C,440.181059,11,5.36602,0,5,0,53.99,
CHEMBL2037586,CC1=C(C=CC(=C1)SC(CC2=CC=C(C=C2)OC)C3=C(N=C(S3)C4=CC=C(C=C4)C(F)(F)F)C)OCC(=O)O,573.125535,10,7.99384,0,6,1,68.65,
CHEMBL4784739,Cc1cnc(-c2ccc(Cl)cc2)n1Cc1ccccc1OCCC[C@@H](C)CC(=O)O,426.17102,10,5.83002,0,4,1,64.35,
CID_126752324,CC1=CN=C(N1CC2=CC=CC=C2OCCCC(C)CC(=O)O)C3=CC=C(C=C3)Cl,426.17102,10,5.83002,0,4,1,64.35,
CHEMBL6151098,C1CC1C2=C(C(=NO2)C3=C(C=CC=C3Cl)Cl)COC4=CC=C(C=C4)C5=CC=C(C=C5)C(=O)O,479.069113,7,7.47,0,4,1,72.56,
CHEMBL109773,CCCC1=C(C=CC(=C1)OC2=CC=CC=C2)OCCCOC3=CC4=C(CCC(O4)(CC(C)C)C(=O)O)C=C3,518.266839,13,7.4738,0,5,1,74.22,
CHEMBL4249120,CC1=C(C=CC(=C1)SC(CC2=CC=CC=C2)C3=CC=C(C=C3)C4=CC(=C(C(=C4)F)F)F)OCC(=O)O,508.132,9,7.61882,0,3,1,46.53,
CID_90247710,CCN1C(=NN(C1=O)CC2=CC=C(C=C2)C(C)(C)C)CCCC3=NC(=CC=C3)C4=CC(=C(C=C4)OC)CC(=O)O,542.289306,11,5.2835,0,7,1,99.24,
CHEMBL198207,CC(C)(C)C1=CC=C(C=C1)N2C3=C(C=C(C=C3)Cl)C(=C2C(=O)O)OC4=CC=CC(=C4)C(F)(F)F,487.116206,4,8.0907,0,3,1,51.46,
CHEMBL3601097,CCCCCC(=O)Nc1ccc(C(=O)Nc2cccc(C[C@H](C)C(=O)N3C(=O)OC[C@H]3Cc3ccccc3)c2)cc1,555.273321,12,6.2264,0,5,2,104.81,
CID_122184721,CCCCCC(=O)NC1=CC=C(C=C1)C(=O)NC2=CC=CC(=C2)CC(C)C(=O)N3C(COC3=O)CC4=CC=CC=C4,555.273321,12,6.2264,0,5,2,104.81,
CHEMBL374355,CC1=C(SC(=N1)C2=CC=C(C=C2)C(F)(F)F)C(=O)NC3=CC=C(C=C3)OC(C)(C)C(=O)O,464.101763,6,5.63162,0,5,2,88.52,
CHEMBL3393187,C1=CC=C2C=C(C=CC2=C1)C(=O)NC3=CC=CC=C3C(=O)NC4=CC=CC(=C4)CC(=O)O,424.142307,6,4.9715,0,3,3,95.5,
CID_44442464,CC1=C(N=C(N1C)C2=CC=C(C=C2)C3=CC=CC=C3)CCOC4=CC5=C(C=C4)C(CC5)CC(=O)O,466.225643,8,6.18852,0,4,1,64.35,
CHEMBL428929,Cc1c(CCOc2ccc3c(c2)CC[C@H]3CC(=O)O)nc(-c2ccc(-c3ccccc3)cc2)n1C,466.225643,8,6.18852,0,4,1,64.35,
CID_164620412,CC1=CC(=CC(=C1OC(C)(C)C(=O)O)C)COC2=CC3=C(C=C2)C(=O)C(=CC4=CC=C(C=C4)Cl)O3,492.133966,7,6.39404,0,5,1,82.06,
CHEMBL488991,CCO[C@@H](Cc1cccc(/C(C)=N/OCc2ccc(O)cc2)c1)C(=O)O,357.157623,9,3.3652,0,5,2,88.35,
CID_25115099,CCOC(CC1=CC(=CC=C1)C(=NOCC2=CC=C(C=C2)O)C)C(=O)O,357.157623,9,3.3652,0,5,2,88.35,
CHEMBL525366,CC1=CC(=C(C=C1)NC(=O)C2=CC(=CC=C2)S(=O)(=O)N3C=CC4=C3C=CC=C4OC)C(=O)O,464.104207,6,4.14582,0,6,2,114.7,
CHEMBL118546,O=C(Nc1ccc(Oc2ccc([N+](=O)[O-])cn2)cc1C(=O)[O-])c1ccc(Cl)cc1Cl.[Li+],453.01067,6,0.7087,0,7,1,134.49,
CHEMBL3601095,CCCCCNC(=O)c1ccc(NC(=O)c2cccc(CN3C(=O)OC[C@@H]3Cc3ccccc3)c2)cc1,499.247107,11,5.4224,0,4,2,87.74,
CHEMBL301156,CCCC1=C(C=CC(=C1)OC2=CC=CC=C2)OCCCCOC3=CC=C(C=C3)C4C(=O)NC(=O)S4,491.176644,12,6.6935,0,6,1,73.86,
CID_22928715,COC1=CC=C(C=C1)C(=O)C2=CC=CN2CC=CC3=CC(=CC=C3)OCC(=O)O,391.141973,9,3.9045,0,5,1,77.76,
CHEMBL1641713,COc1ccc(C(=O)c2cccn2C/C=C/c2cccc(OCC(=O)O)c2)cc1,391.141973,9,3.9045,0,5,1,77.76,
CHEMBL392063,CCc1ccc(O[C@H](C)CCOc2ccc(CCC(=O)O)c(C)c2)c(-c2ccsc2)c1,438.18648,11,6.53952,0,4,1,55.76,
CID_44439623,CCC1=CC(=C(C=C1)OC(C)CCOC2=CC(=C(C=C2)CCC(=O)O)C)C3=CSC=C3,438.18648,11,6.53952,0,4,1,55.76,
CHEMBL219661,CCCc1cc(C#N)ccc1OCCCOc1ccc2c(c1)CC[C@H]2CC(=O)O,393.194008,10,4.86318,0,4,1,79.55,
CID_16110425,CCCC1=C(C=CC(=C1)C#N)OCCCOC2=CC3=C(C=C2)C(CC3)CC(=O)O,393.194008,10,4.86318,0,4,1,79.55,
CHEMBL3094415,CCCCCCC(C(=O)O)SC1=NC(=CC(=N1)Cl)NC2=NC(=CS2)C3=CC(=C(C=C3)F)F,498.076252,11,6.791,0,7,2,88.0,
CHEMBL254540,CC1=C(SC(=N1)C2=CC=C(C=C2)C(F)(F)F)C(=O)NCC3=CC=C(C=C3)OCC4=NNN=N4,474.108579,7,4.15942,0,7,2,105.68,
CHEMBL406944,CC1=C(C=CC(=C1)SCC2=NSC(=N2)C3=CC=C(C=C3)Cl)OC(C)(C)C(=O)O,434.052562,7,5.70122,0,6,1,72.31,
CHEMBL294807,CC1=C(N=C(O1)C2=CC=CC=C2)CCOC3=CC=C(C=C3)OCC(=O)O,353.126323,8,3.73492,0,5,1,81.79,
CID_58977476,CC1=C(N=C(O1)C2=CC=CC=C2)CCOC3=CC=CC(=C3)C4CN(CC4C(=O)O)C(=O)OC5=CC=CC=C5,512.194737,8,5.57052,0,6,1,102.1,
CHEMBL3398425,Cc1oc(-c2ccccc2)nc1CCOc1cccc([C@@H]2CN(C(=O)Oc3ccccc3)C[C@@H]2C(=O)O)c1,512.194737,8,5.57052,0,6,1,102.1,
CHEMBL1760405,CCCN(C1=CC=CC(=C1C)C2=CC=C(C=C2)Cl)S(=O)(=O)C3=C(C(=C(C=C3)OC(C)C(=O)O)C)C,515.153322,9,6.38946,0,4,1,83.91,
CHEMBL592652,COC(=O)c1sccc1S(=O)(=O)Nc1ccc(Nc2ccccc2)cc1OC,418.065714,7,4.0877,0,7,2,93.73,
CHEMBL4243419,CC1=C(C=CC(=C1)SC(CC2=CC=CC=C2)C3=CC=C(C=C3)C4=CC=C(C=C4)C(F)(F)F)OCC(=O)O,522.14765,9,8.22032,0,3,1,46.53,
CHEMBL1828822,C=CCc1ccc(OCCCC(C)(C)C(=O)O)c(OC)c1,292.167459,9,3.6935,0,3,1,55.76,
CHEMBL220448,O=C(O)C[C@@H]1CCc2cc(OCCCOc3ccc(-c4cncnc4)cc3)ccc21,404.173607,9,4.496,0,5,1,81.54,
CID_16110441,C1CC2=C(C1CC(=O)O)C=CC(=C2)OCCCOC3=CC=C(C=C3)C4=CN=CN=C4,404.173607,9,4.496,0,5,1,81.54,
CHEMBL4439052,CC1=C(C(=CC=C1)NC2=NC(=NC(=C2)C)SCC(=O)O)C,303.104148,5,3.32216,0,5,2,75.11,
CHEMBL194740,C1=CC=C2C(=C1)C(=C(N2C3=CC=C(C=C3)C(F)(F)F)C(=O)O)OC4=CC=CC(=C4)C(F)(F)F,465.079963,4,7.1586,0,3,1,51.46,
CHEMBL5267263,CC1=C(C=CC(=C1)OC(F)F)NC(=O)C2=C(C=C(C(=C2)C(=O)NCC3=CC=C(C=C3)F)F)Cl,480.086383,7,5.71032,0,3,2,67.43,
CID_57396782,CC(C)CCS(=O)(=O)NC(=O)C=CC1=CC(=NN1CC2=C(C=C(C=C2)C(F)(F)F)Cl)OCCOC,537.131204,12,4.1341,0,7,1,99.52,
CHEMBL1933843,COCCOc1cc(/C=C/C(=O)NS(=O)(=O)CCC(C)C)n(Cc2ccc(C(F)(F)F)cc2Cl)n1,537.131204,12,4.1341,0,7,1,99.52,
CHEMBL1089634,Cc1oc(-c2ccccc2)nc1CCOc1ccc(C[C@@H](C(=O)O)N2CCN(S(=O)(=O)c3ccc(F)cc3)CC2)cc1,593.199585,11,4.41282,0,7,1,113.18,
CID_11628577,CC1=C(N=C(O1)C2=CC=CC=C2)CCOC3=CC=C(C=C3)CC(C(=O)O)N4CCN(CC4)S(=O)(=O)C5=CC=C(C=C5)F,593.199585,11,4.41282,0,7,1,113.18,
CHEMBL2037006,Cc1oc(-c2ccccc2)nc1CCOc1ccc(C[C@H](Oc2ccccc2)C(=O)O)cc1,443.173273,10,5.34622,0,5,1,81.79,
CHEMBL331464,CCC(CC1=CC(=C(C=C1)OC)C(=O)NCC2=CC(=CC=C2)C(F)(F)F)C(=O)O,409.150093,8,4.2973,0,3,2,75.63,
CHEMBL3335672,CC(C)(C)C1=CC=C(C=C1)C(=O)NC2=C(C=CC(=C2)OC)C(=O)NC3=CC=CC(=C3)C(=O)O,446.184172,6,5.1955,0,4,3,104.73,
CHEMBL2011543,COc1ccc([C@@H](O)[C@H](O)CO)cc1OC,228.099774,5,0.0904,0,5,3,79.15,
CID_11042473,COC1=C(C=C(C=C1)C(C(CO)O)O)OC,228.099774,5,0.0904,0,5,3,79.15,
CHEMBL1081763,CC1=C(C=CC(=C1)OCC2=NC(=C(S2)C3=CC=C(C=C3)OC(F)(F)F)C4=CC=C(C=C4)OC)OCC(=O)O,545.111993,10,6.73512,0,7,1,87.11,
CHEMBL3397548,O=C(O)C(Cc1ccccc1)Oc1ccc(/C=N/O)cc1,285.100108,6,2.5694,0,4,2,79.12,
CID_118726796,C1=CC=C(C=C1)CC(C(=O)O)OC2=CC=C(C=C2)C=NO,285.100108,6,2.5694,0,4,2,79.12,
CHEMBL3397549,O=C(O)[C@H](Cc1ccccc1)Oc1ccc(/C=N/O)cc1,285.100108,6,2.5694,0,4,2,79.12,
CHEMBL4468865,CC1=CC(=C2C(=NN(C2=N1)C3=CC=C(C=C3)F)C(C)C)C(=O)O,313.122655,3,3.68962,0,4,1,68.01,
CHEMBL498401,C1CN(CC2=C1C(=CC=C2)OCC(=O)O)S(=O)(=O)C3=CC=CC(=C3)C(=O)NC4=C(C=C(C=C4)Cl)C(=O)O,544.070714,8,3.5009,0,6,3,150.31,
CHEMBL382982,CCC(C(=O)O)C1CCc2cc(OCCc3nc(-c4ccc(-c5ccccc5)cc4)oc3C)ccc21,481.225308,9,7.07912,0,4,1,72.56,
CHEMBL371778,CCCc1c(O[C@H](C(=O)O)c2ccc(C(C)C)cc2)c(Cl)cc2c1oc(=O)n2CC,431.149951,8,5.5484,0,5,1,81.67,
CID_11189652,CCCC1=C2C(=CC(=C1OC(C3=CC=C(C=C3)C(C)C)C(=O)O)Cl)N(C(=O)O2)CC,431.149951,8,5.5484,0,5,1,81.67,
CHEMBL1080173,CC1=C(C=CC(=C1)OCC2=NC(=C(O2)C3=CC=C(C=C3)OC(F)(F)F)C4=CN=CC=C4)OCC(=O)O,500.119521,9,5.65302,0,7,1,103.91,
CHEMBL1081756,CC1=CC=C(C=C1)C2=CSC(=N2)COC3=CC(=C(C=C3)OCC(=O)O)C,369.103479,7,4.46934,0,5,1,68.65,
CHEMBL202087,CCC(C(=O)O)C1CCc2cc(OCCc3nc(-c4ccccc4)oc3C(C)C)ccc21,433.225308,9,6.2271,0,4,1,72.56,
CHEMBL420525,O=C(Nc1ccc(OCCc2ccccn2)cc1C(=O)[O-])c1ccc(Cl)cc1Cl.[Li+],436.056892,7,0.6297,0,5,1,91.35,
CHEMBL1760266,CC1=C(C=CC(=C1)S(=O)(=O)N(CCC(C)C)C2=CC=CC(=C2)C3=CC=C(C=C3)C(F)(F)F)OCC(=O)O,535.164029,10,6.38562,0,4,1,83.91,
CHEMBL3335628,C1=CC=C(C(=C1)C(=O)NC2=CC=CC(=C2)C(=O)O)NC(=O)C3=CC(=C(C=C3)C(F)(F)F)F,446.08897,5,5.0473,0,3,3,95.5,
CHEMBL449099,CC1=CC=C(C=C1)CC(C(=O)O)OC2=CC=C(C=C2)Cl,290.070972,5,3.72312,0,2,1,46.53,
CHEMBL575126,CC(C)(C(=O)O)SC1=NC2=C(S1)C=C(C=C2)Cl,286.984148,3,3.905,0,4,1,50.19,
CHEMBL3759133,C1=CC(=CC=C1CC2C(=O)NC(=O)S2)OCC3=CC=C(C=C3)Br,390.987776,5,3.9222,0,4,1,55.4,
CHEMBL3937722,CS(=O)(=O)OC1=CC=C(C=C1)COC(=O)C2=CC=C(C=C2)CC(C(=O)O)SCCC3=CC=C(C=C3)F,532.102573,12,4.4927,0,7,1,106.97,
CID_10270710,CC(=CCCC(=CCC1=C(C=C(C=C1O)C=CC2=CC=C(C=C2)C#N)O)C)C,373.204179,7,6.37508,0,3,2,64.25,
CHEMBL2031859,CC(C)=CCC/C(C)=C/Cc1c(O)cc(/C=C/c2ccc(C#N)cc2)cc1O,373.204179,7,6.37508,0,3,2,64.25,
CHEMBL1081771,CC1=C(C=CC(=C1)OCC2=NC(=C(O2)C3=CC(=CC=C3)C(F)(F)F)C4=CC=C(C=C4)OC)OCC(=O)O,513.139922,9,6.38682,0,6,1,91.02,
CHEMBL1956360,O=C(O)[C@H](Cc1ccccc1)Oc1cccc(C(F)(F)F)c1,310.081679,5,3.7801,0,2,1,46.53,
CID_57399206,C1=CC=C(C=C1)CC(C(=O)O)OC2=CC=CC(=C2)C(F)(F)F,310.081679,5,3.7801,0,2,1,46.53,
CHEMBL223379,CC1=C(N=C(O1)C2=CC=CC=C2)CCOC3=CC(=C(C=C3)CCC(=O)O)CNC(=O)NCC4=CC=CC=C4,513.226371,12,5.28812,0,5,3,113.69,
CHEMBL435512,CC1=C(N=C(O1)C2=CC=CC=C2)CCOC3=CN=C(C=C3)CC4(CCCCO4)C(=O)O,422.184172,8,4.23292,0,6,1,94.68,
CHEMBL382928,CC1=C(N=C(O1)C2=CC=CC=C2)CCOC3=CC4=C(C=C3)C(CC4)C(CCCC5=CC=CC=C5)C(=O)O,495.240959,11,7.02502,0,4,1,72.56,
CHEMBL4210212,C[C@@H](CCCOc1ccccc1CN(C)C(=O)c1ccc(-c2ccco2)cc1)CC(=O)O,435.204573,11,5.4886,0,4,1,79.98,
CHEMBL4206950,C[C@H](CCCOc1ccccc1CN(C)C(=O)c1ccc(-c2ccco2)cc1)CC(=O)O,435.204573,11,5.4886,0,4,1,79.98,
CID_145964745,CC(CCCOC1=CC=CC=C1CN(C)C(=O)C2=CC=C(C=C2)C3=CC=CO3)CC(=O)O,435.204573,11,5.4886,0,4,1,79.98,
CHEMBL118279,CCC(CC1=CC(=C(C=C1)OC)C(=O)NCC2=CC=C(C=C2)CCC3=CC=CC=C3)C(=O)O,445.225308,11,5.0637,0,3,2,75.63,
CID_5281515,CC1=CCCC(=C)C2CC(C2CC1)(C)C,204.187801,0,4.7252,0,0,0,0.0,
CHEMBL118976,CCC(CC1=CC(=C(C=C1)OC)CNCC2=CC=C(C=C2)C(F)(F)F)C(=O)O,395.170828,9,4.6571,0,3,2,58.56,
CHEMBL222880,C1=CC(=CC=C1C(=CCSC2=CC(=C(C=C2)OCC(=O)O)Cl)C3=CC=C(C=C3)Br)Br,565.895367,8,7.5524,0,3,1,46.53,
CHEMBL3335657,CC(C)(C)C1=CC=C(C=C1)C(=O)NC2=CC=CC=C2C(=O)NC3=C(C=CC(=C3)C(=O)O)OC,446.184172,6,5.1955,0,4,3,104.73,
CHEMBL3774855,CC(=O)N1C[C@H](C(=O)Nc2ccc(C)cc2C)[C@@H](c2nnc([C@H]3C[C@@H](CC(C)C)C3)n2C2CC2)C1,477.310375,7,4.97014,0,5,1,80.12,
CID_121345502,CC1=CC(=C(C=C1)NC(=O)C2CN(CC2C3=NN=C(N3C4CC4)C5CC(C5)CC(C)C)C(=O)C)C,477.310375,7,4.97014,0,5,1,80.12,
CHEMBL4247929,CC1=C(C=CC(=C1)SC(CC2=C(C=CC=C2F)F)C3=CC=C(C=C3)C4=CC(=C(C(=C4)F)F)F)OCC(=O)O,544.113157,9,7.89702,0,3,1,46.53,
CHEMBL5633111,CC(C)CN(C1=CC=C(C=C1)C2=CC(=C(C=C2)OCC(=O)O)F)S(=O)(=O)C3=C(C=CC=C3Cl)Cl,525.057977,9,6.1142,0,4,1,83.91,
CHEMBL200611,CCC(C(=O)O)C1CCc2cc(OCCn3ncc4ccccc4c3=O)ccc21,392.173607,7,3.6161,0,5,1,81.42,
CHEMBL196261,CCCCCOC1=CC=CC=C1C(CCCCCCC(=O)[O-])O.[Na+],344.196354,13,0.3835,0,4,1,69.59,
CHEMBL1760554,Cc1ccc(C(=O)c2nc3ccccc3n2C/C=C/c2cccc(OCC(=O)O)c2)cc1,426.157957,8,4.75252,0,5,1,81.42,
CID_54581038,CC1=CC=C(C=C1)C(=O)C2=NC3=CC=CC=C3N2CC=CC4=CC(=CC=C4)OCC(=O)O,426.157957,8,4.75252,0,5,1,81.42,
CHEMBL3360190,C=C1CC/C=C/CC[C@@H]2[C@@H]1CC2(C)C,190.172151,0,4.3351,0,0,0,0.0,
CID_11982685,CC1(CC2C1CCC=CCCC2=C)C,190.172151,0,4.3351,0,0,0,0.0,
CHEMBL392951,C1CC2=C(C=CC(=C2C1)SCC3=C(C(=CC=C3)F)OCC4=CC=C(C=C4)C(F)(F)F)OCC(=O)O,506.117493,9,6.6679,0,4,1,55.76,
CHEMBL4541281,CCCCCCC(C(=O)O)SC1=NC2=C(S1)C=C(C=C2)NCC3=CC4=CC=CC=C4C=C3,464.15922,11,7.5773,0,5,2,62.22,
CHEMBL234903,Cc1cc(OC/C=C\C(C#Cc2ccc(C(F)(F)F)cc2)c2ccc(Br)cc2)ccc1OCC(=O)O,558.065356,8,7.01022,0,3,1,55.76,
CID_44432844,CC1=C(C=CC(=C1)OCC=CC(C#CC2=CC=C(C=C2)C(F)(F)F)C3=CC=C(C=C3)Br)OCC(=O)O,558.065356,8,7.01022,0,3,1,55.76,
CHEMBL221100,O=C(O)C[C@@H]1CCc2cc(OCCCOc3ccc4[nH]ccc4c3)ccc21,365.162708,8,4.5203,0,3,2,71.55,
CID_24776387,C1CC2=C(C1CC(=O)O)C=CC(=C2)OCCCOC3=CC4=C(C=C3)NC=C4,365.162708,8,4.5203,0,3,2,71.55,
CHEMBL525262,CC1=C(C=CC(=C1C)SC2=C(C=C(C=C2)COC3=CC=C(C=C3)C(F)(F)F)OCCN4CCOCC4)OCC(=O)O,591.190243,12,6.22684,0,7,1,77.46,
CID_44263420,CN(CC=CC1=CC=C(C=C1)CC(C(=O)O)N2C=CC=C2)C3=CC=CC=N3,361.179027,8,3.9011,0,4,1,58.36,
CHEMBL479001,CN(C/C=C/c1ccc(C[C@@H](C(=O)O)n2cccc2)cc1)c1ccccn1,361.179027,8,3.9011,0,4,1,58.36,
CHEMBL508733,C1CCC2=C(C=CC(=C2C1)OCC(=O)O)SC3=C(C=C(C=C3)COC4=CC=C(C=C4)C(F)(F)F)OCC#CC5=CN=CC=C5,619.164029,10,7.6033,0,6,1,77.88,
CHEMBL460073,COc1ccc(C(=O)c2c(C)n(Cc3cc(O[C@@H](C)C(=O)O)ccc3Cl)c3nc(OC)ccc23)cc1,508.140114,9,5.14652,0,7,1,99.88,
CID_25165162,CC1=C(C2=C(N1CC3=C(C=CC(=C3)OC(C)C(=O)O)Cl)N=C(C=C2)OC)C(=O)C4=CC=C(C=C4)OC,508.140114,9,5.14652,0,7,1,99.88,
CHEMBL4546798,CCCCCCC(C(=O)O)SC1=NC2=C(S1)C=C(C=C2)NCC3=CC(=CC(=C3)Cl)Cl,482.065625,11,7.7309,0,5,2,62.22,
CHEMBL1080369,CC1=C(C=CC(=C1)OCC2=NC(=C(S2)C3=CC=C(C=C3)OC(F)(F)F)C4=CC5=C(C=C4)OCO5)OCC(=O)O,559.091258,9,6.45522,0,8,1,96.34,
CHEMBL220204,CCCc1c(OCCCOc2ccc3c(c2)CC[C@H]3CC(=O)O)ccc2c(C)noc12,423.204573,10,5.44112,0,5,1,81.79,
CID_9910188,CCCC1=C(C=CC2=C1ON=C2C)OCCCOC3=CC4=C(C=C3)C(CC4)CC(=O)O,423.204573,10,5.44112,0,5,1,81.79,
CID_168290747,COC1=CC=C(C=C1)C=CC2=CC(=CC(=C2)OCC3=CC=C(C=C3)OCC(=O)O)OC,420.157288,10,4.9166,0,5,1,74.22,
CHEMBL147090,Cc1sc(-c2ccncc2)nc1CCOc1ccc(C[C@H](Nc2ccccc2C(=O)c2ccccc2)C(=O)O)cc1,563.187877,12,6.47382,0,7,2,101.41,
CID_10626761,CC1=C(N=C(S1)C2=CC=NC=C2)CCOC3=CC=C(C=C3)CC(C(=O)O)NC4=CC=CC=C4C(=O)C5=CC=CC=C5,563.187877,12,6.47382,0,7,2,101.41,
CHEMBL1760274,CCCCN(C1=CC=CC(=C1C)C2=CC=C(C=C2)Cl)S(=O)(=O)C3=CC(=C(C=C3)OC(C)C(=O)O)C4CCCCC4,583.215922,11,8.21042,0,4,1,83.91,
CHEMBL499038,CCC#CCOC1=C(C=CC(=C1)COC2=CC=CC(=C2)C(F)(F)F)SC3=C4CCCCC4=C(C=C3)OCC(=O)O,570.16878,10,7.57,0,5,1,64.99,
CHEMBL4473188,CC1=C(C=CC(=C1)OCC2=CC=C(C=C2)F)CNC3=CC=CC(=C3)C(=O)O,365.142722,7,5.02342,0,3,2,58.56,
CHEMBL1081963,Cc1cc(OC/C=C(\C#Cc2ccc(C(F)(F)F)cc2)c2ccc(Br)cc2)ccc1OCC(=O)O,544.049706,7,6.75382,0,3,1,55.76,
CID_23656548,CC1=C(C=CC(=C1)OCC=C(C#CC2=CC=C(C=C2)C(F)(F)F)C3=CC=C(C=C3)Br)OCC(=O)O,544.049706,7,6.75382,0,3,1,55.76,
CHEMBL220628,Cc1cccc(OCCCOc2ccc3c(c2)CC[C@H]3CC(=O)O)c1,340.167459,8,4.34742,0,3,1,55.76,
CID_16110514,CC1=CC(=CC=C1)OCCCOC2=CC3=C(C=C2)C(CC3)CC(=O)O,340.167459,8,4.34742,0,3,1,55.76,
CHEMBL197848,CC(C)(C)C1=CC=C(C=C1)N2C(=C(C3=C2N=CC=C3)OC4=CC=CC(=C4)C(F)(F)F)C(=O)O,454.150427,4,6.8323,0,4,1,64.35,
CHEMBL370443,CC(C)(C)C1=CC=C(C=C1)N2C3=C(C=C(C=C3)OC4=CC(=CN4)C(F)(F)F)C(=C2C(=O)O)OC5=CC=CC(=C5)C(F)(F)F,602.164027,6,9.5765,0,4,2,76.48,
CHEMBL4280212,CC(C)(C)C1=CC(=CC=C1)OCCCOC2=CC3=C(C=C2)C(CO3)CC(=O)O,384.193674,8,4.7827,0,4,1,64.99,
CHEMBL477690,Cc1oc(-c2ccccc2)nc1CNCc1ccc(C[C@@H](C(=O)O)n2cccc2)cc1,415.189592,9,4.60972,0,5,2,80.29,
CID_44263427,CC1=C(N=C(O1)C2=CC=CC=C2)CNCC3=CC=C(C=C3)CC(C(=O)O)N4C=CC=C4,415.189592,9,4.60972,0,5,2,80.29,
CHEMBL392718,CC1=C(C=CC(=C1)OC2=CC=CC(=C2)CNC(=O)C3=CC4=C(N3)C=CC=C4Cl)CCC(=O)O,462.134635,8,5.86922,0,3,3,91.42,
CHEMBL2204601,CC1=C(N=C(O1)C2=CC(=CC=C2)Br)CN(CC3=CC=C(C=C3)OC(C)(C)C(=O)O)C(=O)C4=CC=CC=C4,562.110334,9,6.49712,0,5,1,92.87,
CHEMBL474548,CC1=C(N=C(O1)C2=CC=CC=C2)CCOC3=CC=CC(=C3)CC4=C(N(N=N4)C5=CC=CC=C5)C(=O)O,480.179755,9,5.14122,0,7,1,103.27,
CHEMBL393765,C1=CC(=CC=C1C2=CC(=NO2)COC3=CC4=C(C(=C3)Cl)C(=CS4)CC(=O)O)C(F)(F)F,467.020591,6,6.4346,0,5,1,72.56,
CHEMBL4288513,C1C(C2=C(O1)C=C(C=C2)OCCCOC3=CC=CC(=C3)C4=CC=CC=C4)CC(=O)O,404.162374,9,5.1522,0,4,1,64.99,
CHEMBL180928,C[C@@]1(C(=O)O)CCc2ccc(OCCCOc3ccc(OCC(F)(F)F)cc3Cl)cc2O1,474.105701,9,5.2973,0,5,1,74.22,
CHEMBL330191,CCCC1=C(C=CC(=C1)OC2=CC=CC=C2)OCCCCOC3=CC=CC(=C3)C4C(=O)NC(=O)S4,491.176644,12,6.6935,0,6,1,73.86,
CHEMBL218950,CCC(CC1=CN=C(C=C1)OCCC2=C(OC(=N2)C3=CC=CC=C3)C)(C(=O)O)OCC,424.199822,11,4.47892,0,6,1,94.68,
CHEMBL4748470,Cc1cnc(-c2ccc(F)cc2)n1Cc1ccccc1OCCC[C@@H](C)CC(=O)O,410.200571,10,5.31572,0,4,1,64.35,
CID_126752322,CC1=CN=C(N1CC2=CC=CC=C2OCCCC(C)CC(=O)O)C3=CC=C(C=C3)F,410.200571,10,5.31572,0,4,1,64.35,
CHEMBL598156,C1=CC(=C(C=C1Cl)Cl)C(=O)NCCS(=O)(=O)C2=NC=C(C=C2)C(F)(F)F,425.981953,5,3.6109,0,4,1,76.13,
CHEMBL1934470,CC1=C(SC(=N1)C2=CC=C(C=C2)Cl)CNC3CCCN(C3)C4=CC=CC(=C4)C(=O)O,441.127776,6,5.22872,0,5,2,65.46,
CHEMBL5517671,CC1=CC(=CC(=C1OC(C)(C)C(=O)O)C)CN2CCN(CC2)C3=NC=C(C=C3)F,401.21147,6,3.40174,0,5,1,65.9,
CHEMBL1671971,COc1cc(/C=C2\SC(=O)NC2=O)ccc1Oc1ccc(C#N)cc1C(F)(F)F,420.039162,4,4.70188,0,6,1,88.42,
CID_46916268,COC1=C(C=CC(=C1)C=C2C(=O)NC(=O)S2)OC3=C(C=C(C=C3)C#N)C(F)(F)F,420.039162,4,4.70188,0,6,1,88.42,
CHEMBL2037578,CC1=C(C=CC(=C1)SC(CCC2=CC=CC=C2)C3=C(N=C(S3)C4=CC=C(C=C4)C(F)(F)F)C)OCC(=O)O,557.13062,10,8.37534,0,5,1,59.42,
CHEMBL391264,CCc1ccc(O[C@H](C)CCOc2ccc(CCC(=O)O)c(C)c2)c(-c2ccco2)c1,422.209324,11,6.07102,0,4,1,68.9,
CID_44439625,CCC1=CC(=C(C=C1)OC(C)CCOC2=CC(=C(C=C2)CCC(=O)O)C)C3=CC=CO3,422.209324,11,6.07102,0,4,1,68.9,
CHEMBL489591,CCOC(CC1=CC=C(C=C1)OCCCN2CCC(=CC2)C3=CC=C(C=C3)C(F)(F)F)C(=O)O,477.212693,11,5.2958,0,4,1,59.0,
CHEMBL1813194,CCC(CC1=CC=C(C=C1)CCC2=CC=C(C=C2)N3C(=O)C4=CC=CC=C4C3=O)C(=O)O,427.178358,8,4.9257,0,3,1,74.68,
CHEMBL4459701,CC1=C(C(=CC=C1)NC2=CC(=NC(=N2)SCC(=O)O)Br)C,366.99901,5,3.77624,0,5,2,75.11,
CHEMBL4632967,CC(C)(C(=O)NS(=O)(=O)C1=CC=CC=C1)OC2=CC=C(C=C2)CCOC3=CC=C(C=C3)NC(=O)NC4=CC=CC=C4,573.193357,11,5.6146,0,6,3,122.83,
CHEMBL4172725,CN1C2=C(C=CC(=C2)OC3=CC=C(C=C3)F)N=C1COC4=CC=CC(=C4)C(=O)O,392.117235,6,4.7819,0,5,1,73.58,
CHEMBL4473666,CC(C)(C(=O)NCC1=CC=CC=C1)OC2=CC=C(C=C2)OCC3=NN(C(=O)N3C4=CC=CC=C4F)C5=CC=C(C=C5)C(F)(F)F,620.204668,10,6.2339,0,7,1,87.38,
CHEMBL2011544,C/C=C\CC/C=C/C=C/C(=O)NCC(C)C,221.177964,7,3.2273,0,1,1,29.1,
CID_14427412,CC=CCCC=CC=CC(=O)NCC(C)C,221.177964,7,3.2273,0,1,1,29.1,
CHEMBL2237304,Cc1oc(-c2ccccc2)nc1CCOc1ccc(C[C@H](C(=O)O)n2cccc2)cc1,416.173607,9,4.94142,0,5,1,77.49,
CID_163322382,CCOC(=O)CCC(=CCCC1(CCC2=C(O1)C=CC(=C2)OCC3=CC=CC=C3)C)C,422.24571,10,6.4191,0,4,0,44.76,
CHEMBL485087,CC1=CC(=C(C=C1)NC(=O)C2=CC(=CC=C2)S(=O)(=O)N3CCC4=CC=CC=C4C3)C(=O)O,450.124943,5,3.69252,0,4,2,103.78,
CHEMBL2204607,CC1=C(N=C(O1)C2=CC=CC=C2)CNCC3=CC=C(C=C3)OC(C)(C)C(=O)O,380.173607,8,4.18182,0,5,2,84.59,
CHEMBL4859752,COc1ccc(/C=C2\Oc3cc(OCc4cc(C)c(OC(C)(C)C(=O)O)c(C)c4)ccc3C2=O)cc1,488.183503,8,5.74924,0,6,1,91.29,
CID_164617572,CC1=CC(=CC(=C1OC(C)(C)C(=O)O)C)COC2=CC3=C(C=C2)C(=O)C(=CC4=CC=C(C=C4)OC)O3,488.183503,8,5.74924,0,6,1,91.29,
CHEMBL4079308,C1=CC=C(C=C1)S(=O)(=O)N2C3=C(C=C(C=C3)C(F)(F)F)C=C2CCCC(=O)O,411.075214,6,4.3044,0,4,1,76.37,
CHEMBL179330,COc1ccc(C(=O)n2c(C)c(Cc3cccc(O[C@@H](C)C(=O)O)c3)c3cc(OC(F)(F)F)ccc32)cc1,527.155572,8,5.98812,0,6,1,86.99,
CHEMBL359548,COc1ccc(C(=O)n2c(C)c(Cc3cccc(O[C@H](C)C(=O)O)c3)c3cc(OC(F)(F)F)ccc32)cc1,527.155572,8,5.98812,0,6,1,86.99,
CHEMBL435517,CC1=C(C2=C(N1C(=O)C3=CC=C(C=C3)OC)C=CC(=C2)OC(F)(F)F)CC4=CC(=CC=C4)OC(C)C(=O)O,527.155572,8,5.98812,0,6,1,86.99,
CHEMBL381468,CCC(C(=O)O)C1CCc2cc(OCc3ccc(-c4nc(-c5ccccc5)oc4C)cc3)ccc21,467.209658,8,7.03662,0,4,1,72.56,
CID_21778326,CC=CC=CC(=C1C2C3(C(=O)C(=C(C=CC=CC)O)C4C(C1=O)(C5(C2(OC3(C4(O5)C)O)C)O)C)C)O,496.209718,4,3.2542,0,8,4,133.52,
CHEMBL1933821,CCCCS(=O)(=O)NC(=O)CCC1=CC(=NN1CC2=C(C=C(C=C2)Cl)Cl)OC(C)C,475.109933,11,4.2041,0,6,1,90.29,
CHEMBL3398441,Cc1oc(-c2ccccc2)nc1CCOc1cccc(C[C@H]2CN(C(=O)Oc3ccccc3)C[C@@H]2C(=O)O)c1,526.210387,9,5.64562,0,6,1,102.1,
CHEMBL1075893,CC1=C(C=CC(=C1)OCC2=NC(=C(S2)C3=CC=C(C=C3)C4=CC=CC=C4)C5=CC=C(C=C5)C6=CC=CC=C6)OCC(=O)O,583.181729,10,9.16192,0,5,1,68.65,
CHEMBL3781727,CCCC(C(=O)NS(=O)(=O)C1=CC=C(C=C1)NC(=O)C2=CC=CC=C2)SC3=NC4=C(S3)C=CC(=C4)Cl,559.046097,9,5.9679,0,7,2,105.23,
CHEMBL3758919,C1=CC=C(C=C1)CN2C3=CC=CC=C3N=C2COC4=CC=C(C=C4)CC5C(=O)NC(=O)S5,443.130363,7,4.5577,0,6,1,73.22,
CHEMBL459521,C1CC2=C(C1)C(=CC=C2)NC3=CC(=NC(=N3)SCC(=O)O)Cl,335.049525,5,3.539,0,5,2,75.11,
CHEMBL119078,O=C(Nc1ccc(-c2cccc3cccnc23)cc1C(=O)[O-])c1ccc(Cl)cc1Cl.[Li+],442.046327,4,1.8284,0,4,1,82.12,
CHEMBL496726,C1CN(CC2=C1C=CC(=C2)Cl)S(=O)(=O)C3=CC=CC(=C3)C(=O)NC4=C(C=C(C=C4)Cl)C(=O)O,504.031348,5,4.6909,0,4,2,103.78,
CID_76286750,CCN1C(=NN(C1=O)CC2=CC=C(C=C2)C(C)(C)C)CCCC3=CC(=CC=C3)C4=CC(=CC=C4)C5=NNN=N5,521.290309,9,5.4329,0,7,1,94.28,
CHEMBL489766,CCO[C@@H](Cc1cccc(-c2cc(-c3ccccc3)on2)c1)C(=O)O,337.131408,7,4.0408,0,4,1,72.56,
CHEMBL492047,CCO[C@H](Cc1cccc(-c2cc(-c3ccccc3)on2)c1)C(=O)O,337.131408,7,4.0408,0,4,1,72.56,
CID_25132561,CCOC(CC1=CC(=CC=C1)C2=NOC(=C2)C3=CC=CC=C3)C(=O)O,337.131408,7,4.0408,0,4,1,72.56,
CID_57339245,CCCCCCCCCCCCCCCC(=O)OC1CCC2(C3CCC4(C(C3=CC=C2C1)CCC4C(C)C=CC(C)C(C)C)C)C,634.568882,19,13.363,0,2,0,26.3,
CHEMBL1084549,CC(C)(C(=O)O)OC1=CC=C(C=C1)CN(CC2=CC=CO2)CC(=O)NCC3=CC=CC=C3,436.199822,11,3.8402,0,5,2,92.01,
CHEMBL1081962,CCC(C)OC1=CC=C(C=C1)C2=C(SC(=N2)COC3=CC(=C(C=C3)OCC(=O)O)C)C4=CC=C(C=C4)OC(F)(F)F,587.158943,12,7.90382,0,7,1,87.11,
CHEMBL1946568,C[C@@H](Oc1cc(Cn2c(=O)n(-c3ccc(C(C)(C)C)cc3)c3ccc(C(F)(F)F)cc32)ccc1Cl)C(=O)O,546.15332,6,6.6621,0,5,1,73.46,
CID_56925893,CC(C(=O)O)OC1=C(C=CC(=C1)CN2C3=C(C=CC(=C3)C(F)(F)F)N(C2=O)C4=CC=C(C=C4)C(C)(C)C)Cl,546.15332,6,6.6621,0,5,1,73.46,
CHEMBL471851,C1=CC=C(C(=C1)CC(C(=O)O)OC2=CC=C(C=C2)Cl)C(F)(F)F,344.042707,5,4.4335,0,2,1,46.53,
CHEMBL477801,CCOC(CC1=CC=C(C=C1)OCCN2CCC(=CC2)C3=CC(=CC=C3)C(F)(F)F)C(=O)O,463.197043,10,4.9057,0,4,1,59.0,
CHEMBL181954,CO[C@@H](Cc1ccc(OCCCOc2ccc(Oc3ccccc3)cc2)cc1)C(=O)O,422.172939,12,4.9689,0,5,1,74.22,
CID_9888484,COC(CC1=CC=C(C=C1)OCCCOC2=CC=C(C=C2)OC3=CC=CC=C3)C(=O)O,422.172939,12,4.9689,0,5,1,74.22,
CHEMBL232400,C1CC2=C(C=CC(=C2C1)SCC3=C(C=CC(=C3)F)OCC4=CC=C(C=C4)C(F)(F)F)OCC(=O)O,506.117493,9,6.6679,0,4,1,55.76,
CHEMBL109241,CC[C@@]1(C(=O)O)CCc2ccc(OCCCOc3ccc(Oc4ccc(F)cc4)cc3Cl)cc2O1,500.140194,10,6.6777,0,5,1,74.22,
CHEMBL220430,CCOc1cc(C)ccc1OCCCOc1ccc2c(c1)CC[C@H]2CC(=O)O,384.193674,10,4.74612,0,4,1,64.99,
CID_16110518,CCOC1=C(C=CC(=C1)C)OCCCOC2=CC3=C(C=C2)C(CC3)CC(=O)O,384.193674,10,4.74612,0,4,1,64.99,
CHEMBL1082090,COC1=CC=C(C=C1)C2=C(SC(=N2)COC3=C(C=C(C=C3)CC(=O)O)Cl)C4=CC=C(C=C4)C(F)(F)F,533.067541,8,7.364,0,5,1,68.65,
CHEMBL238357,CCc1cc(Oc2cc(F)cc([C@@H](C)NC(=O)c3c(C)c4cc(Cl)ccc4n3C)c2)ccc1CCC(=O)O,536.187813,9,7.14212,0,4,2,80.56,
CID_24754924,CCC1=C(C=CC(=C1)OC2=CC(=CC(=C2)C(C)NC(=O)C3=C(C4=C(N3C)C=CC(=C4)Cl)C)F)CCC(=O)O,536.187813,9,7.14212,0,4,2,80.56,
CID_54586906,CC1=CC=C(C=C1)C(=O)C2=NC(=C(N2CC=CC3=CC(=CC=C3)OC(C)(C)C(=O)O)C)C,432.204907,8,4.99476,0,5,1,81.42,
CHEMBL1760556,Cc1ccc(C(=O)c2nc(C)c(C)n2C/C=C/c2cccc(OC(C)(C)C(=O)O)c2)cc1,432.204907,8,4.99476,0,5,1,81.42,
CHEMBL455126,COc1ccc(C(=O)c2c(C)n(Cc3cccc(O[C@@H](C)C(=O)O)c3)c3ncccc23)cc1,444.168522,8,4.48452,0,6,1,90.65,
CID_44561816,CC1=C(C2=C(N1CC3=CC(=CC=C3)OC(C)C(=O)O)N=CC=C2)C(=O)C4=CC=C(C=C4)OC,444.168522,8,4.48452,0,6,1,90.65,
CHEMBL2035059,CC1=C(C=CC(=C1)SC(CC2=C(C=CC=C2Cl)Cl)C3=C(N=C(S3)C4=CC=C(C=C4)C(F)(F)F)C)OCC(=O)O,611.037026,9,9.29204,0,5,1,59.42,
CHEMBL366157,CCC[C@H](Oc1ccc2ccccc2c1)C(=O)O,244.109944,5,3.4719,0,2,1,46.53,
CHEMBL364254,CCC[C@@H](Oc1ccc2ccccc2c1)C(=O)O,244.109944,5,3.4719,0,2,1,46.53,
CID_11356973,CCCC(C(=O)O)OC1=CC2=CC=CC=C2C=C1,244.109944,5,3.4719,0,2,1,46.53,
CHEMBL4533822,CC(C)(Oc1ccc(OCCc2ccc(/N=N/c3ccc(Br)cc3)cc2)cc1)C(=O)O,482.084119,9,6.728,0,5,1,80.48,
CID_155546921,CC(C)(C(=O)O)OC1=CC=C(C=C1)OCCC2=CC=C(C=C2)N=NC3=CC=C(C=C3)Br,482.084119,9,6.728,0,5,1,80.48,
CHEMBL490426,CCO[C@@H](Cc1cccc(/C(C)=N/OCc2ccc(C(F)(F)F)cc2)c1)C(=O)O,409.150093,9,4.6784,0,4,1,68.12,
CID_25115333,CCOC(CC1=CC(=CC=C1)C(=NOCC2=CC=C(C=C2)C(F)(F)F)C)C(=O)O,409.150093,9,4.6784,0,4,1,68.12,
CHEMBL234382,CC1=CC(=CC2=C1C(=CS2)CC(=O)O)OCC3=NOC(=C3)C4=CC=C(C=C4)C(F)(F)F,447.075214,6,6.08962,0,5,1,72.56,
CID_16744666,CCCCCCCCCCCCCCCC(=O)OC1C=C2C3CCC(C3(CCC2C4(C1(CC(CC4)O)O)C)C)C(C)C=CC(C)C(C)C,668.574361,19,11.5286,0,4,2,66.76,
CHEMBL1086516,CCCCN(CC(=O)Nc1ccc(C)cc1C)Cc1ccc(OC(C)(C)C(=O)O)cc1,426.251858,11,4.78624,0,4,2,78.87,
CHEMBL1828834,CC(C)(CCCOc1ccc(/N=N/c2ccccc2)cc1)C(=O)O,326.163043,8,5.3718,0,4,1,71.25,
CID_56641381,CC(C)(CCCOC1=CC=C(C=C1)N=NC2=CC=CC=C2)C(=O)O,326.163043,8,5.3718,0,4,1,71.25,
CHEMBL118413,COC1=C(C=C(C=C1)CCC(=O)O)C(=O)NCC2=CC=C(C=C2)C(F)(F)F,381.118793,7,3.6612,0,3,2,75.63,
CHEMBL116774,CCCC1=C(C=CC(=C1)C2CCC(CC2)O)OCCCOC3=CC=CC(=C3)C4C(=O)NC(=O)O4,467.230788,10,4.813,0,6,2,94.09,
CHEMBL1081951,CC1=C(C=CC(=C1)CSC2=NC(=C(S2)C3=CC=C(C=C3)OC)C4=CC=C(C=C4)OC)OCC(=O)O,507.117415,10,6.55842,0,7,1,77.88,
CHEMBL202515,C1=CC=C(C=C1)C(=O)C2=CC3=C(C=C2)C=C(C=C3)OCCCOC4=CC5=C(C=C4)C=CN5CC(=O)O,479.173273,10,5.958,0,5,1,77.76,
CHEMBL1760416,CCCCN(C1=C(C=CC(=C1)C2=CC=C(C=C2)Cl)OC(F)(F)F)S(=O)(=O)C3=C(C(=C(C=C3)OC(C)C(=O)O)C)C,599.135621,11,7.36974,0,5,1,93.14,
CHEMBL257761,CC(=O)N(C(=O)CCOC1=CC=C(C=C1)CN(CC(=O)O)C(=O)OC2=CC=C(C=C2)OC)C(=O)C3=CC=CC=C3,548.17948,11,3.7652,0,8,1,139.75,
CHEMBL574606,C1=CC=C(C=C1)CC(C(=O)O)OC2=CC=C(C=C2)C#CC3=CC=CC=C3,342.125594,5,4.1611,0,2,1,46.53,
CHEMBL426529,O=C(O)C[C@@H]1CCc2cc(OCCCOc3ccc4ncoc4c3)ccc21,367.141973,8,4.1802,0,5,1,81.79,
CID_24776385,C1CC2=C(C1CC(=O)O)C=CC(=C2)OCCCOC3=CC4=C(C=C3)N=CO4,367.141973,8,4.1802,0,5,1,81.79,
CHEMBL200984,C1=CC2=C(C=CN2CC(=O)O)C(=C1)OCCCOC3=CC=C(C=C3)C(=O)C4=CC=C(C=C4)F,447.148201,10,4.9439,0,5,1,77.76,
CHEMBL477318,CC1=C(N=C(O1)C2=CC=CC=C2)CCCC3=CC=C(C=C3)CC(C4=CC=CC=C4)C(=O)O,425.199094,9,6.23622,0,3,1,63.33,
CHEMBL375373,Cc1noc2cc(OCCCOc3ccc4c(c3)CC[C@H]4CC(=O)O)ccc12,381.157623,8,4.48862,0,5,1,81.79,
CID_24776382,CC1=NOC2=C1C=CC(=C2)OCCCOC3=CC4=C(C=C3)C(CC4)CC(=O)O,381.157623,8,4.48862,0,5,1,81.79,
CHEMBL4445737,CC(C)(Oc1ccc(CCOc2ccc(/N=N/c3ccc(C(F)(F)F)cc3)cc2)cc1)C(=O)O,472.160992,9,6.9843,0,5,1,80.48,
CID_155517895,CC(C)(C(=O)O)OC1=CC=C(C=C1)CCOC2=CC=C(C=C2)N=NC3=CC=C(C=C3)C(F)(F)F,472.160992,9,6.9843,0,5,1,80.48,
CHEMBL1080363,CC1=C(C=CC(=C1)OCC2=NC(=C(O2)C3=CC=C(C=C3)OC)C4=CC=C(C=C4)OC)OCC(=O)O,475.163102,10,5.37662,0,7,1,100.25,
CHEMBL239562,COc1ccc(-c2ncc(C)c(N(C)CCCOc3ccc4c(c3)CC[C@H]4CC(=O)O)n2)cc1,461.231456,10,4.87042,0,6,1,84.78,
CID_44439712,CC1=CN=C(N=C1N(C)CCCOC2=CC3=C(C=C2)C(CC3)CC(=O)O)C4=CC=C(C=C4)OC,461.231456,10,4.87042,0,6,1,84.78,
CHEMBL1082475,CCCCCCCN(CC(=O)Nc1ccc(C)cc1C)Cc1ccc(OC(C)(C)C(=O)O)cc1,468.298808,14,5.95654,0,4,2,78.87,
CHEMBL1760428,CCCCN(C1=CC=CC(=C1Cl)C2=CC=C(C=C2)C(F)(F)F)S(=O)(=O)C3=C(C(=C(C=C3)OC(C)C(=O)O)C)C,583.140706,10,7.48994,0,4,1,83.91,
CHEMBL206578,CC1=C(C=CC(=C1)OCC2=NC(=CC(=N2)C3=CC=C(C=C3)OC)C4=CC=C(C=C4)OC)OCC(=O)O,486.179087,10,5.17862,0,7,1,100.0,
CHEMBL248186,Cc1cccc(-c2nc(CCOc3ccc4c(c3)CC[C@H]4CC(=O)O)c(C)s2)c1,407.155515,7,5.55294,0,4,1,59.42,
CID_44442459,CC1=CC(=CC=C1)C2=NC(=C(S2)C)CCOC3=CC4=C(C=C3)C(CC4)CC(=O)O,407.155515,7,5.55294,0,4,1,59.42,
CHEMBL247660,CCc1oc(-c2ccc(C)cc2)nc1CCOc1ccc2c(c1)CC[C@H]2CC(=O)O,405.194008,8,5.33842,0,4,1,72.56,
CID_44442472,CCC1=C(N=C(O1)C2=CC=C(C=C2)C)CCOC3=CC4=C(C=C3)C(CC4)CC(=O)O,405.194008,8,5.33842,0,4,1,72.56,
CHEMBL1946754,C[C@@H](Oc1cc(Cn2c(=O)n(-c3noc4ccc(Cl)cc34)c3ccc(C(F)(F)F)cc32)ccc1Cl)C(=O)O,565.041911,6,6.1592,0,7,1,99.49,
CID_56925996,CC(C(=O)O)OC1=C(C=CC(=C1)CN2C3=C(C=CC(=C3)C(F)(F)F)N(C2=O)C4=NOC5=C4C=C(C=C5)Cl)Cl,565.041911,6,6.1592,0,7,1,99.49,
CHEMBL267476,CCCCC/C=C\C/C=C\CCCCCCCC(=O)O,280.24023,14,5.8845,0,1,1,37.3,
CID_5280450,CCCCCC=CCC=CCCCCCCCC(=O)O,280.24023,14,5.8845,0,1,1,37.3,
CHEMBL218591,Cc1oc(-c2ccccc2)nc1CCOc1ccc(C[C@@]2(C(=O)O)CCCO2)nc1,408.168522,8,3.84282,0,6,1,94.68,
CHEMBL1946758,COc1ccc2c(-n3c(=O)n(Cc4ccc(Cl)c(O[C@H](C)C(=O)O)c4)c4ccc(OC(F)(F)F)cc43)noc2c1,577.086362,8,5.3942,0,9,1,117.95,
CID_56926095,CC(C(=O)O)OC1=C(C=CC(=C1)CN2C3=C(C=C(C=C3)OC(F)(F)F)N(C2=O)C4=NOC5=C4C=CC(=C5)OC)Cl,577.086362,8,5.3942,0,9,1,117.95,
CHEMBL3109596,CC1=C(C2=CC=CC=C2N1)C(C3=CC=CC=C3Cl)NC4=CC(=C(C=C4)OC)OC,406.144806,6,6.34842,0,3,2,46.28,
CHEMBL4161905,CN1C2=C(C=CC(=C2)OC3=C(C=CC=N3)F)N=C1COC4=CC=CC(=C4)C(=O)O,393.112484,6,4.1769,0,6,1,86.47,
CHEMBL4759931,CC(C)OC1=CC(=CC2=C1N=C(N2C)COC3=CC=CC(=C3)C(=O)O)OC4=CC(=NC=C4)OC,463.174336,9,4.8336,0,8,1,104.93,
CHEMBL4451764,CC(C)C1=NN(C2=C1C(=CC(=N2)C3CC3)C(=O)O)C4=CC=C(C=C4)Br,399.058239,4,4.882,0,4,1,68.01,
CHEMBL522575,CC1=CC(=C(C=C1)NC(=O)C2=CC(=CC=C2)S(=O)(=O)N3C=CC4=C3C=C(C=C4)C)C(=O)O,448.109293,5,4.44564,0,5,2,105.47,
CHEMBL4240310,CC1=C(C=CC(=C1)SC(CC2=CC(=C(C(=C2)F)F)F)C3=CC=C(C=C3)C4=CC=C(C=C4)F)OCC(=O)O,526.122578,9,7.75792,0,3,1,46.53,
CHEMBL511100,COCCC#CCOC1=C(C=CC(=C1)COC2=CC=C(C=C2)C(F)(F)F)SC3=C4CCCCC4=C(C=C3)OCC(=O)O,600.179344,12,7.1965,0,6,1,74.22,
CHEMBL3597403,C1=CC=C(C=C1)CN2C=C(C3=C2C=CC(=C3)OCCCOC4=CC(=CC=C4)OCC5=CC=C(C=C5)Cl)CC(=O)O,555.181251,13,7.397,0,5,1,69.92,
CHEMBL255426,CCCCCCOC1=C(C=C(C=C1)CC(CC)C(=O)O)CNC(=O)C2=CC=C(C=C2)C34CC5CC(C3)CC(C5)C4,545.350509,14,7.6968,0,3,2,75.63,
CHEMBL4208928,CCOC(=O)C(C)(C)OC1=CC=C(C=C1)C(=O)C2=CC3=C(C=CC(=C3)[N+](=O)[O-])OC2=O,425.111067,7,3.6527,0,8,0,125.95,
CHEMBL119869,O=C(Nc1ccc(OCc2cccs2)cc1C(=O)[O-])c1ccc(Cl)cc1Cl.[Li+],427.002414,6,1.2537,0,5,1,78.46,
CHEMBL2035067,CC1=C(C=CC(=C1)SC(C2=C(N=C(S2)C3=CC=C(C=C3)C(F)(F)F)C)C(C4=CC=CC=C4)C5=CC=CC=C5)OCC(=O)O,619.14627,10,9.57464,0,5,1,59.42,
CHEMBL1760399,CCCCN(C1=CC=CC(=C1C)C2=CC=C(C=C2)Cl)S(=O)(=O)C3=C(C(=C(C=C3)OC(C)C(=O)O)Cl)Cl,569.059727,10,7.46952,0,4,1,83.91,
CHEMBL372850,CC(C)C1=CC(=CC=C1)N2C3=CC=CC=C3C(=C2C(=O)O)OC4=CC=CC(=C4)O,387.147058,5,5.95,0,4,2,71.69,
CID_22728016,CC1=C(SC(=N1)C2=CC=C(C=C2)C(F)(F)F)COC3=CC=C(C=C3)C=CC(=O)O,419.080299,6,5.81412,0,4,1,59.42,
CHEMBL241299,Cc1cc(OCC[C@@H](C)Oc2ccc(Cl)cc2-c2ccccn2)ccc1CCC(=O)O,439.155036,10,5.96402,0,4,1,68.65,
CID_11247654,CC1=C(C=CC(=C1)OCCC(C)OC2=C(C=C(C=C2)Cl)C3=CC=CC=N3)CCC(=O)O,439.155036,10,5.96402,0,4,1,68.65,
CHEMBL246624,O=C(O)C[C@@H]1CCc2cc(OCCc3nc(-c4ccccc4)oc3CCc3ccccc3)ccc21,467.209658,10,6.2528,0,4,1,72.56,
CID_44442475,C1CC2=C(C1CC(=O)O)C=CC(=C2)OCCC3=C(OC(=N3)C4=CC=CC=C4)CCC5=CC=CC=C5,467.209658,10,6.2528,0,4,1,72.56,
CID_170453216,CC(=CCCC1(CCC2=C(O1)C=CC(=C2)OCC3=CC=C(C=C3)F)C)CCC=NNC4=C(C=C(C=N4)Cl)C(F)(F)F,589.211918,11,9.1602,0,5,1,55.74,
CHEMBL4246394,CC1=C(C=CC(=C1)SC(CC2=CC(=C(C(=C2)F)F)F)C3=CN=C(C=C3)C4=CC=C(C=C4)C(F)(F)F)OCC(=O)O,577.114634,9,8.03262,0,4,1,59.42,
CHEMBL1079911,CC1=C(C=CC(=C1)OCC2=NC(=C(O2)C3=CC=C(C=C3)C4=CC=CC=C4)C5=CC=C(C=C5)OC)OCC(=O)O,521.183838,10,7.03502,0,6,1,91.02,
CHEMBL392950,C1CC2=C(C=CC(=C2C1)SCC3=CC=C(C=C3)OCC4=C(C=C(C=C4)F)C(F)(F)F)OCC(=O)O,506.117493,9,6.6679,0,4,1,55.76,
CHEMBL3914680,CCC1=CC(=NC=C1CCC(=O)O)OCCC2=C(OC(=N2)C3=CC=C(C=C3)C(=O)N)C,423.179421,10,3.34502,0,6,2,128.54,
CHEMBL3091499,CCCCCCC(C(=O)O)SC1=NC(=CC(=N1)Cl)NC2=NC(=CS2)C3=CC=C(C=C3)C,476.110746,11,6.82122,0,7,2,88.0,
CHEMBL2153840,CC(C)(C(=O)NS(=O)(=O)C)OC1=CC=C(C=C1)Cl,291.033207,4,1.5732,0,4,1,72.47,
CHEMBL1076175,CC1=C(C=CC(=C1)OCC2=NC(=C(S2)C3=CC=C(C=C3)OC(F)(F)F)C4=CC=C(C=C4)C5=CC=CC=C5)OCC(=O)O,591.132729,10,8.39352,0,6,1,77.88,
CHEMBL1081964,CC1=C(C=CC(=C1)OCC2=NC(=C(S2)C3=CC=C(C=C3)OC)C4=CC=C(C=C4)OC)OCC(=O)O,491.140259,10,5.84512,0,7,1,87.11,
CHEMBL1813202,CCOc1cc(N2C(=O)c3ccccc3C2=O)ccc1CCc1ccc(C[C@H](CC)C(=O)O)cc1,471.204573,10,5.3244,0,4,1,83.91,
CHEMBL1813203,CCOc1cc(N2C(=O)c3ccccc3C2=O)ccc1CCc1ccc(C[C@@H](CC)C(=O)O)cc1,471.204573,10,5.3244,0,4,1,83.91,
CHEMBL1813197,CCC(CC1=CC=C(C=C1)CCC2=C(C=C(C=C2)N3C(=O)C4=CC=CC=C4C3=O)OCC)C(=O)O,471.204573,10,5.3244,0,4,1,83.91,
CHEMBL202246,CCCC1=C(C=CC2=C1C=CC(=C2)C(=O)C3=CC=CC=C3)OCCCOC4=CC5=C(C=C4)C=CN5CC(=O)O,521.220223,12,6.9105,0,5,1,77.76,
CID_121269679,CC1=C(C(=NN1)C2=CC=C(C=C2)C3=CC=CO3)CC4=CC=CC=C4OCC=C(C)CCC(=O)O,456.204907,10,6.42582,0,4,2,88.35,
CHEMBL4740848,C/C(=C\COc1ccccc1Cc1c(C)n[nH]c1-c1ccc(-c2ccco2)cc1)CCC(=O)O,456.204907,10,6.42582,0,4,2,88.35,
CID_118719401,CCCCCC=CCC=CCCCCCCCC(=O)OC1CCC2(C3(CCC4(C(C3=CC(C2(C1)O)O)CCC4C(C)C=CC(C)C(C)C)C)O)C,708.569276,19,10.9757,0,5,3,86.99,
CHEMBL234905,Cc1cc(C#CC(/C=C\COc2ccc(OCC(=O)O)c(C)c2)c2ccc(Br)cc2)ccc1F,522.0842,8,6.43894,0,3,1,55.76,
CID_44432846,CC1=C(C=CC(=C1)C#CC(C=CCOC2=CC(=C(C=C2)OCC(=O)O)C)C3=CC=C(C=C3)Br)F,522.0842,8,6.43894,0,3,1,55.76,
CID_53319204,COC1=CC=C(C=C1)C(=O)C2=CC=CN2CC=CC3=CC=CC(=C3)CC(=O)O,375.147058,8,4.0682,0,4,1,68.53,
CHEMBL1641710,COc1ccc(C(=O)c2cccn2C/C=C/c2cccc(CC(=O)O)c2)cc1,375.147058,8,4.0682,0,4,1,68.53,
CHEMBL3414623,CC1=CN(C2=CC=CC=C12)CCN3CCN(CC3)C4=CC=CC=C4C5=CC(=CC(=C5)C#N)C(=O)NCCCN6CCCC6,574.34201,10,5.5263,0,6,1,67.54,
CHEMBL108766,CCCCCCCCCCCC(=O)O,200.17763,10,3.9919,0,1,1,37.3,
CHEMBL2237302,CC(C)O[C@H](Cc1ccc(OCc2noc(-c3cc(C(F)(F)F)cc(C(F)(F)F)c3)n2)cc1)C(=O)O,518.127641,9,5.7739,0,6,1,94.68,
CHEMBL109161,CCCC1=C(C=CC2=C1ON=C2C(F)(F)F)OC(C3=CC=CC=C3)C(=O)O,379.103143,6,5.0038,0,4,1,72.56,
CHEMBL221438,CC1=C(N=C(O1)C2=CC(=CC=C2)OC)CCOC3=CN=C(C=C3)CC4(CCCO4)C(=O)O,438.179087,9,3.85142,0,7,1,103.91,
CHEMBL4753247,CC1=CC(=CC2=C1N=C(N2C)COC3=CC=CC(=C3)C(=O)O)OC4=CC(=NC=C4)OC,419.148121,7,4.35482,0,7,1,95.7,
CHEMBL383132,C1=CC=C(C=C1)C(=O)C2=CC3=C(C=C2)C=C(C=C3)OCCCOC4=CC=CC5=C4C=CN5CC(=O)O,479.173273,10,5.958,0,5,1,77.76,
CHEMBL540732,CCCCC/C(=C\CCCCCCCCCCC(=O)O)[N+](=O)[O-],327.240959,16,5.7129,0,3,1,80.44,
CID_44221101,CCCCCC(=CCCCCCCCCCCC(=O)O)[N+](=O)[O-],327.240959,16,5.7129,0,3,1,80.44,
CHEMBL393593,Cc1ccc(-c2ncc(C)c(N(C)CCCOc3ccc4c(c3)CC[C@H]4CC(=O)O)n2)cc1,445.236542,9,5.17024,0,5,1,75.55,
CID_44439711,CC1=CC=C(C=C1)C2=NC=C(C(=N2)N(C)CCCOC3=CC4=C(C=C3)C(CC4)CC(=O)O)C,445.236542,9,5.17024,0,5,1,75.55,
CHEMBL4212837,CN(Cc1ccccc1OCCC/C=C/C(=O)O)C(=O)c1ccc(-c2ccco2)cc1,419.173273,10,5.0186,0,4,1,79.98,
CID_121269382,CN(CC1=CC=CC=C1OCCCC=CC(=O)O)C(=O)C2=CC=C(C=C2)C3=CC=CO3,419.173273,10,5.0186,0,4,1,79.98,
CHEMBL50259,C1=CC=C(C=C1)OC2=CC=C(C=C2)OCCCOC3=CC=C(C=C3)C4C(=O)NC(=O)S4,435.114044,9,5.3509,0,6,1,73.86,
CHEMBL3262946,CCC1=CC=C(C=C1)C(=O)NC2=CC=CC=C2C(=O)NCCCC(=O)O,354.157957,8,3.0959,0,3,3,95.5,
CHEMBL1956371,C1=CC(=CC=C1C(C(=O)O)OC2=C(C=C(C=C2)Cl)F)Cl,313.991278,4,4.3372,0,2,1,46.53,
CHEMBL370648,CC(C)(C)C1=CC=C(C=C1)N2C3=C(C=C(C=C3)Cl)C(=C2C(=O)O)OC4=CC(=C(C=C4)Cl)C(F)(F)F,521.077234,4,8.7441,0,3,1,51.46,
CHEMBL4467075,CC(C)(C1=CC=C(C=C1)F)OC2=CC=C(C=C2)CNC3=CC=CC(=C3)C(=O)O,379.158372,7,5.4501,0,3,2,58.56,
CHEMBL2035066,CC1=C(C=CC(=C1)SC(CC2=C3C=CC=CC3=CC4=CC=CC=C42)C5=C(N=C(S5)C6=CC=C(C=C6)C(F)(F)F)C)OCC(=O)O,643.14627,9,10.29164,0,5,1,59.42,
CHEMBL3932461,CCC1=C(C=CC(=C1)OCCC2=C(OC(=N2)C3=CC=C(C=C3)C)C)CCC(=O)O,393.194008,9,5.15954,0,4,1,72.56,
CHEMBL4548269,CC1=CC(=C2C(=NN(C2=N1)C3=CC=C(C=C3)I)C(C)C)C(=O)O,421.028725,3,4.15512,0,4,1,68.01,
CHEMBL1934311,CC1=C(SC(=N1)C2=CC=C(C=C2)Cl)C(=O)NCC3CCN(CC3)C4=CC=CC(=C4)C(=O)O,469.12269,6,5.11652,0,5,2,82.53,
CHEMBL497991,COC1=CC2=C(C=C1)C=CN2S(=O)(=O)C3=CC=CC(=C3)C(=O)NC4=C(C=C(C=C4)Cl)C(=O)O,484.049585,6,4.4908,0,6,2,114.7,
CHEMBL234661,C1CC2=C(C=CC(=C2C1)SCC3=CC=C(C=C3)OCC4=CC=C(C=C4)Cl)OCC(=O)O,454.100558,9,6.1634,0,4,1,55.76,
CHEMBL5558620,NS(=O)(=O)c1ccc(NC2=NC(=O)/C(=C/c3ccc(OCc4ccc(Cl)cc4)cc3)S2)cc1,499.042726,6,4.6488,0,6,2,110.85,
CID_177373629,C1=CC(=CC=C1COC2=CC=C(C=C2)C=C3C(=O)NC(=NC4=CC=C(C=C4)S(=O)(=O)N)S3)Cl,499.042726,6,4.458,0,6,2,110.85,
CHEMBL1081353,CCCCOC1=C(C=C(C=C1)C2=CC(=C(C=C2)C(=O)O)C)CNC(=O)C3=C(C=C(C=C3)C(F)(F)F)F,503.171971,9,6.62702,0,3,2,75.63,
CHEMBL199677,CC[C@@H](C(=O)O)[C@H]1CCc2cc(OCCc3nc(-c4ccc(C)cc4)oc3C)ccc21,419.209658,8,5.72054,0,4,1,72.56,
CHEMBL200571,CC[C@@H](C(=O)O)[C@@H]1CCc2cc(OCCc3nc(-c4ccc(C)cc4)oc3C)ccc21,419.209658,8,5.72054,0,4,1,72.56,
CHEMBL476897,CC1=C(N=C(O1)C2=CC=CC=C2)CC#CC3=CC=C(C=C3)CC(C4=CC=CC(=C4)C5=CC=CC=C5)C(=O)O,497.199094,7,7.32212,0,3,1,63.33,
CHEMBL39176,N[C@@H](Cc1c[nH]c2ccccc12)C(=O)N[C@@H](CCC(=O)O)C(=O)O,333.132471,8,0.4719,0,4,5,145.51,
CID_7009663,C1=CC=C2C(=C1)C(=CN2)CC(C(=O)NC(CCC(=O)O)C(=O)O)N,333.132471,8,0.4719,0,4,5,145.51,
CHEMBL506419,CC(C)(C#CCOC1=C(C=CC(=C1)COC2=CC=C(C=C2)C(F)(F)F)SC3=C4CCCCC4=C(C=C3)OCC(=O)O)O,600.179344,10,6.9309,0,6,2,85.22,
CHEMBL3398457,Cc1oc(-c2ccccc2)nc1CCOc1cccc(CC[C@H]2CN(C(=O)Oc3ccccc3)C[C@@H]2C(=O)O)c1,540.226037,10,6.03572,0,6,1,102.1,
CHEMBL477940,CN(CC#CC1=CC=C(C=C1)CC(C(=O)O)N2C=CC=C2)C3=CC=CC=N3,359.163377,6,3.2394,0,4,1,58.36,
CID_10136660,COC(CC1=CC=C(C=C1)C#CCCOC2=CC=C(C=C2)OC3=CC=CC=C3)C(=O)O,416.162374,9,4.9416,0,4,1,64.99,
CHEMBL181656,CO[C@@H](Cc1ccc(C#CCCOc2ccc(Oc3ccccc3)cc2)cc1)C(=O)O,416.162374,9,4.9416,0,4,1,64.99,
CHEMBL2204699,CC(C)(C(=O)O)OC1=CC=C(C=C1)CCOC2=NC3=CC=CC=C3S2,357.103479,7,4.1598,0,5,1,68.65,
CHEMBL77040,CC(C)OC(CC1=CC=C(C=C1)OCCC2=NOC(=N2)C3=CC=CC=C3)C(=O)O,396.168522,10,3.7788,0,6,1,94.68,
CHEMBL1778833,CCCCCCC1=C(N=C(O1)C2=CC=CC=C2Cl)CCC3=NOC4=C3C=CC(=C4)OC(C)(C)C(=O)O,510.19215,12,7.2862,0,6,1,98.59,
CHEMBL4162949,CCOC(=O)C(Cc1ccc(OCCn2c(=O)sc3cc(C(=O)/C=C/c4cc(OC)cc(OC)c4)ccc32)cc1)OCC,605.208338,15,5.566,0,10,0,102.29,
CID_145959499,CCOC(CC1=CC=C(C=C1)OCCN2C3=C(C=C(C=C3)C(=O)C=CC4=CC(=CC(=C4)OC)OC)SC2=O)C(=O)OCC,605.208338,15,5.566,0,10,0,102.29,
CHEMBL4640515,CC1=CN=C(N1CC2=CC=CC=C2OCCCCCC(=O)O)C3=CC=C(C=C3)C4=CC=CO4,444.204907,11,6.19062,0,5,1,77.49,
CHEMBL1946567,C[C@@H](Oc1cc(Cn2c(=O)n(C(=O)c3ccc(Cl)cc3)c3ccc(C(F)(F)F)cc32)ccc1Cl)C(=O)O,552.046662,6,5.7173,0,6,1,90.53,
CID_56925892,CC(C(=O)O)OC1=C(C=CC(=C1)CN2C3=C(C=CC(=C3)C(F)(F)F)N(C2=O)C(=O)C4=CC=C(C=C4)Cl)Cl,552.046662,6,5.7173,0,6,1,90.53,
CHEMBL4519021,CCOC1=C(C=C(C=C1)C2=CC=C(C=C2)COCC3=NN(C(=O)N3C4=CC=CC=C4F)C5=CC=C(C=C5)C(F)(F)F)CC(=O)O,621.188684,11,6.5907,0,7,1,95.58,
CHEMBL176421,CCCC1=C(C=CC2=C1ON=C2C3=CC=CC=C3)OCCCCOC4=CC=CC=C4CC(=O)O,459.204573,12,6.3124,0,5,1,81.79,
CID_156703595,COC1=CC=C(C=C1)C=CC2=CC(=CC(=C2)OCC3=CC(=C(C=C3)OCC(=O)O)F)OC,438.147867,10,5.0557,0,5,1,74.22,
CHEMBL328099,CCO[C@@H](Cc1ccc(OCC=C(c2ccc(OC)cc2)c2ccc(OC)cc2)cc1)C(=O)O,462.204239,12,5.2467,0,5,1,74.22,
CID_44321463,CCOC(CC1=CC=C(C=C1)OCC=C(C2=CC=C(C=C2)OC)C3=CC=C(C=C3)OC)C(=O)O,462.204239,12,5.2467,0,5,1,74.22,
CHEMBL2035063,CC1=C(C=CC(=C1)SC(CC2=C(C(=C(C(=C2F)F)F)F)F)C3=C(N=C(S3)C4=CC=C(C=C4)C(F)(F)F)C)OCC(=O)O,633.067861,9,8.68074,0,5,1,59.42,
CHEMBL2322437,CCc1nc2ccn(Cc3ccccc3)c(=O)c2n1[C@H]1CCc2cc(-c3ccccc3-c3nnn[nH]3)ccc21,513.227708,6,5.1914,0,7,1,94.28,
CID_46184983,CCC1=NC2=C(N1C3CCC4=C3C=CC(=C4)C5=CC=CC=C5C6=NNN=N6)C(=O)N(C=C2)CC7=CC=CC=C7,513.227708,6,5.1914,0,7,1,94.28,
CHEMBL391987,Cc1sc(-c2ccccc2F)nc1CCOc1ccc2c(c1)CC[C@H]2CC(=O)O,411.130443,7,5.38362,0,4,1,59.42,
CID_44442456,CC1=C(N=C(S1)C2=CC=CC=C2F)CCOC3=CC4=C(C=C3)C(CC4)CC(=O)O,411.130443,7,5.38362,0,4,1,59.42,
CHEMBL363154,C1C(OC2=C1C=C(C=C2)OCCCOC3=C(C=C(C=C3)OCC(F)(F)F)Cl)C(=O)O,446.074401,9,4.5171,0,5,1,74.22,
CID_162677478,CC(=O)N1CCC(CC1)C(C2=CC=CC=C2)(C3=CC4=C(C=C3)N=C(C(=C4Cl)CC5=CC=C(C=C5)N6C=CC=N6)OC)O,580.224119,7,6.1677,0,6,1,80.48,
CHEMBL4802042,COc1nc2ccc([C@@](O)(c3ccccc3)C3CCN(C(C)=O)CC3)cc2c(Cl)c1Cc1ccc(-n2cccn2)cc1,580.224119,7,6.1677,0,6,1,80.48,
CHEMBL3781952,CC(C)(C(=O)NS(=O)(=O)C1=CC=CC=C1)OC2=CC=C(C=C2)C(=O)C3=CC=C(C=C3)Cl,457.075071,7,4.2335,0,5,1,89.54,
CHEMBL293526,CC1=C(N=C(O1)C2=CC=CC=C2)CCOC3=CC=C(C=C3)CC4C(=O)NOC4=O,392.137222,7,3.01822,0,6,1,90.66,
CHEMBL4164753,CN1C2=C(C=CC(=C2)OC3=CC(=C(C=C3)Cl)F)N=C1COC4=CC=CC(=C4)C(=O)O,426.078263,6,5.4353,0,5,1,73.58,
CHEMBL246200,Cc1oc(-c2ccccc2)nc1CCOc1ccc2c(c1)CCC[C@H]2CC(=O)O,391.178358,7,5.16612,0,4,1,72.56,
CID_44442440,CC1=C(N=C(O1)C2=CC=CC=C2)CCOC3=CC4=C(C=C3)C(CCC4)CC(=O)O,391.178358,7,5.16612,0,4,1,72.56,
CHEMBL604491,CC1=CC(=NO1)C(CC2=CC=C(C=C2)CCCC3=C(OC(=N3)C4=CC=CC=C4)C)C(=O)O,430.189257,9,5.53264,0,5,1,89.36,
CHEMBL1946953,COc1ccc2c(-n3c(=O)n(Cc4cc(O[C@H](C)C(=O)O)ccc4Cl)c4cc(C(F)(F)F)ccc43)noc2c1,561.091448,7,5.5144,0,8,1,108.72,
CID_56926097,CC(C(=O)O)OC1=CC(=C(C=C1)Cl)CN2C3=C(C=CC(=C3)C(F)(F)F)N(C2=O)C4=NOC5=C4C=CC(=C5)OC,561.091448,7,5.5144,0,8,1,108.72,
CHEMBL495818,CC1=C(C=CC(=C1C)SC2=C(C=C(C=C2)COC3=CC=C(C=C3)C(F)(F)F)OCCOC)OCC(=O)O,536.148044,12,6.54104,0,6,1,74.22,
CHEMBL373237,CC(C)(C)C1=CC=C(C=C1)N2C3=CC=CC=C3C(=C2C(=O)O)OC4=CC=CC(=C4)C(F)(F)F,453.155178,4,7.4373,0,3,1,51.46,
CHEMBL118492,CCC(CC1=CC(=C(C=C1)OC)C(=O)NCC2=CC=C(C=C2)Cl)C(=O)O,375.123736,8,3.9319,0,3,2,75.63,
CHEMBL491622,CCOC(CC1=CC=C(C=C1)OCCN2CCC(=CC2)C3=NC=CN=C3)C(=O)O,397.200156,10,2.6769,0,6,1,84.78,
CHEMBL4470507,CCCCCCCC1=CC(=NO1)CCCCCC(=O)O,281.199094,12,4.375,0,3,1,63.33,
CHEMBL54197,CCCC1=C(C=CC(=C1)OC2=CC=C(C=C2)C)OCCCOC3=CC=C(C=C3)C4C(=O)NC(=O)S4,491.176644,11,6.61182,0,6,1,73.86,
CHEMBL239351,Cc1cnc(-c2ccccc2)nc1N(C)CCCOc1ccc2c(c1)CC[C@H]2CC(=O)O,431.220892,9,4.86182,0,5,1,75.55,
CID_44439710,CC1=CN=C(N=C1N(C)CCCOC2=CC3=C(C=C2)C(CC3)CC(=O)O)C4=CC=CC=C4,431.220892,9,4.86182,0,5,1,75.55,
CHEMBL223629,Cn1ccc2cc(OCCCOc3ccc4c(c3)CC[C@H]4CC(=O)O)ccc21,379.178358,8,4.5307,0,4,1,60.69,
CID_24776388,CN1C=CC2=C1C=CC(=C2)OCCCOC3=CC4=C(C=C3)C(CC4)CC(=O)O,379.178358,8,4.5307,0,4,1,60.69,
CHEMBL248259,CC1CC2=C(C1CC(=O)O)C=CC(=C2)OCCC3=C(OC(=N3)C4=CC=CC=C4)C,391.178358,7,5.02202,0,4,1,72.56,
CHEMBL354863,CCOC(Cc1ccc(OCC/C=C2/c3ccccc3COc3ccccc32)cc1)C(=O)O,444.193674,9,5.512,0,4,1,64.99,
CID_44379496,CCOC(CC1=CC=C(C=C1)OCCC=C2C3=CC=CC=C3COC4=CC=CC=C42)C(=O)O,444.193674,9,5.512,0,4,1,64.99,
CHEMBL218794,CCCCCCCCCCCCCCCCCCNS(=O)(=O)N,348.28105,18,5.041,0,2,2,72.19,
CHEMBL4789687,CN1C2=C(C=CC(=C2)OC3=CN=CC=C3)N=C1COC4=CC=CC(=C4)C(=O)O,375.121906,6,4.0378,0,6,1,86.47,
CHEMBL4171548,CC1=C(C=CC(=C1)F)OC2=CC3=C(C=C2)N=C(N3C)COC4=CC=CC(=C4)C(=O)O,406.132885,6,5.09032,0,5,1,73.58,
CHEMBL1080534,CC1=C(C=CC(=C1)SCC2=NC(=C(O2)C3=CC=C(C=C3)OC)C4=CC=C(C=C4)OC)OCC(=O)O,491.140259,10,6.08992,0,7,1,91.02,
CHEMBL4288124,C1C(C2=C(O1)C=C(C=C2)OCCCOC3=CC(=CC=C3)Br)CC(=O)O,406.041586,8,4.2477,0,4,1,64.99,
CHEMBL372107,CCOC1=CC(=CC=C1)OC2=C(N(C3=CC=CC=C32)C4=CC=C(C=C4)C(C)(C)C)C(=O)O,429.194008,6,6.8172,0,4,1,60.69,
CHEMBL324856,CCCC1=CC2=C(C(=C1OC(C3=CC=C(C=C3)C(C)C)C(=O)O)CCC)ON=C2C(F)(F)F,463.197043,9,7.0797,0,4,1,72.56,
CHEMBL391782,Cc1sc(-c2cccc(F)c2)nc1CCOc1ccc2c(c1)CC[C@H]2CC(=O)O,411.130443,7,5.38362,0,4,1,59.42,
CID_44442455,CC1=C(N=C(S1)C2=CC(=CC=C2)F)CCOC3=CC4=C(C=C3)C(CC4)CC(=O)O,411.130443,7,5.38362,0,4,1,59.42,
CHEMBL4177154,CC1=CC=C(C=C1)OC2=NC=C3C(=C2)N(C(=N3)COC4=CC=CC(=C4)C(=O)O)C,389.137556,6,4.34622,0,6,1,86.47,
CHEMBL1081786,CC1=C(C=CC(=C1)OCCCSC2=NC(=C(S2)C3=CC=C(C=C3)OC)C4=CC=C(C=C4)OC)OCC(=O)O,551.14363,13,6.82732,0,8,1,87.11,
CHEMBL575316,CC(C(=O)O)SC1=NC2=C(S1)C=C(C=C2)Br,316.917983,3,3.624,0,4,1,50.19,
CHEMBL172959,CCCc1c(OCCCOc2ccc(/C=C/C(=O)O)cc2)ccc2c(-c3ccccc3)noc12,457.188923,11,6.393,0,5,1,81.79,
CID_44384407,CCCC1=C(C=CC2=C1ON=C2C3=CC=CC=C3)OCCCOC4=CC=C(C=C4)C=CC(=O)O,457.188923,11,6.393,0,5,1,81.79,
CHEMBL234666,C1CC2=C(C=CC(=C2C1)SCC3=C(C=C(C=C3)F)OCC4=CC=C(C=C4)C(F)(F)F)OCC(=O)O,506.117493,9,6.6679,0,4,1,55.76,
CHEMBL241472,CCc1ccc(O[C@H](C)CCOc2ccc(CCC(=O)O)c(C)c2)c(-c2cccnc2)c1,433.225308,11,5.87302,0,4,1,68.65,
CID_44439626,CCC1=CC(=C(C=C1)OC(C)CCOC2=CC(=C(C=C2)CCC(=O)O)C)C3=CN=CC=C3,433.225308,11,5.87302,0,4,1,68.65,
CHEMBL237086,CC1=C(C=CC(=C1)OC2=CC=CC(=C2)CNC(=O)C3=C(C=C(C=C3)Cl)C)OC(C)(C)C(=O)O,467.149951,8,5.92114,0,4,2,84.86,
CID_172468954,COC1=CC=C(C=C1)S(=O)(=O)N2C=C(C3=C2C=CC(=C3)C4CC4)CCC(=O)O,399.114044,7,3.7815,0,5,1,85.6,
CHEMBL4536821,CCC(C(=O)O)SC1=NC(=CC(=N1)Cl)NC2=CC=CC(=C2C)C,351.080825,6,4.44574,0,5,2,75.11,
CHEMBL1079981,COC1=CC=C(C=C1)C2=C(SC(=N2)COC3=CC(=CC=C3)OCC(=O)O)C4=CC=C(C=C4)C(F)(F)F,515.101428,9,6.5469,0,6,1,77.88,
CHEMBL2037587,CC1=C(C=CC(=C1)SC(CC2=C(C=CC=C2Cl)F)C3=C(N=C(S3)C4=CC=C(C=C4)C(F)(F)F)C)OCC(=O)O,595.066576,9,8.77774,0,5,1,59.42,
CHEMBL501979,CC1=C(C=CC(=C1C)SC2=C(C=C(C=C2)COC3=CC=C(C=C3)C(F)(F)F)OCC4=CC=NC=C4)OCC(=O)O,569.148379,11,7.48984,0,6,1,77.88,
CHEMBL478334,Cc1oc(-c2ccccc2)nc1CCCc1ccc(C[C@H](C(=O)O)n2cccc2)cc1,414.194343,9,5.49522,0,4,1,68.26,
CHEMBL4789439,CC1=NC(=C(C=C1)OC2=CC3=C(C(=C2)OC)N=C(N3C)COC4=CC=CC(=C4)C(=O)O)C,433.163771,7,4.66324,0,7,1,95.7,
CHEMBL461944,Cc1c(Oc2ccc(Cl)cc2)c2ccc(Cl)nc2n1Cc1ccc(Cl)c(O[C@@H](C)C(=O)O)c1,504.04104,7,6.99742,0,5,1,73.58,
CID_25166956,CC1=C(C2=C(N1CC3=CC(=C(C=C3)Cl)OC(C)C(=O)O)N=C(C=C2)Cl)OC4=CC=C(C=C4)Cl,504.04104,7,6.99742,0,5,1,73.58,
CHEMBL475989,CC1=C(N=C(O1)C2=CC(=CC=C2)C(F)(F)F)CCOC3=CC4=C(C=C3)C=C(C(=O)O4)C(=O)OC,473.108622,6,5.18332,0,7,0,91.77,
CHEMBL4787617,CN1C2=C(C=CC(=C2)OC3=CC(=NC=C3)Cl)N=C1COC4=CC=CC(=C4)C(=O)O,409.082934,6,4.6912,0,6,1,86.47,
CHEMBL1079925,CCOC1=CC=C(C=C1)C2=C(SC(=N2)COC3=CC(=C(C=C3)OCC(=O)O)C)C4=CC=C(C=C4)OC(F)(F)F,559.127643,11,7.12522,0,7,1,87.11,
CHEMBL4743546,C/C(=C\COc1ccccc1Cn1c(C)cnc1-c1ccc(-c2ccco2)cc1)CCC(=O)O,456.204907,10,6.35672,0,5,1,77.49,
CID_121269564,CC1=CN=C(N1CC2=CC=CC=C2OCC=C(C)CCC(=O)O)C3=CC=C(C=C3)C4=CC=CO4,456.204907,10,6.35672,0,5,1,77.49,
CHEMBL4240680,CC(C)(C(=O)O)OC1=CC=CC(=C1)NCC2=CC=C(C=C2)OCC3=CC=C(C=C3)OC,421.188923,10,5.1283,0,5,2,77.02,
CHEMBL2036997,CCc1ccc(O[C@H](C)CCOc2ccc(CCC(=O)O)c(C)c2)c(Cc2ccccc2)c1,446.24571,12,6.40182,0,3,1,55.76,
CHEMBL212591,CCC1=CC(=C(C=C1)OC(C)CCOC2=CC(=C(C=C2)CCC(=O)O)C)CC3=CC=CC=C3,446.24571,12,6.40182,0,3,1,55.76,
CID_156016887,CC(=O)NC1=CC=C(C=C1)S(=O)(=O)NC(=O)C(C)(C)OC2=CC=C(C=C2)CCOC3=CC=C(C=C3)N=NC4=CC=CC=C4,600.204256,12,6.3444,0,8,2,135.52,
CHEMBL4642679,CC(=O)Nc1ccc(S(=O)(=O)NC(=O)C(C)(C)Oc2ccc(CCOc3ccc(/N=N/c4ccccc4)cc3)cc2)cc1,600.204256,12,6.3444,0,8,2,135.52,
CHEMBL583378,C1=CC(=CC=C1C2=COC3=C(C2=O)C=CC(=C3)O)F,256.053572,1,3.3047,0,3,1,50.44,
CHEMBL4104907,C1=CC2=C(C=C1S(=O)(=O)N3C4=C(C=C(C=C4)Cl)C=C3CCCC(=O)O)SC(=N2)N,449.027076,6,4.1309,0,7,2,115.28,
CHEMBL4168900,CN1C2=C(C=CC(=C2)OC3=NC=CC(=C3)Cl)N=C1COC4=CC=CC(=C4)C(=O)O,409.082934,6,4.6912,0,6,1,86.47,
CHEMBL248412,Cc1sc(-c2ccc3c(c2)OCO3)nc1CCOc1ccc2c(c1)CC[C@H]2CC(=O)O,437.129694,7,4.97322,0,6,1,77.88,
CID_10288123,CC1=C(N=C(S1)C2=CC3=C(C=C2)OCO3)CCOC4=CC5=C(C=C4)C(CC5)CC(=O)O,437.129694,7,4.97322,0,6,1,77.88,
CHEMBL434063,CN(CCOc1ccc(C[C@H](Nc2ccccc2C(=O)c2ccccc2)C(=O)O)cc1)c1ccccn1,495.215806,12,4.9356,0,6,2,91.76,
CID_6518171,CN(CCOC1=CC=C(C=C1)CC(C(=O)O)NC2=CC=CC=C2C(=O)C3=CC=CC=C3)C4=CC=CC=N4,495.215806,12,4.9356,0,6,2,91.76,
CHEMBL567389,C[C@@H](Sc1nc2cc(Cl)ccc2s1)C(=O)O,272.968498,3,3.5149,0,4,1,50.19,
CHEMBL566081,CC(C(=O)O)SC1=NC2=C(S1)C=CC(=C2)Cl,272.968498,3,3.5149,0,4,1,50.19,
CHEMBL583796,C[C@H](Sc1nc2cc(Cl)ccc2s1)C(=O)O,272.968498,3,3.5149,0,4,1,50.19,
CID_10115344,CCOC(CC1=CC=C(C=C1)OCCCOC2=CC=C(C=C2)OC3=CC=CC=C3)C(=O)O,436.188589,13,5.359,0,5,1,74.22,
CHEMBL360368,CCO[C@@H](Cc1ccc(OCCCOc2ccc(Oc3ccccc3)cc2)cc1)C(=O)O,436.188589,13,5.359,0,5,1,74.22,
CHEMBL3335624,C1=CC=C(C(=C1)C(=O)NC2=CC=CC(=C2)C(=O)O)NC(=O)C3=CC=C(C=C3)Br,438.021519,5,4.6519,0,3,3,95.5,
CHEMBL1760418,CCCCN(C1=C(C=C(C(=C1)C2=CC=C(C=C2)Cl)F)F)S(=O)(=O)C3=C(C(=C(C=C3)OC(C)C(=O)O)C)C,551.134478,10,6.74934,0,4,1,83.91,
CHEMBL3601091,O=C(Nc1ccc(C(=O)NC2CC2)cc1)c1cccc(CN2C(=O)OC[C@H]2Cc2ccccc2)c1,469.200156,8,4.3946,0,4,2,87.74,
CID_90469426,C1CC1NC(=O)C2=CC=C(C=C2)NC(=O)C3=CC=CC(=C3)CN4C(COC4=O)CC5=CC=CC=C5,469.200156,8,4.3946,0,4,2,87.74,
CHEMBL2282521,Cc1oc(-c2ccccc2)nc1CCOc1ccc(C[C@@]2(C(=O)O)CCOCCO2)cc1,437.183838,8,4.07432,0,6,1,91.02,
CID_76309039,CC1=C(N=C(O1)C2=CC=CC=C2)CCOC3=CC=C(C=C3)CC4(CCOCCO4)C(=O)O,437.183838,8,4.07432,0,6,1,91.02,
CHEMBL474947,CC1=C(N=C(O1)C2=CC=CC=C2)CCOC3=CC=C(C=C3)CC4=NN(N=C4C(=O)O)C5=CC=CC=C5,480.179755,9,5.14122,0,7,1,103.27,
CHEMBL5077836,CC1=CC(=CC(=C1OC(C)(C)C(=O)O)C)CN2C(=O)N(C=N2)C3=CC=C(C=C3)C#N,406.164105,6,2.81282,0,7,1,110.14,
CHEMBL1254673,CCCCOC1=C(C=C(C=C1)C2=CC(=CN=C2)C(=O)O)CNC(=O)C3=C(C=C(C=C3)C(F)(F)F)F,490.15157,9,5.7136,0,4,2,88.52,
CHEMBL211963,CCCC1=C(C=CC(=C1)C(F)(F)F)OCCCOC2=CC=C(C=C2)OCC(=O)OC,426.165409,11,5.0576,0,5,0,53.99,
CID_44263429,CC1=C(N=C(O1)C2=CC=CC=C2)CN(CC3=CC=C(C=C3)CC(C(=O)O)N4C=CC=C4)C(=O)C,457.200156,9,4.86862,0,5,1,88.57,
CHEMBL478563,CC(=O)N(Cc1ccc(C[C@@H](C(=O)O)n2cccc2)cc1)Cc1nc(-c2ccccc2)oc1C,457.200156,9,4.86862,0,5,1,88.57,
CHEMBL1090860,Cc1ccc(N2CCN([C@@H](Cc3ccc(OCCc4nc(-c5ccccc5)oc4C)cc3)C(=O)O)CC2)cc1,525.262757,10,5.39784,0,6,1,79.04,
CID_46884868,CC1=CC=C(C=C1)N2CCN(CC2)C(CC3=CC=C(C=C3)OCCC4=C(OC(=N4)C5=CC=CC=C5)C)C(=O)O,525.262757,10,5.39784,0,6,1,79.04,
CHEMBL3907572,CC(C1=CC=C(C=C1)C(F)(F)F)OC(=O)CC2=CC(=CC=C2)SCC3=CC=CC=C3C(=O)O,474.111265,8,6.5428,0,4,1,63.6,
CHEMBL3600934,O=C(NCc1ccccc1)c1ccc(NC(=O)c2cccc(CN3C(=O)OC[C@H]3Cc3ccccc3)c2)cc1,519.215806,9,5.4324,0,4,2,87.74,
CID_90469423,C1C(N(C(=O)O1)CC2=CC(=CC=C2)C(=O)NC3=CC=C(C=C3)C(=O)NCC4=CC=CC=C4)CC5=CC=CC=C5,519.215806,9,5.4324,0,4,2,87.74,
CHEMBL4563335,CCC1=CC(=C2C(=NN(C2=N1)C3=CC=C(C=C3)Cl)C(C)C)C(=O)O,343.108754,4,4.4579,0,4,1,68.01,
CHEMBL198708,CCCCCOc1cc2ccccc2cc1C(O)C/C=C/CCCC(=O)OC,384.23006,12,5.7318,0,4,1,55.76,
CID_44404267,CCCCCOC1=CC2=CC=CC=C2C=C1C(CC=CCCCC(=O)OC)O,384.23006,12,5.7318,0,4,1,55.76,
CHEMBL1079646,CC1=C(C=CC(=C1)OCC2=NC(=C(S2)C3=CC=C(C=C3)Cl)C4=CC=C(C=C4)OC)OCC(=O)O,495.090721,9,6.48992,0,6,1,77.88,
CID_166630878,CC1=C(SC(=N1)C2=CC=C(C=C2)C(F)(F)F)CSC3=CC=C(C=C3)C=CC(=O)O,435.057455,6,6.52742,0,4,1,50.19,
CHEMBL200610,CCC(C(=O)O)C1CCc2cc(OCCc3nc(-c4ccccc4)oc3-c3ccccc3)ccc21,467.209658,9,6.7707,0,4,1,72.56,
CHEMBL327767,CCCC1=C(C=CC(=C1)OC2=CC=C(C=C2)CC(C)C)OCCCOC3=CC=CC(=C3)C4C(=O)NC(=O)S4,533.223594,13,7.5019,0,6,1,73.86,
CHEMBL1779475,CCC(CC1=CC(=C(C=C1)OC)CNC(=O)C2=CC=CC=C2OC3=CC=CC=C3)C(=O)O,433.188923,10,5.0708,0,4,2,84.86,
CHEMBL1079617,CC1=C(C=CC(=C1)OCC2=NC(=C(S2)C3=CC4=CC=CC=C4N=C3)C5=CC=C(C=C5)OC)OCC(=O)O,512.140593,9,6.38472,0,7,1,90.77,
CHEMBL4250574,CC1=C(C=CC(=C1)SC(CC2=C(C=CC=C2F)F)C3=CC=C(C=C3)C4=CC(=CC=C4)C(F)(F)F)OCC(=O)O,558.128807,9,8.49852,0,3,1,46.53,
CHEMBL4549332,CC(C)C1=NN(C2=C1C(=CC(=N2)C3=CC=CC=C3)C(=O)O)C4=CC=C(C=C4)Cl,391.108754,4,5.5625,0,4,1,68.01,
CHEMBL1081004,CC1=C(C=CC(=C1)OCC2=NC(=C(S2)C3=CC=C(C=C3)OC(F)(F)F)C4=CC(=CC=C4)OC)OCC(=O)O,545.111993,10,6.73512,0,7,1,87.11,
CHEMBL1080143,CCN(CC)C1=CC=C(C=C1)C2=C(SC(=N2)COC3=CC(=C(C=C3)OCC(=O)O)C)C4=CC=C(C=C4)OC(F)(F)F,586.174928,12,7.57272,0,7,1,81.12,
CHEMBL596544,Cc1oc(-c2ccccc2)nc1CCCc1ccc(C[C@H](C(=O)O)n2cccn2)cc1,415.189592,9,4.89022,0,5,1,81.15,
CHEMBL1828825,O=C(O)CCCCOc1ccc(/C=C/c2ccccc2)cc1,296.141244,8,4.4907,0,2,1,46.53,
CID_56641774,C1=CC=C(C=C1)C=CC2=CC=C(C=C2)OCCCCC(=O)O,296.141244,8,4.4907,0,2,1,46.53,
CHEMBL370054,O=C(O)[C@H](Cc1ccccc1)Oc1ccc(CO)cc1,272.104859,6,2.2536,0,3,2,66.76,
CID_11323235,C1=CC=C(C=C1)CC(C(=O)O)OC2=CC=C(C=C2)CO,272.104859,6,2.2536,0,3,2,66.76,
CHEMBL4212753,CC(C)(CCCCOC1=CC=CC=C1CN(C)C(=O)C2=CC=C(C=C2)C3=CC=CO3)C(=O)O,449.220223,11,5.8787,0,4,1,79.98,
CHEMBL2037005,CCCC[C@@](Cc1ccc(OCCc2nc(-c3ccccc3)oc2C)cc1)(Oc1ccccc1)C(=O)O,499.235873,13,6.90662,0,5,1,81.79,
CHEMBL82193,CCCCC(CC1=CC=C(C=C1)OCCC2=C(OC(=N2)C3=CC=CC=C3)C)(C(=O)O)OC4=CC=CC=C4,499.235873,13,6.90662,0,5,1,81.79,
CHEMBL3746821,CC1=CC=C(C=C1)NC(=O)C2=C(C=CC(=C2)N3C=C4C=CC(=CC4=N3)C(=O)O)N5CCCCC5,454.200491,5,5.27472,0,5,2,87.46,
CHEMBL377093,CC1=C(C=CC(=C1)OCC2=NC(=CC(=N2)C3=CC=C(C=C3)C(F)(F)F)C4=CC=C(C=C4)C(F)(F)F)OCC(=O)O,562.132726,8,7.19902,0,5,1,81.54,
CHEMBL490401,CCOC(CC1=CC=C(C=C1)OCCN2CCC(=CC2)C3=C(C=CC(=C3)Cl)Cl)C(=O)O,463.131714,10,5.1937,0,4,1,59.0,
CHEMBL3758549,C1=CC(=CC(=C1)Br)COC2=CC=C(C=C2)CC3C(=O)NC(=O)S3,390.987776,5,3.9222,0,4,1,55.4,
CHEMBL248187,Cc1sc(-c2ccc(OC(F)(F)F)cc2)nc1CCOc1ccc2c(c1)CC[C@H]2CC(=O)O,477.122164,8,6.14312,0,5,1,68.65,
CID_44442461,CC1=C(N=C(S1)C2=CC=C(C=C2)OC(F)(F)F)CCOC3=CC4=C(C=C3)C(CC4)CC(=O)O,477.122164,8,6.14312,0,5,1,68.65,
CHEMBL398745,Cc1c(CCOc2ccc3c(c2)CC[C@H]3CC(=O)O)nc(-c2ccccc2)n1C,390.194343,7,4.52152,0,4,1,64.35,
CID_44442470,CC1=C(N=C(N1C)C2=CC=CC=C2)CCOC3=CC4=C(C=C3)C(CC4)CC(=O)O,390.194343,7,4.52152,0,4,1,64.35,
CHEMBL1080140,COC1=CC=C(C=C1)C2=C(SC(=N2)SCCOC3=C(C=C(C=C3)OCC(=O)O)Cl)C4=CC=C(C=C4)OC,557.073357,12,6.7822,0,8,1,87.11,
CID_177373631,CC1=CC=C(C=C1)COC2=C(C=C(C=C2)C=C3C(=O)NC(=NC4=CC=C(C=C4)S(=O)(=O)N)S3)OC,509.107913,7,4.12162,0,7,2,120.08,
CHEMBL437364,Cc1cc2cc(C(C#Cc3ccc(F)cc3)/C=C\COc3ccc(OCC(=O)O)c(C)c3)ccc2o1,484.168602,8,6.42264,0,4,1,68.9,
CID_44432854,CC1=CC2=C(O1)C=CC(=C2)C(C=CCOC3=CC(=C(C=C3)OCC(=O)O)C)C#CC4=CC=C(C=C4)F,484.168602,8,6.42264,0,4,1,68.9,
CHEMBL234859,CCO[C@@H](Cc1ccc(CCC(OC(=S)NCC2CCCCC2)c2ccccc2)cc1)C(=O)O,483.24433,12,5.8641,0,4,2,67.79,
CID_44431884,CCOC(CC1=CC=C(C=C1)CCC(C2=CC=CC=C2)OC(=S)NCC3CCCCC3)C(=O)O,483.24433,12,5.8641,0,4,2,67.79,
CHEMBL199372,CCC(C(=O)O)C1CCc2cc(OCCc3nc(-c4ccc(Cl)cc4Cl)oc3C)ccc21,473.116064,8,6.71892,0,4,1,72.56,
CHEMBL246623,CCc1ccc(-c2nc(CCOc3ccc4c(c3)CC[C@H]4CC(=O)O)c(CC)o2)cc1,419.209658,9,5.5924,0,4,1,72.56,
CID_44442473,CCC1=CC=C(C=C1)C2=NC(=C(O2)CC)CCOC3=CC4=C(C=C3)C(CC4)CC(=O)O,419.209658,9,5.5924,0,4,1,72.56,
CHEMBL3967369,C1=CC(=CC=C1CCS(=O)(=O)C(CC2=CC=C(C=C2)CC(=O)OCC3=CC=C(C=C3)C(F)(F)F)C(=O)O)F,552.122972,11,4.7836,0,5,1,97.74,
CHEMBL1079504,CC1=C(C=CC(=C1)OCC2=NC(=C(S2)C3=CC=CC=C3)C4=CC=C(C=C4)OC)OCC(=O)O,461.129694,9,5.83652,0,6,1,77.88,
CHEMBL1813187,C1=CC=C2C(=C1)C(=O)N(C2=O)C3=CC=C(C=C3)CCC4=CC=C(C=C4)C(=O)O,371.115758,5,3.9706,0,3,1,74.68,
CHEMBL398804,CCO[C@@H](Cc1ccc(CCC(OC(=S)NCc2ccc(C(C)(C)C)cc2)c2ccccc2)cc1)C(=O)O,533.25998,12,6.7815,0,4,2,67.79,
CHEMBL166539,CCOC(CC1=CC=C(C=C1)OCCC2C3=CC=CC=C3C4=CC=CC=C24)C(=O)O,402.183109,9,5.3002,0,3,1,55.76,
CHEMBL1933840,CCCCCS(=O)(=O)NC(=O)/C=C/c1cc(OC(C)C)nn1Cc1ccc(Cl)cc1Cl,487.109933,11,4.6748,0,6,1,90.29,
CID_57402017,CCCCCS(=O)(=O)NC(=O)C=CC1=CC(=NN1CC2=C(C=C(C=C2)Cl)Cl)OC(C)C,487.109933,11,4.6748,0,6,1,90.29,
CHEMBL300026,CCCC1=C(C=CC(=C1)OC2=CC=C(C=C2)F)OCCCOC3=CC=C(C=C3)C4C(=O)NC(=O)S4,495.151572,11,6.4425,0,6,1,73.86,
CHEMBL1934479,Cc1nc(-c2ccc(Cl)cc2)oc1C(=O)N[C@H]1CCCN(c2cccc(C(=O)O)c2)C1,439.129884,5,4.40042,0,5,2,95.67,
CID_57392628,CC1=C(OC(=N1)C2=CC=C(C=C2)Cl)C(=O)NC3CCCN(C3)C4=CC=CC(=C4)C(=O)O,439.129884,5,4.40042,0,5,2,95.67,
CHEMBL1081603,CC1=C(C=CC(=C1)OCC2=NC(=C(S2)C3=CC=C(C=C3)OC)C)OCC(=O)O,399.114044,8,4.47794,0,6,1,77.88,
CHEMBL1778830,CCCC1=C(N=C(O1)C2=CC=CC=C2Cl)CCC3=NOC4=C3C=CC(=C4)OC(C)(C)C(=O)O,468.1452,9,6.1159,0,6,1,98.59,
CHEMBL374682,Cc1nc(-c2ccc(OCCCOc3ccc4c(c3)CC[C@H]4CC(=O)O)cc2)sc1C(=O)O,467.140259,10,5.16912,0,6,2,105.95,
CID_10434749,CC1=C(SC(=N1)C2=CC=C(C=C2)OCCCOC3=CC4=C(C=C3)C(CC4)CC(=O)O)C(=O)O,467.140259,10,5.16912,0,6,2,105.95,
CHEMBL442909,CC1=CC=CC=C1CC(C(=O)O)OC2=CC=C(C=C2)Cl,290.070972,5,3.72312,0,2,1,46.53,
CHEMBL4465004,CC1=C(C(=CC=C1)N(C2=CC(=NC(=N2)SCC(=O)O)Cl)C(C)C)C,365.096476,6,4.47004,0,5,1,66.32,
CHEMBL392058,CC1=C(C=CC(=C1)OC2=CC=CC(=C2)CNC(=O)C3=CC=C(C=C3)C(F)(F)F)OC(C)(C)C(=O)O,487.160658,8,5.97812,0,4,2,84.86,
CHEMBL484063,CCO[C@@H](Cc1cccc(C2=NOC(Cc3ccccc3)C2)c1)C(=O)O,353.162708,8,3.4545,0,4,1,68.12,
CID_25116953,CCOC(CC1=CC(=CC=C1)C2=NOC(C2)CC3=CC=CC=C3)C(=O)O,353.162708,8,3.4545,0,4,1,68.12,
CHEMBL583065,CCOC1=CC2=C(C=C1)N=C(S2)SC(C)(C)C(=O)O,297.049335,5,3.6503,0,5,1,59.42,
CHEMBL524063,CC1=C(C=CC(=C1C)SC2=C(C=C(C=C2)COC3=CC=C(C=C3)C(F)(F)F)OCC#C)OCC(=O)O,516.121829,10,6.52784,0,5,1,64.99,
CHEMBL1017,CCCC1=NC2=C(N1CC3=CC=C(C=C3)C4=CC=CC=C4C(=O)O)C=C(C=C2C)C5=NC6=CC=CC=C6N5C,514.236876,7,7.26442,0,5,1,72.94,
CHEMBL465800,OC[C@H]1O[C@@H](O[C@H](CCc2ccc(O)c(O)c2)C[C@H](O)CCc2ccc(O)c(O)c2)[C@H](O)[C@@H](O)[C@@H]1O,510.210112,11,0.0105,0,11,9,200.53,
CID_10896495,C1=CC(=C(C=C1CCC(CC(CCC2=CC(=C(C=C2)O)O)OC3C(C(C(C(O3)CO)O)O)O)O)O)O,510.210112,11,0.0105,0,11,9,200.53,
CHEMBL605207,CC1=CN=C(C=C1)S(=O)(=O)CCNC(=O)C2=CC=C(C=C2)Cl,338.049191,5,2.24712,0,4,1,76.13,
CID_44432832,CC1=C(C=CC(=C1)SCC=CC(C#CC2=CC=CC=C2)C3=CC=C(C=C3)Br)OCC(=O)O,506.055128,8,6.70472,0,3,1,46.53,
CHEMBL393186,Cc1cc(SC/C=C\C(C#Cc2ccccc2)c2ccc(Br)cc2)ccc1OCC(=O)O,506.055128,8,6.70472,0,3,1,46.53,
CHEMBL246801,CCc1ccc(-c2nc(C)c(CCOc3ccc4c(c3)CC[C@H]4CC(=O)O)n2C)cc1,418.225643,8,5.08392,0,4,1,64.35,
CID_44442465,CCC1=CC=C(C=C1)C2=NC(=C(N2C)CCOC3=CC4=C(C=C3)C(CC4)CC(=O)O)C,418.225643,8,5.08392,0,4,1,64.35,
CHEMBL4164442,CC1=CC(=C(C=C1)F)OC2=CC3=C(C=C2)N=C(N3C)COC4=CC=CC(=C4)C(=O)O,406.132885,6,5.09032,0,5,1,73.58,
CHEMBL4161407,CN1C2=C(C=CC(=C2)OC3=CC=C(C=C3)Cl)N=C1COC4=CC=CC(=C4)C(=O)O,408.087685,6,5.2962,0,5,1,73.58,
CHEMBL1084319,CC1=CC=CC=C1NC(=O)CN(CC2=CC=C(C=C2)OC(C)(C)C(=O)O)CC3=CC=CO3,436.199822,10,4.47092,0,5,2,92.01,
CHEMBL431450,CCCC1=C(C=CC(=C1)OC2=CC=CC=C2)OCCCCOC3=CC4=C(C=C3)OC(CC4)(C)C(=O)O,490.235539,12,6.8377,0,5,1,74.22,
CHEMBL516511,CCN1C(=CC(=N1)C(=O)NCC2=CC(=C(C=C2)OC(C)(C)C(=O)O)OC)C3=CC=C(C=C3)C(C)(C)C,493.257671,9,5.0481,0,6,2,102.68,
CHEMBL50885,CCCC1=C(C=CC(=C1)OC2=CC=C(C=C2)OC)OCCCOC3=CC=C(C=C3)C4C(=O)NC(=O)S4,507.171559,12,6.312,0,7,1,83.09,
CHEMBL39894,CC1=C(C=CC(=C1)OCC2=C(N=C(S2)C3=CC=C(C=C3)C(F)(F)F)C)CCC(=O)O,435.111599,7,6.04194,0,4,1,59.42,
CHEMBL522577,CC1=C(C=CC2=C1C=CN2S(=O)(=O)C3=CC=CC(=C3)C(=O)NC4=C(C=C(C=C4)Cl)C(=O)O)OC,498.065235,6,4.79922,0,6,2,114.7,
CHEMBL4242161,CC1=C(C=CC(=C1)SC(CC2=C(C=CC=C2Cl)F)C3=CC=C(C=C3)C4=CC(=C(C(=C4)F)F)F)OCC(=O)O,560.083606,9,8.41132,0,3,1,46.53,
CHEMBL425431,CCCC1=CC(=NC=C1OCCCOC2=CC(=C(C=C2)OCC(=O)O)C)C(F)(F)F,427.160658,11,4.67262,0,5,1,77.88,
CHEMBL360919,COc1ccc(OCCCOc2ccc3c(c2)O[C@@](C)(C(=O)O)CC3)c(Cl)c1,406.118316,8,4.3648,0,5,1,74.22,
CID_44388650,CC1(CCC2=C(O1)C=C(C=C2)OCCCOC3=C(C=C(C=C3)OC)Cl)C(=O)O,406.118316,8,4.3648,0,5,1,74.22,
CID_101893613,CCCCCCCCC=CCCCCCCCC(=O)OC1C2C3(O2)CC(CCC3(C4C1=C5CCC(C5(CC4)C)C(C)C=CC(C)C(C)C)C)O,692.574361,20,12.2453,0,4,1,59.06,
CHEMBL4532207,C1=CC=C(C(=C1)N2C(=NN(C2=O)C3=CC=C(C=C3)C(F)(F)F)COC4=CC=C(C=C4)C5=CC=CC(=C5)CC(=O)O)F,563.146819,8,6.0542,0,6,1,86.35,
CHEMBL1081380,COC1=CC=C(C=C1)C2=C(SC(=N2)COC3=CC=C(C=C3)CC(=O)O)C4=CC=C(C=C4)C(F)(F)F,499.106514,8,6.7106,0,5,1,68.65,
CHEMBL1946755,COc1ccc2c(-n3c(=O)n(Cc4ccc(Cl)c(O[C@H](C)C(=O)O)c4)c4cc(C(F)(F)F)ccc43)noc2c1,561.091448,7,5.5144,0,8,1,108.72,
CID_56925997,CC(C(=O)O)OC1=C(C=CC(=C1)CN2C3=C(C=CC(=C3)C(F)(F)F)N(C2=O)C4=NOC5=C4C=CC(=C5)OC)Cl,561.091448,7,5.5144,0,8,1,108.72,
CHEMBL1946952,COc1ccc2c(-n3c(=O)n(Cc4ccc(Cl)c(O[C@@H](C)C(=O)O)c4)c4cc(C(F)(F)F)ccc43)noc2c1,561.091448,7,5.5144,0,8,1,108.72,
CHEMBL5558320,COc1cccc(COc2ccc(/C=C3\SC(Nc4ccc(S(N)(=O)=O)cc4)=NC3=O)cc2OC)c1,525.102827,8,4.0126,0,8,2,129.31,
CID_177373630,COC1=CC=CC(=C1)COC2=C(C=C(C=C2)C=C3C(=O)NC(=NC4=CC=C(C=C4)S(=O)(=O)N)S3)OC,525.102827,8,3.8218,0,8,2,129.31,
CHEMBL1644304,Cc1cc(/C(=N/OCc2sc(-c3ccc(C(F)(F)F)cc3)nc2C)C2CCCCC2)ccc1OCC(=O)O,546.180013,9,7.41034,0,6,1,81.01,
CID_24949919,CC1=C(C=CC(=C1)C(=NOCC2=C(N=C(S2)C3=CC=C(C=C3)C(F)(F)F)C)C4CCCCC4)OCC(=O)O,546.180013,9,7.41034,0,6,1,81.01,
CHEMBL489377,CCOC(CC1=CC=C(C=C1)OCCN2CCC(=CC2)C3=CC(=CC(=C3)Cl)Cl)C(=O)O,463.131714,10,5.1937,0,4,1,59.0,
CHEMBL190352,CCCC1=CC2=C(C(=C1OCC(C)(C)C(=O)O)CCC)ON=C2C(F)(F)F,387.165743,8,5.2412,0,4,1,72.56,
CHEMBL3780991,CCCC(C(=O)NS(=O)(=O)C1=CC=C(C=C1)C)SC2=NC3=C(S2)C=CC(=C3)Cl,454.024633,7,5.02402,0,6,1,76.13,
CHEMBL256505,CC1=C(N=C(O1)C2=CC=CC=C2)CCOC3=CC=CC(=C3)C4=C(CCN(C4)CC5=CC=CC=C5)C(=O)O,494.220557,9,6.01562,0,5,1,75.8,
CHEMBL383404,CC1=C(C=CC(=C1)OCC2=CC(=CC(=C2)C3=CC=C(C=C3)OC)C4=CC=C(C=C4)C(F)(F)F)OCC(=O)O,522.165409,9,7.39882,0,4,1,64.99,
CHEMBL583932,C1=CC=C(C=C1)C(C(=O)O)SC2=NC3=C(S2)C=CC(=C3)Cl,334.984148,4,4.8677,0,4,1,50.19,
CHEMBL4763760,CCCOC1=CC(=CC2=C1N=C(N2C)COC3=CC=CC(=C3)C(=O)O)OC4=C(N=C(C=C4)C)C,461.195071,9,5.44344,0,7,1,95.7,
CHEMBL3920153,CS(=O)(=O)OC1=CC=C(C=C1)CCSC(=O)C2=CC=C(C=C2)CC(C(=O)O)SCCC3=CC=C(C=C3)F,562.09538,13,5.2518,0,7,1,97.74,
CHEMBL1934315,CC1=C(SC(=N1)C2=CC=C(C=C2)Cl)CNC(=O)C3CCCN(C3)C4=CC=CC(=C4)C(=O)O,469.12269,6,5.00292,0,5,2,82.53,
CHEMBL461409,CC1=C(C(=CC=C1)NC2=CC(=NC(=N2)SC(C3=CC=CC=C3)C(=O)O)Cl)C,399.080825,6,5.40844,0,5,2,75.11,
CHEMBL517436,Cc1c(Oc2ccc(Cl)cc2)c2ccc(C(F)(F)F)nc2n1Cc1ccc(Cl)c(O[C@@H](C)C(=O)O)c1,538.067397,7,7.36282,0,5,1,73.58,
CID_44561969,CC1=C(C2=C(N1CC3=CC(=C(C=C3)Cl)OC(C)C(=O)O)N=C(C=C2)C(F)(F)F)OC4=CC=C(C=C4)Cl,538.067397,7,7.36282,0,5,1,73.58,
CHEMBL4534481,CCC(CC)C1=NN(C2=NC(=CC(=C12)C(=O)O)C)C3=CC=C(C=C3)Cl,357.124405,5,4.98412,0,4,1,68.01,
CID_151814363,CCCCOC1=CC2=C(C=C1)C(=O)C(=CC3=CC(=C(C(=C3)C)OC(C)(C)C(=O)O)C)O2,424.188589,8,5.34054,0,5,1,82.06,
CHEMBL513886,CCO[C@@H](Cc1ccc(OCCN2CC=C(c3ccc(Cl)cc3)CC2)cc1)C(=O)O,429.170686,10,4.5403,0,4,1,59.0,
CHEMBL475915,CCOC(CC1=CC=C(C=C1)OCCN2CCC(=CC2)C3=CC=C(C=C3)Cl)C(=O)O,429.170686,10,4.5403,0,4,1,59.0,
CHEMBL1080540,COC1=CC=C(C=C1)C2=C(SC(=N2)COC3=CC4=C(C=C3)N(C=C4)CC(=O)O)C5=CC=C(C=C5)C(F)(F)F,538.117413,8,7.1228,0,6,1,73.58,
CHEMBL474550,CC1=C(N=C(O1)C2=CC=CC=C2)CCOC3=CC=C(C=C3)CC4=C(N(N=N4)C5=CC=CC=C5)C(=O)O,480.179755,9,5.14122,0,7,1,103.27,
CHEMBL4168263,CC1=CC=CC=C1OC2=CC3=C(C=C2)N=C(N3C)COC4=CC=CC(=C4)C(=O)O,388.142307,6,4.95122,0,5,1,73.58,
CHEMBL149835,Cc1[nH]c(-c2ccccc2)nc1CCOc1ccc(C[C@H](Nc2ccccc2C(=O)c2ccccc2)C(=O)O)cc1,545.231456,12,6.34542,0,5,3,104.31,
CID_10578478,CC1=C(N=C(N1)C2=CC=CC=C2)CCOC3=CC=C(C=C3)CC(C(=O)O)NC4=CC=CC=C4C(=O)C5=CC=CC=C5,545.231456,12,6.34542,0,5,3,104.31,
CID_16036021,CCCCCS(=O)(=O)NC(=O)C=CC1=C(C=C(C=C1)OCCOC)OC2=C(C=C(C=N2)C(F)(F)F)Cl,550.11522,13,5.2207,0,7,1,103.82,
CHEMBL2024606,CCCCCS(=O)(=O)NC(=O)/C=C/c1ccc(OCCOC)cc1Oc1ncc(C(F)(F)F)cc1Cl,550.11522,13,5.2207,0,7,1,103.82,
CHEMBL4214179,CN(Cc1ccccc1OCCC[C@@H]1C[C@H]1C(=O)O)C(=O)c1ccc(-c2ccco2)cc1,433.188923,10,5.0985,0,4,1,79.98,
CHEMBL3981654,CN(Cc1ccccc1OCCC[C@@H]1C[C@@H]1C(=O)O)C(=O)c1ccc(-c2ccco2)cc1,433.188923,10,5.0985,0,4,1,79.98,
CID_121277097,CN(CC1=CC=CC=C1OCCCC2CC2C(=O)O)C(=O)C3=CC=C(C=C3)C4=CC=CO4,433.188923,10,5.0985,0,4,1,79.98,
CHEMBL450774,CCCC1=C(C=CC2=C1C=CC(=C2)C(=O)C3=CC=C(C=C3)F)OCCCN4C=CC5=C4C=CC(=C5)OC(C)(C)C(=O)O,567.242101,12,7.8282,0,5,1,77.76,
CHEMBL523334,CCCC1=C(C=CC2=C1C=CC(=C2)CC3=CC=CC=C3)OCCCN4C=CC5=C4C=CC(=C5)OC(C)(C)C(=O)O,535.272259,12,8.0489,0,4,1,60.69,
CHEMBL207811,CC1=C(C=CC(=C1)OCC2=CC(=NC(=N2)C3=CC=C(C=C3)OC(F)(F)F)C4=CC=C(C=C4)OC(F)(F)F)OCC(=O)O,594.122556,10,6.95862,0,7,1,100.0,
CHEMBL1760409,CC1=C(C=CC(=C1C)S(=O)(=O)N(CCOC)C2=CC=CC(=C2C)C3=CC=C(C=C3)Cl)OC(C)C(=O)O,531.148236,10,5.62586,0,5,1,93.14,
CHEMBL198170,CCCCCOC1=CC2=CC=CC=C2C=C1C(CCCCCCCC(=O)OC)O,400.26136,14,6.3459,0,4,1,55.76,
CHEMBL453509,CCCCCC/C=C\CCCCCCCC(=O)O,254.22458,13,5.3283,0,1,1,37.3,
CID_445638,CCCCCCC=CCCCCCCCC(=O)O,254.22458,13,5.3283,0,1,1,37.3,
CHEMBL1080312,COC1=CC=C(C=C1)C2=C(SC(=N2)SCC3=C(C=C(C=C3)OCC(=O)O)Cl)C4=CC=C(C=C4)OC,527.062792,10,6.9034,0,7,1,77.88,
CHEMBL246486,CCO[C@@H](Cc1ccc(OC/C=C/c2cc(-c3ccc(C(C)(C)C)cc3)cc(-c3ccc(C(C)(C)C)cc3)c2)cc1)C(=O)O,590.33961,11,9.74,0,3,1,55.76,
CID_20765807,CCOC(CC1=CC=C(C=C1)OCC=CC2=CC(=CC(=C2)C3=CC=C(C=C3)C(C)(C)C)C4=CC=C(C=C4)C(C)(C)C)C(=O)O,590.33961,11,9.74,0,3,1,55.76,
CHEMBL119798,CCOc1ccc(COc2ccc(NC(=O)c3ccc(Cl)cc3Cl)c(C(=O)[O-])c2)cc1.[Li+],465.072208,8,1.5909,0,5,1,87.69,
CHEMBL495817,CC1=C(C=CC(=C1C)SC2=C(C=C(C=C2)COC3=CC=C(C=C3)C(F)(F)F)OCCCOC)OCC(=O)O,550.163694,13,6.93114,0,6,1,74.22,
CHEMBL513904,CN(C/C=C/c1ccc(C[C@@H](C(=O)O)n2cccc2)cc1)c1ccccc1,360.183778,8,4.5061,0,3,1,45.47,
CID_44263422,CN(CC=CC1=CC=C(C=C1)CC(C(=O)O)N2C=CC=C2)C3=CC=CC=C3,360.183778,8,4.5061,0,3,1,45.47,
CHEMBL1081387,CC1=C(C=CC(=C1)OCC2=NC(=C(S2)C3=CC=C(C=C3)C(F)(F)F)C4=CC=C(C=C4)OC)CC(=O)O,513.122164,8,7.01902,0,5,1,68.65,
CHEMBL483032,CCO[C@@H](Cc1cccc(C2=NOC(c3ccc(F)cc3)C2)c1)C(=O)O,357.137636,7,3.7236,0,4,1,68.12,
CID_25115793,CCOC(CC1=CC(=CC=C1)C2=NOC(C2)C3=CC=C(C=C3)F)C(=O)O,357.137636,7,3.7236,0,4,1,68.12,
CHEMBL343210,Cc1cc(-c2nc(CCOc3ccc(C[C@H](Nc4ccccc4C(=O)c4ccccc4)C(=O)O)cc3)c(C)s2)no1,567.182792,12,6.37524,0,8,2,114.55,
CID_10578925,CC1=CC(=NO1)C2=NC(=C(S2)C)CCOC3=CC=C(C=C3)CC(C(=O)O)NC4=CC=CC=C4C(=O)C5=CC=CC=C5,567.182792,12,6.37524,0,8,2,114.55,
CHEMBL501440,CCC#CCOC1=C(C=CC(=C1)COC2=CC=C(C=C2)C(F)(F)F)SC3=C4CCCCC4=C(C=C3)OCC(=O)O,570.16878,10,7.57,0,5,1,64.99,
CHEMBL51603,CCCC1=C(C=CC(=C1)OC2=CC=C(C=C2)C(F)(F)F)OCCCOC3=CC=C(C=C3)C4C(=O)NC(=O)S4,545.148379,11,7.3222,0,6,1,73.86,
CHEMBL471814,C1=CC=C(C=C1)OC2=CC=CC=C2CC(C(=O)O)OC3=CC=C(C=C3)Cl,368.081537,7,5.207,0,3,1,55.76,
CHEMBL247920,CCC1=C(C(=NN1C2=CC=CC=C2C3=CC(=CC=C3)OCC(=O)O)C4=CC=CC=C4)C5=CC=CC=C5,474.194343,8,6.8991,0,4,1,64.35,
CID_118719399,CCCCCC=CCC=CCCCCCCCC(=O)OC1CCC2(C3CCC4(C(C3=CC(C2(C1)O)O)CCC4C(C)C=CC(C)C(C)C)C)C,692.574361,19,11.8608,0,4,2,66.76,
CHEMBL1933831,CCCCCS(=O)(=O)NC(=O)CCC1=CC(=NN1CC2=C(C=C(C=C2)Cl)Cl)OCC3=CC=CC=C3,537.125583,13,5.386,0,6,1,90.29,
CID_58977670,CCOC(=O)N1CC(C(C1)C(=O)O)C2=CC=C(C=C2)OCCC3=C(OC(=N3)C4=CC=CC=C4)C,464.194737,8,4.52802,0,6,1,102.1,
CHEMBL3398426,CCOC(=O)N1C[C@H](C(=O)O)[C@H](c2ccc(OCCc3nc(-c4ccccc4)oc3C)cc2)C1,464.194737,8,4.52802,0,6,1,102.1,
CHEMBL3398428,CCOC(=O)N1C[C@H](C(=O)O)[C@@H](c2ccc(OCCc3nc(-c4ccccc4)oc3C)cc2)C1,464.194737,8,4.52802,0,6,1,102.1,
CHEMBL4169731,CN1C2=C(C=CC(=C2)OC3=CC=CC(=C3)OC)N=C1COC4=CC=CC(=C4)C(=O)O,404.137222,7,4.6514,0,6,1,82.81,
CHEMBL1956350,C1=CC(=CC=C1CC(C(=O)O)OC2=CC=C(C=C2)Cl)F,294.0459,5,3.5538,0,2,1,46.53,
CHEMBL315048,CCO[C@@H](Cc1ccc(OC/C=C(/c2ccccc2)c2ccc(F)cc2)cc1)C(=O)O,420.173687,10,5.3686,0,3,1,55.76,
CID_44321201,CCOC(CC1=CC=C(C=C1)OCC=C(C2=CC=CC=C2)C3=CC=C(C=C3)F)C(=O)O,420.173687,10,5.3686,0,3,1,55.76,
CHEMBL327481,CCO[C@@H](Cc1ccc(OC/C=C(\c2ccccc2)c2ccc(F)cc2)cc1)C(=O)O,420.173687,10,5.3686,0,3,1,55.76,
CHEMBL392949,CC(C)(C)C1=CC=C(C=C1)COC2=CC=C(C=C2)CSC3=C4CCCC4=C(C=C3)OCC(=O)O,476.202131,9,6.8075,0,4,1,55.76,
CHEMBL575347,CCCC(C(=O)O)SC1=NC2=C(S1)C=C(C=C2)OCC,311.064985,7,4.0404,0,5,1,59.42,
CHEMBL4460024,CC1=CC(=CC(=C1OC(C)(C)C(=O)O)C)CC2=C3CCOC4=C(C3=NO2)C=CC(=C4)Br,485.083785,5,5.48864,0,5,1,81.79,
CHEMBL237084,CC1=C(C=CC(=C1)OC2=CC=CC(=C2)CNC(=O)C3=C(C=C(C=C3)C(F)(F)F)C(F)(F)F)OC(C)(C)C(=O)O,555.148042,8,6.99692,0,4,2,84.86,
CHEMBL446629,Cn1cc(-c2ccccc2)nc1CCOc1ccc(C[C@H](Nc2ccccc2C(=O)c2ccccc2)C(=O)O)cc1,545.231456,12,6.0474,0,6,2,93.45,
CID_10602637,CN1C=C(N=C1CCOC2=CC=C(C=C2)CC(C(=O)O)NC3=CC=CC=C3C(=O)C4=CC=CC=C4)C5=CC=CC=C5,545.231456,12,6.0474,0,6,2,93.45,
CHEMBL1080108,CCCOC1=CC=C(C=C1)C2=C(SC(=N2)COC3=CC(=C(C=C3)OCC(=O)O)C)C4=CC=C(C=C4)OC(F)(F)F,573.143293,12,7.51532,0,7,1,87.11,
CHEMBL4635054,CC(C)(Oc1ccc(CCOc2ccc(/N=N/c3ccccc3)cc2)cc1)C(N)=O,403.189592,9,5.3662,0,5,1,86.27,
CID_156014527,CC(C)(C(=O)N)OC1=CC=C(C=C1)CCOC2=CC=C(C=C2)N=NC3=CC=CC=C3,403.189592,9,5.3662,0,5,1,86.27,
CID_76286599,CCN1C(=NN(C1=O)CC2=CC=C(C=C2)C(C)(C)C)CCCC3=NC(=NC=C3)C4=CC(=C(C=C4)OCC)CC(=O)O,557.300205,12,5.0686,0,8,1,112.13,
CHEMBL551480,CCCC[C@H](Sc1ccc(OCCCOc2cccc(C)c2C)cc1)C(=O)O,402.18648,12,5.88684,0,4,1,55.76,
CHEMBL206895,C1=CC(=CC=C1C2=CC(=CC(=C2)COC3=C(C=C(C=C3)CC(=O)O)Cl)C4=CC=C(C=C4)C(F)(F)F)C(F)(F)F,564.092691,7,8.9177,0,2,1,46.53,
CHEMBL221923,CC1=C(N=C(O1)C2=CC=CC=C2)CCOC3=NC=C(C=C3)CC(C(=O)O)C(C)(C)C,408.204907,8,4.95592,0,5,1,85.45,
CHEMBL399310,Cc1oc(-c2cccc(C#N)c2)nc1CCOc1ccc2c(c1)CC[C@H]2CC(=O)O,402.157957,7,4.6477,0,5,1,96.35,
CID_10222749,CC1=C(N=C(O1)C2=CC=CC(=C2)C#N)CCOC3=CC4=C(C=C3)C(CC4)CC(=O)O,402.157957,7,4.6477,0,5,1,96.35,
CHEMBL377883,CC1=C(C=CC(=C1)OCC2=CC(=CC(=C2)C3=CC=C(C=C3)OC(F)(F)F)C4=CC=C(C=C4)C(F)(F)F)OCC(=O)O,576.137143,9,8.28882,0,4,1,64.99,
CHEMBL3094426,CCCCCCC(C(=O)O)SC1=NC(=CC(=N1)Cl)NC2=NC(=C(S2)C)C3=CC=C(C=C3)Br,554.021258,11,7.58372,0,7,2,88.0,
CID_11678534,CCC(C(=O)O)OC1=CC=CC(=C1)N2C(=C(C3=C2C=C(C=C3)OC(F)(F)F)C(=O)C4=CC=C(C=C4)OC)C,527.155572,9,6.31912,0,6,1,86.99,
CHEMBL490029,CC[C@@H](Oc1cccc(-n2c(C)c(C(=O)c3ccc(OC)cc3)c3ccc(OC(F)(F)F)cc32)c1)C(=O)O,527.155572,9,6.31912,0,6,1,86.99,
CID_168291400,CC1=C(C=CC(=C1)COC2=CC(=CC(=C2)OC)C=CC3=CC=C(C=C3)OC)OCC(=O)O,434.172939,10,5.22502,0,5,1,74.22,
CHEMBL220990,O=C(O)C[C@@H]1CCc2cc(OCCCOc3ccc(-n4cnnc4)cc3Cl)ccc21,427.129884,9,4.2731,0,6,1,86.47,
CID_16110429,C1CC2=C(C1CC(=O)O)C=CC(=C2)OCCCOC3=C(C=C(C=C3)N4C=NN=C4)Cl,427.129884,9,4.2731,0,6,1,86.47,
CHEMBL6191979,CC1=C(SC(=N1)C2=CC(=C(C(=C2F)O)F)F)C(=O)N(CC3=CC=C(C=C3)Cl)C(C)C,454.072961,5,5.94562,0,4,1,53.43,
CHEMBL211473,C1=CC=C(C=C1)C2=C(C(=NO2)C3=C(C=C(C=C3)CC(=O)O)Cl)C(=O)NCCOC4=C(C=C(C=C4)Cl)Cl,544.035955,9,6.4047,0,5,2,101.66,
CHEMBL1081591,CC1=C(C=CC(=C1)OCC2=NC(=C(S2)C)C3=CC=C(C=C3)C(F)(F)F)OCC(=O)O,437.090864,7,5.48814,0,5,1,68.65,
CHEMBL1081750,CC1=C(C=CC(=C1)OCC2=NC(=C(S2)C3=CC(=CC=C3)C(F)(F)F)C4=CC=C(C=C4)OC)OCC(=O)O,529.117078,9,6.85532,0,6,1,77.88,
CHEMBL501980,CC1=C(C=CC(=C1C)SC2=C(C=C(C=C2)COC3=CC=C(C=C3)C(F)(F)F)OCC4CCCO4)OCC(=O)O,562.163694,11,7.07364,0,6,1,74.22,
CHEMBL1760400,CCCCN(C1=CC=CC(=C1C)C2=CC=C(C=C2)Cl)S(=O)(=O)C3=C(C(=C(C=C3)OC(C)C(=O)O)OC)Cl,565.109264,11,6.82472,0,5,1,93.14,
CHEMBL573966,COC1=CC=CC(=C1)C2=COC3=C(C2=O)C=CC(=C3)O,268.073559,2,3.1742,0,4,1,59.67,
CHEMBL3335663,CC(C)(C)C1=CC=C(C=C1)C(=O)NC2=CC=CC=C2C(=O)NC3=CC(=C(C=C3)Br)C(=O)O,494.084119,5,5.9494,0,3,3,95.5,
CHEMBL4161332,CN1C(=NC2=C1N=C(C=C2)OC3=CC(=C(C=C3)Cl)F)COC4=CC=CC(=C4)C(=O)O,427.073512,6,4.8303,0,6,1,86.47,
CHEMBL425116,COc1ncc(-c2ccc(OCCCOc3ccc4c(c3)CC[C@H]4CC(=O)O)cc2)c(OC)n1,464.194737,11,4.5132,0,7,1,100.0,
CID_16110442,COC1=NC(=NC=C1C2=CC=C(C=C2)OCCCOC3=CC4=C(C=C3)C(CC4)CC(=O)O)OC,464.194737,11,4.5132,0,7,1,100.0,
CHEMBL492519,CCCC1=C(C=CC2=C1C=CC(=C2)C(=O)C)OCCCN3C=CC4=C3C=CC(=C4)OC(C)(C)C(=O)O,487.235873,11,6.6607,0,5,1,77.76,
CHEMBL237730,CC1=C(C=CC(=C1)C(F)(F)F)C(=O)NCC2=CC(=CC=C2)OC3=CC(=C(C=C3)CCC(=O)O)C,471.165743,8,6.06174,0,3,2,75.63,
CHEMBL4547480,CCOC1=C(C=C(C=C1)C2=CC=C(C=C2)CCCC3=NN(C(=O)N3C4=CC=CC=C4F)C5=CC=C(C=C5)SC)CC(=O)O,597.209756,12,6.7523,0,7,1,86.35,
CHEMBL220635,CCc1csc(-c2ccc(OCCCOc3ccc4c(c3)CC[C@H]4CC(=O)O)cc2)n1,437.166079,10,5.7249,0,5,1,68.65,
CID_16110485,CCC1=CSC(=N1)C2=CC=C(C=C2)OCCCOC3=CC4=C(C=C3)C(CC4)CC(=O)O,437.166079,10,5.7249,0,5,1,68.65,
CID_44442463,CC1=C(N(C(=N1)C2=CC=C(C=C2)C3=CC=CC=C3)C)CCOC4=CC5=C(C=C4)C(CC5)CC(=O)O,466.225643,8,6.18852,0,4,1,64.35,
CHEMBL398729,Cc1nc(-c2ccc(-c3ccccc3)cc2)n(C)c1CCOc1ccc2c(c1)CC[C@H]2CC(=O)O,466.225643,8,6.18852,0,4,1,64.35,
CHEMBL373048,CC(C)(C)C1=CC=C(C=C1)N2C3=C(C=C(C=C3)O)C(=C2C(=O)O)OC4=CC=CC(=C4)C(F)(F)F,469.150093,4,7.1429,0,4,2,71.69,
CHEMBL359285,COCCNc1nc(CCOc2ccc(C[C@H](Nc3ccccc3C(=O)c3ccccc3)C(=O)O)cc2)c(C)s1,559.214092,15,5.47012,0,8,3,109.78,
CID_10840584,CC1=C(N=C(S1)NCCOC)CCOC2=CC=C(C=C2)CC(C(=O)O)NC3=CC=CC=C3C(=O)C4=CC=CC=C4,559.214092,15,5.47012,0,8,3,109.78,
CHEMBL514381,CC1=C(N=C(O1)C2=CC(=CC=C2)F)CCOC3=CC4=C(C=C3)C=C(C(=O)O4)C(=O)OC,423.111816,6,4.30362,0,7,0,91.77,
CHEMBL4211975,CC1=C(OC(=N1)C2=CC(=CC=C2)OC)COC3=CC=C(C=C3)C(=O)OC,353.126323,6,4.02422,0,6,0,70.79,
CHEMBL198365,CC(C)(C)C1=CC=C(C=C1)N2C(=C(C3=C2N=C(C=C3)Cl)OC4=CC=CC(=C4)C5=CC(=CN5)C(F)(F)F)C(=O)O,553.138004,5,8.4808,0,4,2,80.14,
CHEMBL238152,CC1=C(C=CC(=C1)OC2=CC=CC(=C2)CNC(=O)C3=C(C4=C(N3C)C=CC(=C4)Cl)C)CCC(=O)O,490.165935,8,6.18804,0,4,2,80.56,
CHEMBL379145,C1=CC(=CC=C1C2=CC(=CC(=C2)CSC3=C(C=C(C=C3)CC(=O)O)Cl)C4=CC=C(C=C4)C(F)(F)F)C(F)(F)F,580.069848,7,9.631,0,2,1,37.3,
CHEMBL429671,COC1=CC=C(C=C1)OC(=O)N(CC2=CC=C(C=C2)OCCC3=C(OC(=N3)C4=CC=CC=C4)CO)CC(=O)O,532.184566,12,4.5496,0,8,2,131.56,
CHEMBL4745121,CC1=NC(=C(C=C1)OC2=CC3=C(C=C2)N=C(N3C)COC4=CC=CC(=C4)C(=O)O)OC,419.148121,7,4.35482,0,7,1,95.7,
CHEMBL168166,CCOC(CC1=CC=C(C=C1)OCCC2C3=CC=CC=C3OC4=CC=CC=C4S2)C(=O)O,450.150095,9,6.127,0,5,1,64.99,
CHEMBL378057,CC(C)C1=C(C(=NO1)C2=C(C=C(C=C2)CC(=O)O)Cl)C(=O)NCCOC3=C(C=C(C=C3)Cl)Cl,510.051605,9,5.8611,0,5,2,101.66,
CHEMBL234692,Cc1cc(OC/C=C\C(C#CCN2CCOCC2)c2ccc(Br)cc2)ccc1OCC(=O)O,513.115085,9,4.27532,0,5,1,68.23,
CID_44432849,CC1=C(C=CC(=C1)OCC=CC(C#CCN2CCOCC2)C3=CC=C(C=C3)Br)OCC(=O)O,513.115085,9,4.27532,0,5,1,68.23,
CHEMBL3335623,C1=CC=C(C(=C1)C(=O)NC2=CC=CC(=C2)C(=O)O)NC(=O)C3=CC=C(C=C3)C(F)(F)F,428.098392,5,4.9082,0,3,3,95.5,
CHEMBL3947015,COC(=O)C(CC1=CC=CC=C1)OC(=O)CC2=CC(=CC=C2)SCC3=CC=CC=C3C(=O)O,464.129359,10,4.5471,0,6,1,89.9,
CHEMBL1081602,CC1=C(C=CC(=C1)OCC2=NC(=C(S2)C3=CC=CC=C3)C4=CC=C(C=C4)Cl)OCC(=O)O,465.080157,8,6.48132,0,5,1,68.65,
CHEMBL238946,Cc1cnc(-c2cccc(Cl)c2)nc1N(C)CCCOc1ccc2c(c1)CC[C@H]2CC(=O)O,465.181919,9,5.51522,0,5,1,75.55,
CID_44439721,CC1=CN=C(N=C1N(C)CCCOC2=CC3=C(C=C2)C(CC3)CC(=O)O)C4=CC(=CC=C4)Cl,465.181919,9,5.51522,0,5,1,75.55,
CHEMBL491606,CCOC(CC1=CC=C(C=C1)OCCN2CCC(=CC2)C3=CC=CC=C3OC)C(=O)O,425.220223,11,3.8955,0,5,1,68.23,
CHEMBL1947143,COc1ccc2c(-n3c(=O)n(Cc4ccc(Cl)c(O[C@H](C)C(=O)O)c4)c4ccccc43)noc2c1,493.104063,7,4.4956,0,8,1,108.72,
CID_56926189,CC(C(=O)O)OC1=C(C=CC(=C1)CN2C3=CC=CC=C3N(C2=O)C4=NOC5=C4C=CC(=C5)OC)Cl,493.104063,7,4.4956,0,8,1,108.72,
CHEMBL1760270,CCCCN(C1=CC=CC(=C1C)C2=CC=C(C=C2)Cl)S(=O)(=O)C3=C(C(=C(C=C3)OC(CCC)C(=O)O)C)C,557.200272,12,7.55976,0,4,1,83.91,
CHEMBL199819,CCCC(C(=O)O)C1CCc2cc(OCCc3nc(-c4ccccc4)oc3C)ccc21,419.209658,9,5.80222,0,4,1,72.56,
CHEMBL4471493,C1=CC(=CC(=C1)NCC2=CC=C(C=C2)OCC3=CC=C(C=C3)I)C(=O)O,459.033141,7,5.1805,0,3,2,58.56,
CHEMBL247620,Cc1sc(-c2ccc(F)cc2)nc1CCOc1ccc2c(c1)CC[C@H]2CC(=O)O,411.130443,7,5.38362,0,4,1,59.42,
CID_44442454,CC1=C(N=C(S1)C2=CC=C(C=C2)F)CCOC3=CC4=C(C=C3)C(CC4)CC(=O)O,411.130443,7,5.38362,0,4,1,59.42,
CHEMBL683,CC(C)(C(=O)O)OC1=CC=C(C=C1)Cl,214.039672,3,2.582,0,2,1,46.53,
CHEMBL1934309,C1CC(CN(C1)C2=CC=CC(=C2)C(=O)O)CNC(=O)C3=CC=C(C=C3)OC4=CC=C(C=C4)F,448.179836,7,4.9626,0,4,2,78.87,
CHEMBL3601088,O=C(NCc1ccc(C(F)(F)F)cc1)c1ccc(NC(=O)c2cccc(CN3C(=O)OC[C@H]3Cc3ccccc3)c2)cc1,587.203191,9,6.4512,0,4,2,87.74,
CHEMBL3601094,O=C(NCc1ccc(C(F)(F)F)cc1)c1ccc(NC(=O)c2cccc(CN3C(=O)OC[C@@H]3Cc3ccccc3)c2)cc1,587.203191,9,6.4512,0,4,2,87.74,
CID_90469358,C1C(N(C(=O)O1)CC2=CC(=CC=C2)C(=O)NC3=CC=C(C=C3)C(=O)NCC4=CC=C(C=C4)C(F)(F)F)CC5=CC=CC=C5,587.203191,9,6.4512,0,4,2,87.74,
CHEMBL1778836,CCCCC1=CC=C(C=C1)C2=NC(=C(O2)C(C)C)CCC3=NOC4=C3C=CC(=C4)OC(C)(C)C(=O)O,490.246772,11,6.976,0,6,1,98.59,
CHEMBL371320,COc1ccc(O[C@@H](Cc2ccccc2)C(=O)O)cc1,272.104859,6,2.7699,0,3,1,55.76,
CID_11184855,COC1=CC=C(C=C1)OC(CC2=CC=CC=C2)C(=O)O,272.104859,6,2.7699,0,3,1,55.76,
CHEMBL2035058,CC1=C(C=CC(=C1)SC(CC2=C(C=CC=C2F)C(F)(F)F)C3=C(N=C(S3)C4=CC=C(C=C4)C(F)(F)F)C)OCC(=O)O,629.092933,9,9.14314,0,5,1,59.42,
CHEMBL4740243,CCC1=NC=CC(=C1)OC2=CC3=C(C=C2)N=C(N3C)COC4=CC=CC(=C4)C(=O)O,403.153206,7,4.6002,0,6,1,86.47,
CHEMBL5286386,CC(C)(C1=CC=C(C=C1)NC(=O)C2=C(C=C(C(=C2)C(=O)NCC3=CC(=C(C=C3)F)F)F)Cl)O,476.111455,6,5.167,0,3,3,78.43,
CHEMBL4860504,Cc1cc(COc2ccc3c(c2)O/C(=C\c2ccc(F)cc2)C3=O)cc(C)c1OC(C)(C)C(=O)O,476.163517,7,5.87974,0,5,1,82.06,
CID_164616038,CC1=CC(=CC(=C1OC(C)(C)C(=O)O)C)COC2=CC3=C(C=C2)C(=O)C(=CC4=CC=C(C=C4)F)O3,476.163517,7,5.87974,0,5,1,82.06,
CHEMBL370374,CCCCCOC1=CC=CC=C1C(CC#CCCCC(=O)[O-])O.[Na+],340.165054,10,-0.3933,0,4,1,69.59,
CHEMBL474551,CC1=C(N=C(O1)C2=CC=CC=C2)CCOC3=CC=CC(=C3)C4=NN(N=C4C(=O)O)C5=CC=CC=C5,466.164105,8,5.21742,0,7,1,103.27,
CHEMBL518499,Cc1c(Oc2ccc(Cl)cc2)c2ccc(F)nc2n1Cc1ccc(Cl)c(O[C@@H](C)C(=O)O)c1,488.070591,7,6.48312,0,5,1,73.58,
CID_25166741,CC1=C(C2=C(N1CC3=CC(=C(C=C3)Cl)OC(C)C(=O)O)N=C(C=C2)F)OC4=CC=C(C=C4)Cl,488.070591,7,6.48312,0,5,1,73.58,
CHEMBL1075836,CC1=C(C=CC(=C1)OCC2=NC(=C(S2)C3=CC=C(C=C3)OC(F)(F)F)C4=CN=C(N=C4)N5CCOCC5)OCC(=O)O,602.14469,10,5.35312,0,10,1,116.13,
CHEMBL4164769,CN1C2=C(C=CC(=C2)OC3=C(C=CC(=C3)F)F)N=C1COC4=CC=CC(=C4)C(=O)O,410.107813,6,4.921,0,5,1,73.58,
CHEMBL207570,CC1=C(C=CC(=C1)OCC2=CC(=CC(=C2)C3=CC=CC=C3)C4=CC=CC=C4)OCC(=O)O,424.167459,8,6.37142,0,3,1,55.76,
CHEMBL2035060,CC1=C(C=CC(=C1)SC(CC2=C(C=C(C=C2)F)F)C3=C(N=C(S3)C4=CC=C(C=C4)C(F)(F)F)C)OCC(=O)O,579.096127,9,8.26344,0,5,1,59.42,
CHEMBL1934477,Cc1nc(-c2ccc(Cl)cc2)sc1C(=O)N[C@@H]1CCCN(c2cccc(C(=O)O)c2)C1,455.10704,5,4.86892,0,5,2,82.53,
CHEMBL1760420,CCCCN(C1=C(C=C(C(=C1C)C2=CC=C(C=C2)Cl)C)C)S(=O)(=O)C3=C(C(=C(C=C3)OC(C)C(=O)O)C)C,557.200272,10,7.3964,0,4,1,83.91,
CHEMBL4758064,CC[C@H]1[C@@H](O)[C@@H]2[C@H]([C@@H](O)C[C@]3(C)[C@@H]([C@H](C)CCC(=O)O)CC[C@@H]23)[C@@]2(C)CC[C@@H](O)C[C@@H]12,436.318875,5,4.0848,0,4,4,97.99,
CID_86280678,CCC1C2CC(CCC2(C3C(CC4(C(C3C1O)CCC4C(C)CCC(=O)O)C)O)C)O,436.318875,5,4.0848,0,4,4,97.99,
CHEMBL1080356,CC1=C(C=CC(=C1)OCC2=NC(=C(S2)C3=CC=C(C=C3)C(C)(C)C)C4=CC=C(C=C4)OC)OCC(=O)O,517.192294,9,7.13402,0,6,1,77.88,
CHEMBL1081601,CC1=C(C=CC(=C1)OCC2=NC(=C(O2)C3=CC=C(C=C3)C(F)(F)F)C4=CC=C(C=C4)OC)OCC(=O)O,513.139922,9,6.38682,0,6,1,91.02,
CHEMBL2112995,CCO[C@H](Cc1ccc(OCC#CCOc2ccc(C[C@@H](OCC)C(=O)O)cc2)cc1)C(=O)O,470.194068,14,3.2122,0,6,2,111.52,
CID_71452719,CCOC(CC1=CC=C(C=C1)OCC#CCOC2=CC=C(C=C2)CC(C(=O)O)OCC)C(=O)O,470.194068,14,3.2122,0,6,2,111.52,
CHEMBL373785,CCCC1=C(C=CC(=C1O)C(=O)C)OCCCOC2=CC=C(C=C2)OCC(=O)OC,416.183503,12,3.947,0,7,1,91.29,
CID_44321490,CCOC(CC1=CC=C(C=C1)OCC=C(C2=CC=C(C=C2)C3=CC=CO3)C4=CC=C(C=C4)C5=CC=CO5)C(=O)O,534.204239,12,7.7495,0,5,1,82.04,
CHEMBL86817,CCO[C@@H](Cc1ccc(OCC=C(c2ccc(-c3ccco3)cc2)c2ccc(-c3ccco3)cc2)cc1)C(=O)O,534.204239,12,7.7495,0,5,1,82.04,
CHEMBL197636,CC(C)C1=CC(=CC=C1)N2C3=CC=CC=C3C(=C2C(=O)O)OC4=CC=CC(=C4)C(F)(F)F,439.139528,5,7.2632,0,3,1,51.46,
CHEMBL515972,CN(CCCc1ccc(C[C@@H](C(=O)O)n2cccc2)cc1)c1ccccn1,363.194677,9,3.8205,0,4,1,58.36,
CID_44263424,CN(CCCC1=CC=C(C=C1)CC(C(=O)O)N2C=CC=C2)C3=CC=CC=N3,363.194677,9,3.8205,0,4,1,58.36,
CHEMBL2037577,CC1=C(C=CC(=C1)SC(CC2=CC=CC=C2)C3=C(N=C(S3)C4=CC=C(C=C4)C(F)(F)F)C)OCC(=O)O,543.11497,9,7.98524,0,5,1,59.42,
CHEMBL199459,CC1=C(N=C(O1)C2=CC=CC=C2)CCOC3=CC4=C(C=C3)C(CC4)C(CC(F)(F)F)C(=O)O,459.165743,8,5.95452,0,4,1,72.56,
CHEMBL4475797,CCN1C(=O)N(C(=N1)CCCC2=CC=C(C=C2)C3=CC(=C(C=C3)OCC)CC(=O)O)C4=CC=CC=C4F,503.222035,11,5.0611,0,6,1,86.35,
CHEMBL4749151,CC1=NC(=C(C=C1)OC2=CC3=C(C(=C2)C)N=C(N3C)COC4=CC=CC(=C4)C(=O)O)C,417.168856,6,4.96306,0,6,1,86.47,
CHEMBL2031857,CC(C)=CCC/C(C)=C/Cc1c(O)cc(/C=C/c2ccc(C(F)(F)F)cc2)cc1O,416.196315,7,7.5222,0,2,2,40.46,
CID_44515008,CC(=CCCC(=CCC1=C(C=C(C=C1O)C=CC2=CC=C(C=C2)C(F)(F)F)O)C)C,416.196315,7,7.5222,0,2,2,40.46,
CHEMBL1079618,CC1=C(C=CC(=C1)OCC2=NC(=C(S2)C3=CC4=CC=CC=C4O3)C5=CC=C(C=C5)OC)OCC(=O)O,501.124608,9,6.58272,0,7,1,91.02,
CHEMBL247998,Cc1sc(-c2ccc(Cl)cc2)nc1CCOc1ccc2c(c1)CC[C@H]2CC(=O)O,427.100892,7,5.89792,0,4,1,59.42,
CID_44442457,CC1=C(N=C(S1)C2=CC=C(C=C2)Cl)CCOC3=CC4=C(C=C3)C(CC4)CC(=O)O,427.100892,7,5.89792,0,4,1,59.42,
CHEMBL4160661,COc1cc(/C=C/C(=O)c2ccc3c(c2)sc(=O)n3CCOc2ccc(CC(OCC(F)(F)F)C(=O)O)cc2)cc(OC)c1,631.148773,14,5.6299,0,9,1,113.29,
CID_145956690,COC1=CC(=CC(=C1)C=CC(=O)C2=CC3=C(C=C2)N(C(=O)S3)CCOC4=CC=C(C=C4)CC(C(=O)O)OCC(F)(F)F)OC,631.148773,14,5.6299,0,9,1,113.29,
CHEMBL219686,CCCc1cc(C(F)(F)F)ccc1OCCCOc1ccc2c(c1)CC[C@H]2CC(=O)O,436.186144,10,6.0103,0,3,1,55.76,
CID_10455681,CCCC1=C(C=CC(=C1)C(F)(F)F)OCCCOC2=CC3=C(C=C2)C(CC3)CC(=O)O,436.186144,10,6.0103,0,3,1,55.76,
CHEMBL2337126,CCCCCC1=CC(=C(C(=C1C(=O)O)O)CC=C(C)C)OC,306.183109,8,4.3404,0,3,2,66.76,
CHEMBL1173474,CCCCCCCCCCCCCCCCCCCCCC(=O)O,340.334131,20,7.8929,0,1,1,37.3,
CHEMBL2112994,CCO[C@H](Cc1ccc(OC/C=C/C#CC#C/C=C/COc2ccc(C[C@@H](OCC)C(=O)O)cc2)cc1)C(=O)O,546.225368,16,4.328,0,6,2,111.52,
CID_71459933,CCOC(CC1=CC=C(C=C1)OCC=CC#CC#CC=CCOC2=CC=C(C=C2)CC(C(=O)O)OCC)C(=O)O,546.225368,16,4.328,0,6,2,111.52,
CHEMBL4780590,CC1=CC(=C(N=C1)OC2=CC3=C(C(=C2)OC(C)C)N=C(N3C)COC4=CC=CC(=C4)C(=O)O)C,461.195071,8,5.44184,0,7,1,95.7,
CHEMBL445921,CCCC(C(=O)O)OC1=CC=CC(=C1)CC2=C(N(C3=C2C=C(C=C3)OC(F)(F)F)C(=O)C4=CC=C(C=C4)OC)C,555.186872,10,6.76832,0,6,1,86.99,
CHEMBL1254756,CCCCOC1=C(C=C(C=C1)C2=C(C(=CN=C2C)C(=O)O)C)CNC(=O)C3=C(C=C(C=C3)C(F)(F)F)F,518.18287,9,6.33044,0,4,2,88.52,
CID_24801247,CCCCCC=CC(=O)CCCCCCCC(=O)O,268.203845,13,4.5073,0,2,1,54.37,
CHEMBL4164343,CCOC(Cc1ccc(OCCn2c(=O)sc3cc(/C=C/c4cc(O)cc(O)c4)ccc32)cc1)C(=O)O,521.150823,11,4.7558,0,8,3,118.22,
CID_145958068,CCOC(CC1=CC=C(C=C1)OCCN2C3=C(C=C(C=C3)C=CC4=CC(=CC(=C4)O)O)SC2=O)C(=O)O,521.150823,11,4.7558,0,8,3,118.22,
CID_152041399,CC1=CC(=CC(=C1OC(C)(C)C(=O)O)C)C=C2C(=O)C3=C(O2)C=C(C=C3)OCC(C)C,424.188589,7,5.19644,0,5,1,82.06,
CHEMBL4215434,C/C(=C\CCCOc1ccccc1CN(C)C(=O)c1ccc(-c2ccco2)cc1)C(=O)O,433.188923,10,5.4087,0,4,1,79.98,
CID_121269406,CC(=CCCCOC1=CC=CC=C1CN(C)C(=O)C2=CC=C(C=C2)C3=CC=CO3)C(=O)O,433.188923,10,5.4087,0,4,1,79.98,
CHEMBL1090859,Cc1oc(-c2ccccc2)nc1CCOc1ccc(C[C@@H](C(=O)O)N2CCN(c3ccccc3)CC2)cc1,511.247107,10,5.08942,0,6,1,79.04,
CID_11526339,CC1=C(N=C(O1)C2=CC=CC=C2)CCOC3=CC=C(C=C3)CC(C(=O)O)N4CCN(CC4)C5=CC=CC=C5,511.247107,10,5.08942,0,6,1,79.04,
CHEMBL234665,C1CC2=C(C=CC(=C2C1)SCC3=CC=CC=C3OCC4=CC=C(C=C4)C(F)(F)F)OCC(=O)O,488.126915,9,6.5288,0,4,1,55.76,
CID_162661151,COC1=CC=CC(=C1OC)C=CC(=O)OCC2=CC(=O)C(=CO2)O,332.089603,6,2.1192,0,7,1,95.2,
CHEMBL371087,CCCC1=C(C=CC2=C1NC=C2C#N)OCCCOC3=CC4=C(C=C3)N(C=C4)CC(=O)O,431.184506,10,4.87928,0,5,2,100.27,
CID_162675634,COC1=CC(=C(C=C1)OC)C=CC(=O)OCC2=CC(=O)C(=CO2)O,332.089603,6,2.1192,0,7,1,95.2,
CHEMBL391068,C1=CC(=CC=C1C2=CC(=NO2)COC3=CC4=C(C=C3)C(=CO4)CC(=O)O)Cl,383.05605,6,4.9473,0,5,1,85.7,
CHEMBL523649,CCOC(CC1=CC=C(C=C1)OCCN2CCC(=CC2)C3=NC=CC=N3)C(=O)O,397.200156,10,2.6769,0,6,1,84.78,
CHEMBL232798,CCO[C@@H](Cc1ccc(CCCOC(=S)NCc2ccccc2)cc1)C(=O)O,401.166079,11,3.7427,0,4,2,67.79,
CID_44431886,CCOC(CC1=CC=C(C=C1)CCCOC(=S)NCC2=CC=CC=C2)C(=O)O,401.166079,11,3.7427,0,4,2,67.79,
CHEMBL1934474,CC1=C(SC(=N1)C2=CC=C(C=C2)Cl)C(=O)NC3CCCN(C3)C4=CC=CC=C4C(=O)O,455.10704,5,4.86892,0,5,2,82.53,
CHEMBL387094,CCCCCCCCCCCCCCCCNS(=O)(=O)NCCC,362.2967,19,5.3017,0,2,2,58.2,
CHEMBL2112998,CCO[C@H](Cc1ccc(OC/C=C(\C)C#Cc2ccc3c(c2)C(=O)c2cc(C#C/C(C)=C/COc4ccc(C[C@@H](OCC)C(=O)O)cc4)ccc2-3)cc1)C(=O)O,752.298533,16,7.716,0,7,2,128.59,
CID_71449115,CCOC(CC1=CC=C(C=C1)OCC=C(C)C#CC2=CC3=C(C=C2)C4=C(C3=O)C=C(C=C4)C#CC(=CCOC5=CC=C(C=C5)CC(C(=O)O)OCC)C)C(=O)O,752.298533,16,7.716,0,7,2,128.59,
CHEMBL498608,C1CN(CC2=C1C=CC(=C2)F)S(=O)(=O)C3=CC=CC(=C3)C(=O)NC4=C(C=C(C=C4)Cl)C(=O)O,488.060899,5,4.1766,0,4,2,103.78,
CID_162645000,CC1=C(N(N=N1)C2=CC=C(C=C2)C3=CC=CO3)CC4=CC=CC=C4OCC=C(C)CCC(=O)O,457.200156,10,5.61642,0,6,1,90.38,
CHEMBL4740551,C/C(=C\COc1ccccc1Cc1c(C)nnn1-c1ccc(-c2ccco2)cc1)CCC(=O)O,457.200156,10,5.61642,0,6,1,90.38,
CHEMBL4759515,CN1C(=NC2=C1C(=C(C=C2)OC3=CC(=NC=C3)OC)F)COC4=CC=CC(=C4)C(=O)O,423.123049,7,4.1855,0,7,1,95.7,
CHEMBL199244,CC(C)(C)C1=CC=C(C=C1)N2C3=C(C=C(C=C3)OC4=CC(=CN4)Cl)C(=C2C(=O)O)OC5=CC=CC(=C5)C(F)(F)F,568.13767,6,9.2111,0,4,2,76.48,
CHEMBL199121,CCCCCOC1=CC2=CC=CC=C2C=C1C(CCCCCCC(=O)[O-])O.[Na+],394.212004,13,1.5367,0,4,1,69.59,
CHEMBL371832,CCCC1=CC(=CC(=C1CC(C2=CC=C(C=C2)C(C)C)C(=O)O)CCC)C(=O)CC,408.266445,11,6.7186,0,2,1,54.37,
CHEMBL1081224,CC1=C(C=CC(=C1)OCC2=NC(=C(S2)C3=CC=C(C=C3)OC(F)(F)F)C4=CC=C(C=C4)C(=O)N(C)C)OCC(=O)O,586.138542,10,6.42832,0,7,1,98.19,
CHEMBL4441323,C1=CC=C(C=C1)NC2=CC(=NC(=N2)SCC(=O)O)Cl,295.018225,5,3.0503,0,5,2,75.11,
CHEMBL236218,CC1=C(C=CC(=C1)OC2=CC=CC(=C2)CNC(=O)C3=CC4=C(N3)C(=CC=C4)Br)CCC(=O)O,506.084119,8,5.97832,0,3,3,91.42,
CHEMBL561776,CCCCCCCCCCCC/C=C(\CCCC(=O)O)[N+](=O)[O-],327.240959,16,5.7129,0,3,1,80.44,
CID_44220888,CCCCCCCCCCCCC=C(CCCC(=O)O)[N+](=O)[O-],327.240959,16,5.7129,0,3,1,80.44,
CHEMBL1760407,CC1=C(C=CC(=C1C)S(=O)(=O)N(CC2CCC2)C3=CC=CC(=C3C)C4=CC=C(C=C4)Cl)OC(C)C(=O)O,541.168972,9,6.77956,0,4,1,83.91,
CHEMBL3765763,CCC(CC1=CC=C(C=C1)C(=O)NCC2=CC=C(C=C2)OC(F)(F)F)C(=O)O,395.134443,8,4.1685,0,3,2,75.63,
CHEMBL1080033,COC1=CC=C(C=C1)C2=C(SC(=N2)COC3=CC4=C(C=C3)C(=CC=C4)CC(=O)O)C5=CC=C(C=C5)C(F)(F)F,549.122164,8,7.8638,0,5,1,68.65,
CID_152092212,CC1=CC(=CC(=C1OC(C)(C)C(=O)O)C)C=C2C(=O)C3=C(O2)C=C(C=C3)OCCC(C)C,438.204239,8,5.58654,0,5,1,82.06,
CHEMBL4441830,CC(C)(C(=O)NS(=O)(=O)C1=CC=CC=C1)OC2=CC=C(C=C2)OCC3=NN(C(=O)N3C4=CC=CC=C4F)C5=CC=C(C=C5)C(F)(F)F,670.150918,10,5.4226,0,9,1,121.52,
CHEMBL4237675,CC1=C(C=CC(=C1)SC(CC2=C(C=CC=C2F)C(F)(F)F)C3=CC=C(C=C3)C4=CC=C(C=C4)F)OCC(=O)O,558.128807,9,8.49852,0,3,1,46.53,
CHEMBL523650,CCO[C@@H](Cc1cccc(C2=NOC(c3ccc(Cl)cc3)C2)c1)C(=O)O,373.108086,7,4.2379,0,4,1,68.12,
CID_25116020,CCOC(CC1=CC(=CC=C1)C2=NOC(C2)C3=CC=C(C=C3)Cl)C(=O)O,373.108086,7,4.2379,0,4,1,68.12,
CHEMBL2011539,COc1cc([C@H]2OC[C@@H]3[C@H]2CO[C@H]3c2ccc3c(c2)OCO3)ccc1O,356.125988,3,3.2047,0,6,1,66.38,
CHEMBL2011540,COc1cc([C@@H]2OC[C@@H]3[C@H]2CO[C@H]3c2ccc3c(c2)OCO3)ccc1O,356.125988,3,3.2047,0,6,1,66.38,
CID_70695728,COC1=C(C=CC(=C1)C2C3COC(C3CO2)C4=CC5=C(C=C4)OCO5)O,356.125988,3,3.2047,0,6,1,66.38,
CHEMBL496807,C1CCC2=C(C=CC(=C2C1)OCC(=O)O)SC3=C(C=C(C=C3)COC4=CC=C(C=C4)C(F)(F)F)Cl,522.087943,8,7.4312,0,4,1,55.76,
CHEMBL393766,C1=CC=C(C(=C1)COC2=CC=C(C=C2)C(F)(F)F)COC3=CC4=C(C=C3)C(=CO4)CC(=O)O,456.118458,8,6.2367,0,4,1,68.9,
CHEMBL1947147,COc1ccc2c(-n3c(=O)n(Cc4cc([C@@]5(C)OC(=O)NC5=O)ccc4Cl)c4ccccc43)noc2c1,518.099312,5,4.1253,0,9,1,117.59,
CID_11620575,CC1(C(=O)NC(=O)O1)C2=CC(=C(C=C2)Cl)CN3C4=CC=CC=C4N(C3=O)C5=NOC6=C5C=CC(=C6)OC,518.099312,5,4.1253,0,9,1,117.59,
CID_71719469,CC(=O)C=CC=CC(CCC=CC(=O)NCC(C)(C)O)O,295.178358,9,1.2722,0,4,3,86.63,
CHEMBL1760408,CC1=C(C=CC(=C1C)S(=O)(=O)N(CC2CC2)C3=CC=CC(=C3C)C4=CC=C(C=C4)Cl)OC(C)C(=O)O,527.153322,9,6.38946,0,4,1,83.91,
CHEMBL2037581,CC1=C(C=CC(=C1)SC(CCCCCC2=CC=CC=C2)C3=C(N=C(S3)C4=CC=C(C=C4)C(F)(F)F)C)OCC(=O)O,599.177571,13,9.54564,0,5,1,59.42,
CHEMBL404439,Cc1oc(-c2ccccc2)nc1Cc1cccc(C[C@H]2CO[C@@](C)(C(=O)O)OC2)c1,407.173273,6,4.24712,0,5,1,81.79,
CID_21866734,CC1=C(N=C(O1)C2=CC=CC=C2)CC3=CC(=CC=C3)CC4COC(OC4)(C)C(=O)O,407.173273,6,4.24712,0,5,1,81.79,
CHEMBL4284549,[2H]C([2H])(Cc1ccc(OCCCOc2cccc(Cl)c2)cc1)C(=O)O,336.10974,9,4.2051,0,3,1,55.76,
CID_145992170,C1=CC(=CC(=C1)Cl)OCCCOC2=CC=C(C=C2)CCC(=O)O,334.097187,9,4.2051,0,3,1,55.76,
CHEMBL575755,CCOC1=CC2=C(C=C1)N=C(S2)SC(C)C(=O)O,283.033685,5,3.2602,0,5,1,59.42,
CHEMBL1080533,CC1=C(C=CC(=C1)OCC2=NC(=C(S2)C3=CC=C(C=C3)Cl)C4=CC=CC=C4)OCC(=O)O,465.080157,8,6.48132,0,5,1,68.65,
CHEMBL238944,CCOc1cccc(-c2ncc(C)c(N(C)CCCOc3ccc4c(c3)CC[C@H]4CC(=O)O)n2)c1,475.247107,11,5.26052,0,6,1,84.78,
CID_44439719,CCOC1=CC=CC(=C1)C2=NC=C(C(=N2)N(C)CCCOC3=CC4=C(C=C3)C(CC4)CC(=O)O)C,475.247107,11,5.26052,0,6,1,84.78,
CID_164621908,CC1=CC(=CC(=C1OC(C)(C)C(=O)O)C)COC2=CC3=C(C=C2)C(=O)C(=CC4=CC5=CC=CC=C5C=C4)O3,508.188589,7,6.89384,0,5,1,82.06,
CHEMBL367002,CCCC1=C(C=CC2=C1ON=C2C3=CC=CC=C3)OCCCCOC4=CC=C(C=C4)C(=O)O,445.188923,11,6.3835,0,5,1,81.79,
CHEMBL3895104,CC(CCC(=O)O)CCOC1=CC=CC=C1CN(C)C(=O)C2=CC=C(C=C2)C3=CC=CO3,435.204573,11,5.4886,0,4,1,79.98,
CHEMBL217932,CC(C)C1=C(C(=NO1)C2=CC=CC(=C2)CC(=O)O)C(=O)NCCOC3=C(C=C(C=C3)Cl)Cl,476.090577,9,5.2077,0,5,2,101.66,
CHEMBL3921000,CS(=O)(=O)CC1=CC=C(C=C1)COC(=O)CC2=CC=C(C=C2)CC(C(=O)O)SCCC3=CC=C(C=C3)F,544.138959,13,4.6278,0,6,1,97.74,
CHEMBL2375952,O=C(O)[C@H](Cc1ccccc1)Oc1ccc(-c2ccc(Cl)cc2)cc1,352.086622,6,5.0817,0,2,1,46.53,
CID_73347302,C1=CC=C(C=C1)CC(C(=O)O)OC2=CC=C(C=C2)C3=CC=C(C=C3)Cl,352.086622,6,5.0817,0,2,1,46.53,
CHEMBL215605,C1=CC=C(C=C1)C2=C(C(=NO2)C3=C(C=C(C=C3)CC(=O)O)Cl)C(=O)CCCOC4=C(C=C(C=C4)Cl)Cl,543.040706,10,7.6378,0,5,1,89.63,
CID_44321440,CCOC(CC1=CC=C(C=C1)OCC=C(C2=CC=CC=C2)C3=CC=CC=C3)C(=O)O,402.183109,10,5.2295,0,3,1,55.76,
CHEMBL314483,CCO[C@@H](Cc1ccc(OCC=C(c2ccccc2)c2ccccc2)cc1)C(=O)O,402.183109,10,5.2295,0,3,1,55.76,
CHEMBL1080535,CC1=C(C=CC(=C1)OCC2=NC(=C(S2)C3=CC=C(C=C3)OC(F)(F)F)C4=CC=C(C=C4)OCC(C)C)OCC(=O)O,587.158943,12,7.76132,0,7,1,87.11,
CHEMBL507477,COc1ccc(C(=O)c2c(C)n(Cc3ccc(F)c(O[C@@H](C)C(=O)O)c3)c3ncccc23)cc1,462.1591,8,4.62362,0,6,1,90.65,
CID_44561817,CC1=C(C2=C(N1CC3=CC(=C(C=C3)F)OC(C)C(=O)O)N=CC=C2)C(=O)C4=CC=C(C=C4)OC,462.1591,8,4.62362,0,6,1,90.65,
CHEMBL4647531,CC(C)(C(=O)N)OC1=CC=C(C=C1)CCOC2=CC=C(C=C2)NC(=O)NC3=CC=CC=C3,433.200156,9,4.5948,0,4,3,102.68,
CHEMBL3955132,CC#C[C@@H](CC(=O)O)c1ccc(OCc2ccc(CN3CCCc4cccc(OC)c43)s2)cc1,475.181729,9,5.8701,0,5,1,59.0,
CID_71257551,CC#CC(CC(=O)O)C1=CC=C(C=C1)OCC2=CC=C(S2)CN3CCCC4=C3C(=CC=C4)OC,475.181729,9,5.8701,0,5,1,59.0,
CHEMBL1946571,Cc1cccc2c(-n3c(=O)n(Cc4ccc(Cl)c(O[C@H](C)C(=O)O)c4)c4cc(C(F)(F)F)ccc43)noc12,545.096533,6,5.81422,0,7,1,99.49,
CID_56925896,CC1=C2C(=CC=C1)C(=NO2)N3C4=C(C=C(C=C4)C(F)(F)F)N(C3=O)CC5=CC(=C(C=C5)Cl)OC(C)C(=O)O,545.096533,6,5.81422,0,7,1,99.49,
CHEMBL2153842,CC(C)(C(=O)NS(=O)(=O)C)OC1=CC=C(C=C1)CCNC(=O)C2=CC=C(C=C2)Cl,438.101621,8,2.5457,0,5,2,101.57,
CHEMBL1173381,CCCCCCCCCCCCCCCCCCCC(=O)O,312.302831,18,7.1127,0,1,1,37.3,
CHEMBL196260,CCCCCOc1ncccc1C(O)C/C=C/CCCC(=O)[O-].[Na+],343.175953,12,-0.4455,0,5,1,82.48,
CID_44404256,CCCCCOC1=C(C=CC=N1)C(CC=CCCCC(=O)[O-])O.[Na+],343.175953,12,-0.4455,0,5,1,82.48,
CHEMBL2011545,CC=C/C=C\CC/C=C/C=C/C(=O)NCC(C)C,247.193614,8,3.7835,0,1,1,29.1,
CID_70693621,CC=CC=CCCC=CC=CC(=O)NCC(C)C,247.193614,8,3.7835,0,1,1,29.1,
CHEMBL484465,CC1=C(C(=CC=C1)C(=O)O)NC(=O)C2=CC(=CC=C2)S(=O)(=O)N3CCC4=CC=CC=C4C3,450.124943,5,3.69252,0,4,2,103.78,
CHEMBL4172322,CC1=C(C=C(C=C1)OC2=CC3=C(C=C2)N=C(N3C)COC4=CC=CC(=C4)C(=O)O)F,406.132885,6,5.09032,0,5,1,73.58,
CID_23678396,CCCCCOC1=CC=CC=C1C(CC=CCCCC(=O)[O-])O.[Na+],342.180704,12,0.1595,0,4,1,69.59,
CHEMBL2113105,CCCCCOc1ccccc1C(O)C/C=C\CCCC(=O)[O-].[Na+],342.180704,12,0.1595,0,4,1,69.59,
CHEMBL4649566,CC(C)(Oc1ccc(CCOc2ccc(/N=N/c3ccccc3)cc2)cc1)C(=O)NCc1ccccc1,493.236542,11,7.1973,0,5,1,72.28,
CID_156022000,CC(C)(C(=O)NCC1=CC=CC=C1)OC2=CC=C(C=C2)CCOC3=CC=C(C=C3)N=NC4=CC=CC=C4,493.236542,11,7.1973,0,5,1,72.28,
CHEMBL573492,C1=CC=C(C=C1)CC(C(=O)[O-])OC2=CC=C(C=C2)C(=O)CC3=CC=CC=C3.[Na+],382.118103,8,-0.144,0,4,0,66.43,
CHEMBL4461490,CC(C)(Oc1ccc(CCOc2ccc(/N=N/c3ccc(C#N)cc3)cc2)cc1)C(=O)O,429.168856,9,5.83718,0,6,1,104.27,
CID_155528574,CC(C)(C(=O)O)OC1=CC=C(C=C1)CCOC2=CC=C(C=C2)N=NC3=CC=C(C=C3)C#N,429.168856,9,5.83718,0,6,1,104.27,
CHEMBL371097,CCCC1=C(C=CC2=C1OC(=C2)C3=CC=CC=C3)OCCCOC4=CC=CC5=C4C=CN5CC(=O)O,483.204573,11,6.9395,0,5,1,73.83,
CHEMBL4248145,CC1=C(C=CC(=C1)SC(CC2=C(C=CC=C2Cl)F)C3=CC=C(C=C3)C4=CC(=CC=C4)C(F)(F)F)OCC(=O)O,574.099256,9,9.01282,0,3,1,46.53,
CHEMBL4160416,O=C(O)C(Cc1ccc(OCCn2c(=O)sc3cc(/C=C/c4cc(O)cc(O)c4)ccc32)cc1)OCC(F)(F)F,575.122558,11,5.2982,0,8,3,118.22,
CID_145959653,C1=CC(=CC=C1CC(C(=O)O)OCC(F)(F)F)OCCN2C3=C(C=C(C=C3)C=CC4=CC(=CC(=C4)O)O)SC2=O,575.122558,11,5.2982,0,8,3,118.22,
CID_164609968,CC1=CC(=CC(=C1OC(C)(C)C(=O)O)C)COC2=CC3=C(C=C2)C(=O)C(=CC4=CC=C(C=C4)C#N)O3,483.168188,7,5.61232,0,6,1,105.85,
CHEMBL3894017,C1=CC=C(C(=C1)CSC2=CC=CC(=C2)CC(=O)OCC3=CC=C(C=C3)C(F)(F)F)C(=O)O,460.095615,8,5.9818,0,4,1,63.6,
CHEMBL383313,CC1=C(C=CC(=C1)OCC2=CC(=NC(=N2)C3=CC=C(C=C3)C(F)(F)F)C4=CC=C(C=C4)C(F)(F)F)OCC(=O)O,562.132726,8,7.19902,0,5,1,81.54,
CHEMBL4751849,CN1C2=C(C=CC(=C2)OC3=CN=CC(=C3)OC)N=C1COC4=CC=CC(=C4)C(=O)O,405.132471,7,4.0464,0,7,1,95.7,
CHEMBL574824,C1=CC=C(C=C1)CC(C(=O)O)OC2=CC=C(C=C2)CNC3=CC=CC=C3,347.152144,8,4.3734,0,3,2,58.56,
CHEMBL4173286,CN1C2=C(C=CC(=C2)OC3=CC4=C(C=C3)C=CO4)N=C1COC5=CC=CC(=C5)C(=O)O,414.121572,6,5.389,0,6,1,86.72,
CHEMBL1828828,CC(C)(CCCOc1ccc(C(=O)/C=C/c2ccccc2)cc1)C(=O)O,352.167459,9,4.8525,0,3,1,63.6,
CID_56641379,CC(C)(CCCOC1=CC=C(C=C1)C(=O)C=CC2=CC=CC=C2)C(=O)O,352.167459,9,4.8525,0,3,1,63.6,
CHEMBL2035062,CC1=C(C=CC(=C1)SC(CC2=CC(=C(C(=C2)F)F)F)C3=C(N=C(S3)C4=CC=C(C=C4)C(F)(F)F)C)OCC(=O)O,597.086705,9,8.40254,0,5,1,59.42,
CHEMBL106256,CCCC1=C(C(=CC(=C1OC(C2=CC=CC=C2)C(=O)O)Cl)C(=O)CC)O,376.107751,8,4.7955,0,4,2,83.83,
CHEMBL520827,COC1=CC=CC2=C1CCN(C2)S(=O)(=O)C3=CC=CC(=C3)C(=O)NC4=C(C=C(C=C4)Cl)C(=O)O,500.080885,6,4.0461,0,5,2,113.01,
CHEMBL1075706,CC1=C(C=CC(=C1)OCC2=NC(=C(S2)C3=CC=C(C=C3)OC(F)(F)F)C4=CC=C(C=C4)N5CCOCC5)OCC(=O)O,600.154192,10,6.56312,0,8,1,90.35,
CHEMBL3827709,CC1=C(N=C(O1)C2=CC=C(C=C2)S(=O)(=O)C)COC3=CC(=C(C=C3)F)CN(CC(=O)O)C(=O)OC,506.115915,9,3.42462,0,8,1,136.24,
CHEMBL4460166,CCCCCCC(C(=O)O)SC1=NC2=C(S1)C=C(C=C2)NCC3=CC=C(C=C3)C(C)(C)C,470.20617,11,7.7216,0,5,2,62.22,
CHEMBL259873,CC1=C(C=CC(=C1)SCC2=NOC(=C2)C3=CC=C(C=C3)C(F)(F)F)OCC(=O)O,423.075214,7,5.42452,0,5,1,72.56,
CHEMBL4089775,COC1=CC=CC=C1S(=O)(=O)N2C3=C(C=C(C=C3)C(F)(F)F)C=C2CCCC(=O)O,441.085778,7,4.313,0,5,1,85.6,
CHEMBL104246,Cc1oc(-c2ccccc2)nc1CCOc1ccc(C[C@@H](C(=O)O)N2CCOCC2)cc1,436.199822,9,3.59942,0,6,1,85.03,
CID_44335944,CC1=C(N=C(O1)C2=CC=CC=C2)CCOC3=CC=C(C=C3)CC(C(=O)O)N4CCOCC4,436.199822,9,3.59942,0,6,1,85.03,
CHEMBL1828829,C1=CC=C(C=C1)C(=O)C2=CC=C(C=C2)OCCCCC(=O)O,298.120509,8,3.5513,0,3,1,63.6,
CHEMBL208318,CC1=C(C=CC(=C1)OCC2=CC(=CC(=C2)C3=CC=C(C=C3)OC(F)(F)F)C4=CC=C(C=C4)OC(F)(F)F)OCC(=O)O,592.132058,10,8.16862,0,5,1,74.22,
CHEMBL1081600,CC1=C(C=CC(=C1)OCC2=NC(=C(O2)C3=CC=C(C=C3)Cl)C4=CC=C(C=C4)OC)OCC(=O)O,479.113565,9,6.02142,0,6,1,91.02,
CHEMBL370152,C1=CC=C(C=C1)SC2=C(N(C3=C2C=C(C=C3)Cl)CC4=CC=C(C=C4)Cl)C(=O)O,427.020055,5,6.8458,0,3,1,42.23,
CHEMBL458866,CC1=C(N=C(O1)C2=CC=C(C=C2)OC)CCOC3=CC4=C(CC(C(=O)O4)C(=O)OC)C=C3,437.147452,7,3.53082,0,8,0,97.09,
CHEMBL110071,CCCC1=C(C=CC(=C1)OC2=CC=CC=C2)OCCCCOC3=CC4=C(CCC(O4)(C)C(=O)O)C=C3,490.235539,12,6.8377,0,5,1,74.22,
CHEMBL377660,CCc1ccc(O[C@H](C)CCOc2ccc(CCC(=O)O)c(C)c2)c(Oc2ccccc2)c1,448.224974,12,6.60332,0,4,1,64.99,
CID_16085980,CCC1=CC(=C(C=C1)OC(C)CCOC2=CC(=C(C=C2)CCC(=O)O)C)OC3=CC=CC=C3,448.224974,12,6.60332,0,4,1,64.99,
CID_44409213,CCC(C)(CC1=CC=C(C=C1)OCCCOC2=CC3=C(C=C2)C(=CC(=O)N3)C)C(=O)O,423.204573,10,4.72782,0,4,2,88.62,
CHEMBL206285,CC[C@@](C)(Cc1ccc(OCCCOc2ccc3c(C)cc(O)nc3c2)cc1)C(=O)O,423.204573,10,5.14012,0,5,2,88.88,
CHEMBL223356,Cc1cc2cc(OCCCOc3ccc4c(c3)CC[C@H]4CC(=O)O)ccc2[nH]1,379.178358,8,4.82872,0,3,2,71.55,
CID_24776393,CC1=CC2=C(N1)C=CC(=C2)OCCCOC3=CC4=C(C=C3)C(CC4)CC(=O)O,379.178358,8,4.82872,0,3,2,71.55,
CID_44515004,CC(=CCCC(=CCC1=C(C=C(C=C1O)C=CC2=CC=C(C=C2)OC)O)C)C,378.219495,8,6.512,0,3,2,49.69,
CHEMBL2031856,COc1ccc(/C=C/c2cc(O)c(C/C=C(\C)CCC=C(C)C)c(O)c2)cc1,378.219495,8,6.512,0,3,2,49.69,
CHEMBL214719,C1=CC=C(C=C1)CC2=CN=C3C(=C2C4=CC(=CC=C4)OCC5=CC=C(C=C5)CC(=O)O)C=CC=C3C(F)(F)F,527.170828,8,7.7175,0,3,1,59.42,
CHEMBL372780,CC(C)(C)C1=CC=C(C=C1)N2C3=C(C=C(C=C3)Cl)C(=C2C(=O)O)OC4=CC(=CC(=C4)C(F)(F)F)C(F)(F)F,555.10359,4,9.1095,0,3,1,51.46,
CHEMBL1934478,Cc1sc(-c2ccc(Cl)cc2)nc1C(=O)N[C@H]1CCCN(c2cccc(C(=O)O)c2)C1,455.10704,5,4.86892,0,5,2,82.53,
CID_57390811,CC1=C(N=C(S1)C2=CC=C(C=C2)Cl)C(=O)NC3CCCN(C3)C4=CC=CC(=C4)C(=O)O,455.10704,5,4.86892,0,5,2,82.53,
CID_172444632,CC=CCCC(=O)C1=C(C2(C3C(=C(C=CC=CC)O)C(=O)C4(C1C5(C2(OC3(C4(O5)O)C)O)C)C)C)O,498.225368,6,3.4782,0,8,4,133.52,
CHEMBL53688,CCCC1=C(C=CC(=C1)OC2=CC=C(C=C2)NS(=O)(=O)C)OCCCOC3=CC=C(C=C3)C4C(=O)NC(=O)S4,570.149443,13,5.6749,0,8,2,120.03,
CHEMBL514871,CCOC(CC1=CC=C(C=C1)OCCN2CCC(=CC2)C3=CC=CC=C3Cl)C(=O)O,429.170686,10,4.5403,0,4,1,59.0,
CHEMBL1808554,CCCCC(C(=O)NS(=O)(=O)C1=CC=CC=C1)SC2=NC3=C(S2)C=CC(=C3)Cl,454.024633,8,5.1057,0,6,1,76.13,
CHEMBL3398431,Cc1oc(-c2ccccc2)nc1CCOc1cccc([C@@H]2CN(C(=O)Oc3ccccc3)C[C@@H]2CC(=O)O)c1,526.210387,9,5.96062,0,6,1,102.1,
CHEMBL3398433,Cc1oc(-c2ccccc2)nc1CCOc1cccc([C@H]2CN(C(=O)Oc3ccccc3)C[C@@H]2CC(=O)O)c1,526.210387,9,5.96062,0,6,1,102.1,
CID_118727477,CC1=C(N=C(O1)C2=CC=CC=C2)CCOC3=CC=CC(=C3)C4CN(CC4CC(=O)O)C(=O)OC5=CC=CC=C5,526.210387,9,5.96062,0,6,1,102.1,
CHEMBL590341,C/C(=N\OCCCCO/N=C(/CCC(=O)O)c1ccccc1)c1ccccc1,382.189257,12,4.4931,0,5,1,80.48,
CID_46229742,CC(=NOCCCCON=C(CCC(=O)O)C1=CC=CC=C1)C2=CC=CC=C2,382.189257,12,4.4931,0,5,1,80.48,
CHEMBL213876,CC(C)(C)C1=C(C(=NO1)C2=C(C=C(C=C2)CC(=O)O)Cl)C(=O)NCCOC3=C(C=C(C=C3)Cl)Cl,524.067255,8,6.0352,0,5,2,101.66,
CHEMBL597956,C1CCC(CC1)C2=CC=C(C=C2)C(=O)NCCS(=O)(=O)C3=NC=C(C=C3)C(F)(F)F,440.138148,6,4.3518,0,4,1,76.13,
CHEMBL241063,CC(=O)c1sc(-c2ccc(OCCCOc3ccc4c(c3)CC[C@H]4CC(=O)O)nc2)nc1C,466.156243,10,5.06852,0,7,1,98.61,
CID_10050194,CC1=C(SC(=N1)C2=CN=C(C=C2)OCCCOC3=CC4=C(C=C3)C(CC4)CC(=O)O)C(=O)C,466.156243,10,5.06852,0,7,1,98.61,
CHEMBL3751930,CC(C)(CCCOc1ccc(/C=C/c2ccncc2)cc1)C(=O)O,325.167794,8,4.5218,0,3,1,59.42,
CID_127037541,CC(C)(CCCOC1=CC=C(C=C1)C=CC2=CC=NC=C2)C(=O)O,325.167794,8,4.5218,0,3,1,59.42,
CHEMBL1933842,CC(C)CCS(=O)(=O)NC(=O)/C=C/c1cc(OC(C)C)nn1Cc1ccc(C(F)(F)F)cc1Cl,521.13629,10,4.8961,0,6,1,90.29,
CID_56949693,CC(C)CCS(=O)(=O)NC(=O)C=CC1=CC(=NN1CC2=C(C=C(C=C2)C(F)(F)F)Cl)OC(C)C,521.13629,10,4.8961,0,6,1,90.29,
CHEMBL4466552,COC(=O)C(OC(=O)/C(C)=C/CC/C(C)=C/CC[C@]1(C)CCc2cc(OC)cc(C)c2O1)C(=O)OC,502.256668,11,4.79812,0,8,0,97.36,
CID_155532130,CC1=CC(=CC2=C1OC(CC2)(C)CCC=C(C)CCC=C(C)C(=O)OC(C(=O)OC)C(=O)OC)OC,502.256668,11,4.79812,0,8,0,97.36,
CHEMBL4784296,CN1C2=C(C=CC(=C2)OC3=CN=C(C=C3)OC)N=C1COC4=CC=CC(=C4)C(=O)O,405.132471,7,4.0464,0,7,1,95.7,
CHEMBL3335622,CC(C)(C)C1=CC=C(C=C1)C(=O)NC2=CC=CC=C2C(=O)NC3=CC=CC(=C3)C(=O)O,416.173607,5,5.1869,0,3,3,95.5,
CHEMBL144112,CCO[C@@H](Cc1ccc(OC/C=C(\C)c2ccc(-c3ccc(/C(C)=C/COc4ccc(C[C@H](OCC)C(=O)O)cc4)cc3)cc2)cc1)C(=O)O,678.319268,19,8.3826,0,6,2,111.52,
CHEMBL169,C[C@H]1[C@H](C)CC[C@]2(C(=O)O)CC[C@]3(C)C(=CC[C@@H]4[C@@]5(C)CC[C@H](O)C(C)(C)[C@@H]5CC[C@]43C)[C@H]12,456.360345,1,7.0895,0,2,2,57.53,
CID_64945,CC1CCC2(CCC3(C(=CCC4C3(CCC5C4(CCC(C5(C)C)O)C)C)C2C1C)C)C(=O)O,456.360345,1,7.0895,0,2,2,57.53,
CHEMBL1760404,CCCCN(C1=CC=CC(=C1C)C2=CC=C(C=C2)Cl)S(=O)(=O)C3=C(C(=C(C=C3)OC(C)C(=O)O)OC)OC,561.158801,12,6.17992,0,6,1,102.37,
CHEMBL1760423,CCCCN(C1=CC=CC(=C1C)C2=CC=CC=C2Cl)S(=O)(=O)C3=C(C(=C(C=C3)OC(C)C(=O)O)C)C,529.168972,10,6.77956,0,4,1,83.91,
CHEMBL119682,CCC(CC1=CC(=C(C=C1)OC)C(=O)NCC2=CC(=CC=C2)OC)C(=O)O,371.173273,9,3.2871,0,4,2,84.86,
CHEMBL190368,CC(=O)c1ccc(O[C@@H](Cc2ccccc2)C(=O)O)cc1,284.104859,6,2.9639,0,3,1,63.6,
CID_11243082,CC(=O)C1=CC=C(C=C1)OC(CC2=CC=CC=C2)C(=O)O,284.104859,6,2.9639,0,3,1,63.6,
CHEMBL3974778,CC(C)CC1=CC=C(C=C1)C(C)C(=O)OCC2=CC=C(C=C2)CC(C(=O)O)SCCC3=CC=C(C=C3)F,522.224009,13,6.8427,0,4,1,63.6,
CHEMBL402063,C/C=C1/C(=O)C[C@H]2[C@@H]3CCC4=CC(=O)CC[C@]4(C)[C@H]3CC[C@]12C,312.20893,0,4.6436,0,2,0,34.14,
CID_6439929,CC=C1C(=O)CC2C1(CCC3C2CCC4=CC(=O)CCC34C)C,312.20893,0,4.6436,0,2,0,34.14,
CHEMBL207957,CC1=C(C=CC(=C1)OCC2=CC(=C(C=C2)C3=CC=C(C=C3)OC)C4=CC=C(C=C4)OC)OCC(=O)O,484.188589,10,6.38862,0,5,1,74.22,
CHEMBL5207130,CCC1=CC=C(C=C1)C2=NC3=C(O2)C=CC(=C3)NC(=O)C4=C(C=CC(=C4)[N+](=O)[O-])Cl,421.082934,5,5.8711,0,5,1,98.27,
CHEMBL485088,C1CN(CC2=CC=CC=C21)S(=O)(=O)C3=CC=CC(=C3)C(=O)NC4=C(C=C(C=C4)Cl)C(=O)O,470.07032,5,4.0375,0,4,2,103.78,
CHEMBL1082118,CC1=C(C=CC(=C1)OCC2=NC(=C(O2)C3=CC=C(C=C3)OC(F)(F)F)C4=CN=C(C=C4)OC)OCC(=O)O,530.130086,10,5.66162,0,8,1,113.14,
CHEMBL3393179,C1=CC=C(C(=C1)C(=O)NC2=CC=CC(=C2)CC(=O)O)NC(=O)C3=CC=C(C=C3)C(F)(F)F,442.114042,6,4.8371,0,3,3,95.5,
CHEMBL1087712,COC(=O)N(CC(=O)O)Cc1cccc(OCc2csc(-c3cccc(Cl)c3)n2)c1,446.07032,8,4.6955,0,6,1,88.96,
CID_23674509,CCCCCOC1=CC2=CC=CC=C2C=C1C(CC=CCCCC(=O)[O-])O.[Na+],392.196354,12,1.3127,0,4,1,69.59,
CHEMBL2113107,CCCCCOc1cc2ccccc2cc1C(O)C/C=C\CCCC(=O)[O-].[Na+],392.196354,12,1.3127,0,4,1,69.59,
CHEMBL4066889,C1=CC2=C(C=C1C(F)(F)F)C=C(N2S(=O)(=O)C3=CC4=C(C=C3)SC=N4)CCCC(=O)O,468.042534,6,4.9141,0,6,1,89.26,
CID_57966828,CC1CN(CCN1CCOC2=C(C=CC(=C2)CC(=O)O)C)C3=NC4=C(S3)C=C(C=C4)Cl,459.13834,7,4.47472,0,6,1,65.9,
CHEMBL167352,CCOC(CC1=CC=C(C=C1)OCCN2C3=CC=CC=C3C=CC4=CC=CC=C42)C(=O)O,429.194008,9,5.4197,0,4,1,59.0,
CHEMBL247399,Cc1oc(-c2ccc(Cl)cc2)nc1CCOc1ccc2c(c1)CC[C@H]2CC(=O)O,411.123736,7,5.42942,0,4,1,72.56,
CID_44442450,CC1=C(N=C(O1)C2=CC=C(C=C2)Cl)CCOC3=CC4=C(C=C3)C(CC4)CC(=O)O,411.123736,7,5.42942,0,4,1,72.56,
CHEMBL3094417,CCCCCCC(C(=O)O)SC1=NC(=CC(=N1)Cl)NC2=NC(=CS2)C3=CC=C(C=C3)[N+](=O)[O-],507.080174,12,6.421,0,9,2,131.14,
CHEMBL94496,CCCC1=C(C=CC(=C1)OC2=CC=C(C=C2)C(C)C)OCCCOC3=CC=CC(=C3)C4C(=O)NC(=O)S4,519.207944,12,7.4268,0,6,1,73.86,
CHEMBL104494,Cc1oc(-c2ccccc2)nc1CCOc1ccc(C[C@H](Nc2ncccn2)C(=O)O)cc1,444.179755,10,4.16932,0,7,2,110.37,
CID_44335993,CC1=C(N=C(O1)C2=CC=CC=C2)CCOC3=CC=C(C=C3)CC(C(=O)O)NC4=NC=CC=N4,444.179755,10,4.16932,0,7,2,110.37,
CHEMBL1079669,CCOC(CC1=CC=C(C=C1)OCC2=NC(=C(S2)C3=CC=C(C=C3)C(F)(F)F)C4=CC=C(C=C4)OC)C(=O)O,557.148379,11,7.1157,0,6,1,77.88,
CHEMBL4634884,CCCCNC(=O)C(C)(C)OC1=CC=C(C=C1)CCOC2=CC=C(C=C2)NC(=O)NC3=CC=CC=C3,489.262757,12,6.0258,0,4,3,88.69,
CHEMBL210873,CC1=C(C=CC(=C1)OCC2=CC(=CC(=C2)C3=CC=C(C=C3)N(C)C)C4=CC=C(C=C4)N(C)C)OCC(=O)O,510.251858,10,6.50342,0,5,1,62.24,
CHEMBL377218,CCCC1=C(C=CC2=C1ON=C2C(F)(F)F)OCCCN3C=CC4=C3C=CC(=C4)C(=O)O,446.145342,8,5.9211,0,5,1,77.49,
CHEMBL1828831,CC(C)(CCCOC1=CC=C(C=C1)OC2=CC=CC=C2)C(=O)O,314.151809,8,4.7487,0,3,1,55.76,
CHEMBL573896,CCCC(C(=O)O)SC1=NC2=C(S1)C=CC(=C2)Cl,300.999798,5,4.2951,0,4,1,50.19,
CHEMBL1080821,CC1=C(C=CC(=C1)OCC2=NC(=C(S2)C3=CC=C(C=C3)OC(F)(F)F)C4=CC(=C(C=C4)OC)F)OCC(=O)O,563.102571,10,6.87422,0,7,1,87.11,
CHEMBL319637,CCCC1=C2C(=CC(=C1OC(C3=CC=CC=C3)C(=O)O)Cl)C(=NO2)CC,373.108086,7,5.2008,0,4,1,72.56,
CHEMBL220894,CCOc1csc(-c2ccc(OCCCOc3ccc4c(c3)CC[C@H]4CC(=O)O)c(OC)c2)n1,483.171559,12,5.5698,0,7,1,87.11,
CID_9982759,CCOC1=CSC(=N1)C2=CC(=C(C=C2)OCCCOC3=CC4=C(C=C3)C(CC4)CC(=O)O)OC,483.171559,12,5.5698,0,7,1,87.11,
CHEMBL24683,CCO[C@H](Cc1ccc(OCCN2c3ccccc3Oc3ccccc32)cc1)C(=O)O,419.173273,9,5.0416,0,5,1,68.23,
CHEMBL4176762,CN1C2=C(C=CC(=C2)OC3=NC=C(C=C3)Cl)N=C1COC4=CC=CC(=C4)C(=O)O,409.082934,6,4.6912,0,6,1,86.47,
CHEMBL145941,O=C(c1ccccc1)c1ccccc1N[C@@H](Cc1ccc(OCCOc2ccc(SCl)cc2)cc1)C(=O)O,547.122022,13,6.7291,0,6,2,84.86,
CID_44364876,C1=CC=C(C=C1)C(=O)C2=CC=CC=C2NC(CC3=CC=C(C=C3)OCCOC4=CC=C(C=C4)SCl)C(=O)O,547.122022,13,6.7291,0,6,2,84.86,
CHEMBL4746369,CC1=NC(=C(C=C1)OC2=C(C3=C(C=C2)N=C(N3C)COC4=CC=CC(=C4)C(=O)O)C)C,417.168856,6,4.96306,0,6,1,86.47,
CHEMBL2204698,CC(C)(C(=O)O)OC1=CC=C(C=C1)COC2=NC3=CC=CC=C3S2,343.087829,6,4.1173,0,5,1,68.65,
CHEMBL1079984,CC1=C(C=CC(=C1)OCC2=NC(=C(S2)C3=CC=C(C=C3)OC(F)(F)F)C4=CN=C(N=C4)OC)OCC(=O)O,547.102491,10,5.52512,0,9,1,112.89,
CHEMBL487087,CCOC(=O)N1CCC2=C(C1)SC(=C2C(=O)NC3=CC=C(C=C3)C(=O)OC)NC(=O)CC4=CC=C(C=C4)OC,551.172621,8,4.4914,0,8,2,123.27,
CHEMBL258519,CC1=C(C=CC(=C1)SCC2=NC(=NS2)C3=CC(=C(C=C3)Cl)Cl)OC4(CCCC4)C(=O)O,494.02924,7,6.88882,0,6,1,72.31,
CHEMBL4862974,C1CC1C2=C(C(=NO2)C3=C(C=NC=C3Cl)Cl)C4=CC5(C4)CCN(CC5)C6=CC7=C(C=C6)N=C(C=C7C(F)(F)F)C(=O)O,614.109931,5,8.2599,0,6,1,92.35,
CID_168284867,CCCCCCC=CCCCCCCCC1=CC(=CC=C1)OCC(=O)OCC,388.297745,17,7.0382,0,3,0,35.53,
CHEMBL443238,Cc1cccc(-c2nc(CCOc3ccc4c(c3)CC[C@H]4CC(=O)O)c(C)o2)c1,391.178358,7,5.08444,0,4,1,72.56,
CID_44442449,CC1=CC(=CC=C1)C2=NC(=C(O2)C)CCOC3=CC4=C(C=C3)C(CC4)CC(=O)O,391.178358,7,5.08444,0,4,1,72.56,
CHEMBL401236,CCc1cc(Oc2cc(F)cc([C@@H](C)NC(=O)c3sc4ccc(Cl)cc4c3C)c2)ccc1CCC(=O)O,539.133335,9,7.86512,0,4,2,75.63,
CID_44434362,CCC1=C(C=CC(=C1)OC2=CC(=CC(=C2)C(C)NC(=O)C3=C(C4=C(S3)C=CC(=C4)Cl)C)F)CCC(=O)O,539.133335,9,7.86512,0,4,2,75.63,
CHEMBL4638499,CC(C)(Oc1ccc(CCOc2ccc(/N=N/c3ccccc3)cc2)cc1)C(=O)NS(=O)(=O)c1ccc(NC(=O)Cc2ccccc2)cc1,676.235556,14,7.5672,0,8,2,135.52,
CID_156012387,CC(C)(C(=O)NS(=O)(=O)C1=CC=C(C=C1)NC(=O)CC2=CC=CC=C2)OC3=CC=C(C=C3)CCOC4=CC=C(C=C4)N=NC5=CC=CC=C5,676.235556,14,7.5672,0,8,2,135.52,
CHEMBL2011538,COc1cc([C@H]2OC[C@H]3[C@@H]2CO[C@H]3c2ccc3c(c2)OCO3)cc(OC)c1O,386.136553,4,3.2133,0,7,1,75.61,
CID_57404419,COC1=CC(=CC(=C1O)OC)C2C3COC(C3CO2)C4=CC5=C(C=C4)OCO5,386.136553,4,3.2133,0,7,1,75.61,
CHEMBL561371,CCCCCCCC/C(=C\CCCCCCCC(=O)O)[N+](=O)[O-],327.240959,16,5.7129,0,3,1,80.44,
CID_24836820,CCCCCCCCC(=CCCCCCCCC(=O)O)[N+](=O)[O-],327.240959,16,5.7129,0,3,1,80.44,
CHEMBL601222,CCCC1=CC2=C(N1CC3=CC=C(C=C3)C4=CC=CC=C4C(=O)O)C=CC(=C2)NC(=O)C(CC)C5=CC=CC=C5,530.256943,10,8.1396,0,3,2,71.33,
CHEMBL198091,CC(C)COC1=CC2=C(C=C1)N(C(=C2OC3=CC=CC(=C3)C(F)(F)F)C(=O)O)C4=CC=C(C=C4)C(C)(C)C,525.212693,7,8.4721,0,4,1,60.69,
CHEMBL167430,CCO[C@@H](Cc1ccc(OCCn2c3ccccc3c3cc(Br)ccc32)cc1)C(=O)O,481.08887,9,5.6682,0,4,1,60.69,
CID_10896153,CCOC(CC1=CC=C(C=C1)OCCN2C3=C(C=C(C=C3)Br)C4=CC=CC=C42)C(=O)O,481.08887,9,5.6682,0,4,1,60.69,
CID_10896097,C1=CC(=CC=C1CCC(CC(CCC2=CC=C(C=C2)O)OC3C(C(C(C(O3)CO)O)O)O)O)O,478.220283,11,0.5993,0,9,7,160.07,
CHEMBL516827,OC[C@H]1O[C@@H](O[C@H](CCc2ccc(O)cc2)C[C@H](O)CCc2ccc(O)cc2)[C@H](O)[C@@H](O)[C@@H]1O,478.220283,11,0.5993,0,9,7,160.07,
CHEMBL1947139,COc1ccc2c(-n3c(=O)n(Cc4ccc([C@@]5(C)OC(=O)NC5=O)cc4)c4cc(C(F)(F)F)ccc43)noc2c1,552.125669,5,4.4907,0,9,1,117.59,
CID_56926187,CC1(C(=O)NC(=O)O1)C2=CC=C(C=C2)CN3C4=C(C=CC(=C4)C(F)(F)F)N(C3=O)C5=NOC6=C5C=CC(=C6)OC,552.125669,5,4.4907,0,9,1,117.59,
CHEMBL575075,COC1=CC(=CC(=C1)C2=COC3=C(C2=O)C=CC(=C3)O)OC,298.084124,3,3.1828,0,5,1,68.9,
CHEMBL181554,CC1=C(C2=C(N1C(=O)C3=CC=C(C=C3)OC)C=CC(=C2)OC(F)(F)F)CC4=CC(=CC=C4)OC(C)(C)C(=O)O,541.171222,8,6.37822,0,6,1,86.99,
CHEMBL272774,COc1ccc(N2C(=O)[C@H](Cc3ccc(OCCc4nc(-c5ccccc5)oc4C)cc3)[C@@H]2C(=O)O)cc1,512.194737,10,4.93882,0,6,1,102.1,
CHEMBL4175461,CC1=CC(=C(N=C1)OC2=CC3=C(C=C2)N=C(N3C)COC4=CC=CC(=C4)C(=O)O)F,407.128134,6,4.48532,0,6,1,86.47,
CHEMBL234799,C1=CC(=CC(=C1)COC2=CC3=C(C=C2)C(=CO3)CC(=O)O)COC4=CC=C(C=C4)C(F)(F)F,456.118458,8,6.2367,0,4,1,68.9,
CHEMBL5531993,CC1=CC(=CC(=C1OC(C)(C)C(=O)O)C)CN2CCN(CC2)CC3=CN=C(C=C3)C(F)(F)F,465.223926,7,4.27704,0,5,1,65.9,
CHEMBL218339,COC1=C(C=C(C=C1)CC(=O)O)C2=NOC(=C2C(=O)NCCOC3=C(C=C(C=C3)Cl)Cl)C4=CC=CC=C4,540.085492,10,5.7599,0,6,2,110.89,
CID_168285472,CCCCCCC=CCCCCCCCC1=CC(=CC=C1)OCC(=O)O,360.266445,16,6.5597,0,2,1,46.53,
CHEMBL421602,CCCC1=CC2=C(C(=C1OC(C3=CC=C(C=C3)OCC4=CC=CC=N4)C(=O)O)CCC)ON=C2C(F)(F)F,528.187207,11,6.9303,0,6,1,94.68,
CHEMBL215245,C[C@H](CCOc1ccc(CCC(=O)O)c(F)c1)Oc1ccc(Cl)cc1Oc1ccccc1,458.12963,11,6.525,0,4,1,64.99,
CID_16085987,CC(CCOC1=CC(=C(C=C1)CCC(=O)O)F)OC2=C(C=C(C=C2)Cl)OC3=CC=CC=C3,458.12963,11,6.525,0,4,1,64.99,
CHEMBL173828,CCCC1=C(C=CC2=C1ON=C2C(F)(F)F)OCCCCOC3=CC=CC4=C3C=CN4CC(=O)O,490.171557,11,6.0764,0,6,1,86.72,
CHEMBL4446679,CCCCCCC(C(=O)O)SC1=NC2=C(S1)C=C(C=C2)NC(=O)C3=CC=C(C=C3)C(C)(C)C,484.185435,10,7.3618,0,5,2,79.29,
CHEMBL3397553,CCCCO/N=C/c1ccc(OC(Cc2ccccc2)C(=O)O)cc1,341.162708,10,3.9119,0,4,1,68.12,
CID_118726802,CCCCON=CC1=CC=C(C=C1)OC(CC2=CC=CC=C2)C(=O)O,341.162708,10,3.9119,0,4,1,68.12,
CHEMBL4175921,CN1C2=C(C=CC(=C2)OC3=C(C=C(C=N3)Cl)F)N=C1COC4=CC=CC(=C4)C(=O)O,427.073512,6,4.8303,0,6,1,86.47,
CHEMBL381066,CC1=C(C=CC(=C1)OCC2=CC(=C(C=C2)C3=CC=C(C=C3)OC(F)(F)F)C4=CC=C(C=C4)OC(F)(F)F)OCC(=O)O,592.132058,10,8.16862,0,5,1,74.22,
CHEMBL444175,CCCC1=C(C=CC(=C1)C(=O)C2=CC=C(C=C2)C3=CC=CC=C3)OCCCN4C=CC5=C4C=CC=C5OC(C)(C)C(=O)O,575.267173,13,8.2029,0,5,1,77.76,
CHEMBL3976442,CCC1=CC(=NC=C1CCC(=O)O)OCCC2=C(OC(=N2)C3=CC=C(C=C3)C#N)C,405.168856,9,4.1178,0,6,1,109.24,
CHEMBL1081046,COC1=CC=C(C=C1)C2=C(SC(=N2)CSC3=C(C=C(C=C3)OCC(=O)O)Cl)C4=CC=C(C=C4)OC,527.062792,10,6.9034,0,7,1,77.88,
CID_121269371,CC(=CCOC1=CC=CC=C1CN(C)C(=O)C2=CC=C(C=C2)C3=CC=CO3)CCC(=O)O,433.188923,10,5.4087,0,4,1,79.98,
CHEMBL3958704,C/C(=C\COc1ccccc1CN(C)C(=O)c1ccc(-c2ccco2)cc1)CCC(=O)O,433.188923,10,5.4087,0,4,1,79.98,
CHEMBL501335,CCO[C@@H](Cc1cccc(/C(C)=N/OCc2cccc(Cl)c2)c1)C(=O)O,375.123736,9,4.313,0,4,1,68.12,
CID_25117396,CCOC(CC1=CC(=CC=C1)C(=NOCC2=CC(=CC=C2)Cl)C)C(=O)O,375.123736,9,4.313,0,4,1,68.12,
CHEMBL4548975,CC1=C(C(=CC=C1)NC2=NC(=NC(=C2)C(F)(F)F)SCC(=O)O)C,357.075882,5,4.03254,0,5,2,75.11,
CHEMBL564368,CCCCCC/C(=C\CCCCCCCC(=O)O)[N+](=O)[O-],299.209658,14,4.9327,0,3,1,80.44,
CID_44220887,CCCCCCC(=CCCCCCCCC(=O)O)[N+](=O)[O-],299.209658,14,4.9327,0,3,1,80.44,
CHEMBL110295,CCCC1=CC2=C(C(=C1OC(C3=CC=C(C=C3)C(F)(F)F)C(=O)O)CCC)ON=C2C(F)(F)F,489.137477,8,6.9751,0,4,1,72.56,
CHEMBL572676,CC(C)(C(=O)O)SC1=NC2=C(S1)C=C(C=C2)C(F)(F)F,321.010505,3,4.2704,0,4,1,50.19,
CHEMBL2037584,CC1=C(C=CC(=C1)SC(CC2=CC=C(C=C2)[N+](=O)[O-])C3=C(N=C(S3)C4=CC=C(C=C4)C(F)(F)F)C)OCC(=O)O,588.100048,10,7.89344,0,7,1,102.56,
CHEMBL1933841,CCCCCS(=O)(=O)NC(=O)/C=C/c1cc(OC(C)C)nn1Cc1ccc(C(F)(F)F)cc1Cl,521.13629,11,5.0402,0,6,1,90.29,
CID_56949692,CCCCCS(=O)(=O)NC(=O)C=CC1=CC(=NN1CC2=C(C=C(C=C2)C(F)(F)F)Cl)OC(C)C,521.13629,11,5.0402,0,6,1,90.29,
CHEMBL3781370,CCCC(C(=O)NS(=O)(=O)C1=CC=C(C=C1)Cl)SC2=NC3=C(S2)C=CC(=C3)Cl,473.970011,7,5.369,0,6,1,76.13,
CHEMBL1933832,CCCCCS(=O)(=O)NC(=O)CCC1=CC(=NN1CC2=C(C=C(C=C2)Cl)Cl)OCC3=CC=CC=N3.Cl,574.097509,13,5.2028,0,7,1,103.18,
CHEMBL258732,CC1=C(C=CC(=C1)SCC2=NSC(=C2)C3=CC=C(C=C3)C(F)(F)F)OCC(=O)O,439.05237,7,5.89302,0,5,1,59.42,
CHEMBL1956358,C1=CC=C(C=C1)CC(C(=O)O)OC2=CC(=CC=C2)F,260.084872,5,2.9004,0,2,1,46.53,
CHEMBL3393180,C1=CC=C(C(=C1)C(=O)NC2=CC=CC(=C2)CCC(=O)O)NC(=O)C3=CC=C(C=C3)C(F)(F)F,456.129692,7,5.2272,0,3,3,95.5,
CHEMBL1933827,CC(C)OC1=NN(C(=C1)CCC(=O)NS(=O)(=O)C2=CC=CC=C2)CC3=C(C=C(C=C3)Cl)Cl,495.078633,9,4.4631,0,6,1,90.29,
CID_16744822,CCCCCCCCC=CCCCCCCCC(=O)OC1C=C2C3CCC(C3(CCC2C4(C1(CC(CC4)O)O)C)C)C(C)C=CC(C)C(C)C,694.590011,20,12.0848,0,4,2,66.76,
CHEMBL1760424,CCCCN(C1=CC=CC(=C1C)C2=CC=C(C=C2)C(F)(F)F)S(=O)(=O)C3=C(C(=C(C=C3)OC(C)C(=O)O)C)C,563.195329,10,7.14496,0,4,1,83.91,
CHEMBL496593,CCC#CCOC1=C(C=CC(=C1)COCC2CC2)SC3=C4CCCCC4=C(C=C3)OCC(=O)O,480.197045,11,5.8988,0,5,1,64.99,
CHEMBL97529,CCCC1=C(C=CC(=C1)OC2=CC=C(C=C2)C3CCCC3)OCCCOC4=CC=CC(=C4)C5C(=O)NC(=O)S5,545.223594,12,7.961,0,6,1,73.86,
CHEMBL2064742,C1=CC(=CC(=C1)C(=O)NN2C=C(C=N2)[N+](=O)[O-])COC3=CC=C(C=C3)Br,416.012017,6,3.5167,0,6,1,99.29,
CHEMBL253490,CC(C)(C(=O)O)OC1=CC=C(C=C1)CNC(=O)C2=CC=C(C=C2)C3=NOC(=N3)COC,425.158685,9,3.055,0,7,2,123.78,
CID_175678553,CC(=O)OC1=CC=C(C=C1)OC2CCC(CC2)NC(=O)NC3=CC(=C(C=C3)OC(F)(F)F)F,470.146485,6,5.1613,0,5,2,85.89,
CHEMBL1828827,O=C(O)CCCCOc1ccc(C(=O)/C=C/c2ccccc2)cc1,324.136159,9,4.2164,0,3,1,63.6,
CID_56641248,C1=CC=C(C=C1)C=CC(=O)C2=CC=C(C=C2)OCCCCC(=O)O,324.136159,9,4.2164,0,3,1,63.6,
CHEMBL496933,CC1=C(C=CC2=C1CN(CC2)S(=O)(=O)C3=CC=CC(=C3)C(=O)NC4=C(C=C(C=C4)Cl)C(=O)O)Cl,518.046998,5,4.99932,0,4,2,103.78,
CHEMBL5912921,Cc1cc(/C=C/C(=O)c2cnc3ccccc3c2)cc(C)c1OC(C)(C)C(=O)O,389.162708,6,4.98974,0,4,1,76.49,
CID_142599792,CC1=CC(=CC(=C1OC(C)(C)C(=O)O)C)C=CC(=O)C2=CC3=CC=CC=C3N=C2,389.162708,6,4.98974,0,4,1,76.49,
CHEMBL4062724,C1=CC(=CC=C1S(=O)(=O)N2C3=C(C=C(C=C3)C(F)(F)F)C=C2CCCC(=O)O)Cl,445.036241,6,4.9578,0,4,1,76.37,
CHEMBL254742,CC1=C(SC(=N1)C2=CC=C(C=C2)C(F)(F)F)C(=O)NCC3=CC=C(C=C3)C4=C(C(=O)C4=O)O,472.070463,5,4.03592,0,6,2,96.36,
CHEMBL4210383,CCOC(=O)C(C)(C)OC1=CC=C(C=C1)C(=O)C2=CC3=CC=CC=C3OC2=O,380.125988,6,3.7445,0,6,0,82.81,
CHEMBL4639127,CC(C)(C(=O)NCC1=CC=CC=C1)OC2=CC=C(C=C2)CCOC3=CC=C(C=C3)NC(=O)NC4=CC=CC=C4,523.247107,11,6.4259,0,4,3,88.69,
CHEMBL253924,CC(C)(C(=O)O)OC1=CC=C(C=C1)CNC(=O)CC2=CC=C(C=C2)C3=CC=C(C=C3)Cl,437.139386,8,5.1079,0,3,2,75.63,
CHEMBL175213,CCCC1=C(C=CC2=C1ON=C2C3=CC=CC=C3)OCCCOC4=CC=CC=C4CC(=O)O,445.188923,11,5.9223,0,5,1,81.79,
CHEMBL595440,Cc1oc(-c2ccccc2)nc1CCCc1ccc(C[C@H](C(=O)O)n2ccnn2)cc1,416.184841,9,4.28522,0,6,1,94.04,
CID_46228281,CC1=C(N=C(O1)C2=CC=CC=C2)CCCC3=CC=C(C=C3)CC(C(=O)O)N4C=CN=N4,416.184841,9,4.28522,0,6,1,94.04,
CHEMBL50680,CCCC1=C(C=CC(=C1)OC2=CC=C(C=C2)C3CCCC3)OCCCOC4=CC=C(C=C4)C5C(=O)NC(=O)S5,545.223594,12,7.961,0,6,1,73.86,
CHEMBL559567,CC1=C(C2=C(N1CC3=CC(=CC=C3)OCC(=O)O)C=C(C=C2)OC(F)(F)F)C(=O)C4=CC=C(C=C4)Cl,517.090385,8,6.24442,0,5,1,77.76,
CHEMBL1760414,CCCCN(C1=CC(=C(C=C1)F)C2=CC=C(C=C2)Cl)S(=O)(=O)C3=C(C(=C(C=C3)OC(C)C(=O)O)C)C,533.1439,10,6.61024,0,4,1,83.91,
CHEMBL1081424,CC1=C(C=CC(=C1)OCC2=NC(=CS2)C3=CC=C(C=C3)C(F)(F)F)OCC(=O)O,423.075214,7,5.17972,0,5,1,68.65,
CHEMBL1828821,C=CCc1ccc(OCCCCC(=O)O)c(OC)c1,264.136159,9,3.0574,0,3,1,55.76,
CHEMBL1079983,CC1=C(C=CC(=C1)OCC2=NC(=C(S2)C3=CC=C(C=C3)OC(F)(F)F)C4=CN=C(C=C4)OC)OCC(=O)O,546.107242,10,6.13012,0,8,1,100.0,
CHEMBL598372,C1=CC(=CC=C1C(=O)NCCCS(=O)(=O)C2=NC=C(C=C2)C(F)(F)F)Cl,406.036576,6,3.3476,0,4,1,76.13,
CHEMBL220785,Cc1ccc(OCCCOc2ccc3c(c2)CC[C@H]3CC(=O)O)c(C)c1,354.183109,8,4.65584,0,3,1,55.76,
CID_16110424,CC1=CC(=C(C=C1)OCCCOC2=CC3=C(C=C2)C(CC3)CC(=O)O)C,354.183109,8,4.65584,0,3,1,55.76,
CHEMBL4067479,C1=CC(=CC(=C1)Cl)S(=O)(=O)N2C3=C(C=C(C=C3)C(F)(F)F)C=C2CCCC(=O)O,445.036241,6,4.9578,0,4,1,76.37,
CHEMBL4757948,Cc1cnc(-c2ccc(-c3ccco3)cc2)n1Cc1ccccc1OCCC[C@@H](C)CC(=O)O,458.220557,11,6.43662,0,5,1,77.49,
CID_126752353,CC1=CN=C(N1CC2=CC=CC=C2OCCCC(C)CC(=O)O)C3=CC=C(C=C3)C4=CC=CO4,458.220557,11,6.43662,0,5,1,77.49,
CHEMBL178296,CCO[C@@H](Cc1ccc(OC/C=C/c2ccccc2)cc1)C(=O)O,326.151809,9,3.811,0,3,1,55.76,
CHEMBL2112052,CCO[C@H](Cc1ccc(OC/C=C/c2ccccc2)cc1)C(=O)O,326.151809,9,3.811,0,3,1,55.76,
CID_44389801,CCOC(CC1=CC=C(C=C1)OCC=CC2=CC=CC=C2)C(=O)O,326.151809,9,3.811,0,3,1,55.76,
CHEMBL197194,COC1=CC=CC(=C1)C2=CC(=C(C=C2)NC(=O)C3=C(CCC3)C(=O)O)F,355.121986,5,4.0049,0,3,2,75.63,
CHEMBL372412,CC[C@@H](C(=O)O)[C@H]1CCc2cc(OCCc3nc(-c4ccccc4)oc3C)ccc21,405.194008,8,5.41212,0,4,1,72.56,
CHEMBL1088097,COC(=O)N(CC(=O)O)Cc1cccc(OCc2csc(-c3ccccc3Cl)n2)c1,446.07032,8,4.6955,0,6,1,88.96,
CHEMBL1322564,O=C(O)CCN1C(=O)/C(=C\c2cccc(OCc3ccccc3)c2)SC1=S,399.0599,7,3.9415,0,5,1,66.84,
CID_1201252,C1=CC=C(C=C1)COC2=CC=CC(=C2)C=C3C(=O)N(C(=S)S3)CCC(=O)O,399.0599,7,3.9415,0,5,1,66.84,
CHEMBL272963,Cc1oc(-c2ccccc2)nc1CCOc1cccc(C[C@H]2C(=O)N(c3ccc(C(C)(C)C)cc3)[C@H]2C(=O)O)c1,538.246772,9,6.22772,0,5,1,92.87,
CHEMBL496534,CC1=CC(=C(C=C1)NC(=O)C2=CC(=CC=C2)S(=O)(=O)N3C=CC4=C3C(=CC=C4)Cl)C(=O)O,468.05467,5,4.79062,0,5,2,105.47,
CID_164612618,CC1=CC(=CC(=C1OC(C)(C)C(=O)O)C)COC2=CC3=C(C=C2)C(=O)C(=CC4=CC=CC=C4)O3,458.172939,7,5.74064,0,5,1,82.06,
CHEMBL3094431,CCCCCCC(C(=O)O)SC1=NC(=CC(=N1)Cl)NC2=NC(=CS2)C3=CC=C(C=C3)Cl,496.056123,11,7.1662,0,7,2,88.0,
CHEMBL178236,CCC(C(=O)O)OC1=CC=CC(=C1)CC2=C(N(C3=C2C=C(C=C3)OC(F)(F)F)C(=O)C4=CC=C(C=C4)OC)C,541.171222,9,6.37822,0,6,1,86.99,
CHEMBL222560,C1=CC(=CC(=C1)OCC=C(C2=CC=C(C=C2)Br)C3=CC=C(C=C3)Br)CC(=O)O,499.962269,7,6.3494,0,2,1,46.53,
CHEMBL1084322,CC(C)(C(=O)O)OC1=CC=C(C=C1)CN(CC2=CC=CO2)CC(=O)NC3=CC(=CC=C3)OC,452.194737,11,4.1711,0,6,2,101.24,
CHEMBL5549754,CC1=CC(=CC(=C1OC(C)(C)C(=O)O)C)CN2CCN(CC2)C3=CC=CC=N3,383.220892,6,3.26264,0,5,1,65.9,
CHEMBL3397558,O=C([O-])C(Cc1ccccc1)Oc1ccc(/C=N/OCCc2ccccc2)cc1.[Na+],411.144652,10,0.0238,0,5,0,70.95,
CID_118726809,C1=CC=C(C=C1)CCON=CC2=CC=C(C=C2)OC(CC3=CC=CC=C3)C(=O)[O-].[Na+],411.144652,10,0.0238,0,5,0,70.95,
CHEMBL605520,Cc1oc(-c2ccccc2)nc1CCCc1ccc(C[C@H](C(=O)O)n2cncn2)cc1,416.184841,9,4.28522,0,6,1,94.04,
CID_46228280,CC1=C(N=C(O1)C2=CC=CC=C2)CCCC3=CC=C(C=C3)CC(C(=O)O)N4C=NC=N4,416.184841,9,4.28522,0,6,1,94.04,
CHEMBL398730,CCc1ccc(-c2nc(CCOc3ccc4c(c3)CC[C@H]4CC(=O)O)c(C)n2C)cc1,418.225643,8,5.08392,0,4,1,64.35,
CID_44442466,CCC1=CC=C(C=C1)C2=NC(=C(N2C)C)CCOC3=CC4=C(C=C3)C(CC4)CC(=O)O,418.225643,8,5.08392,0,4,1,64.35,
CHEMBL4241411,CC1=C(C=CC(=C1)SC(CC2=CC=CC=C2)C3=CC=C(C=C3)C4=CC=C(C=C4)F)OCC(=O)O,472.150844,9,7.34062,0,3,1,46.53,
CHEMBL393926,CCc1ccc(O[C@H](C)CCOc2ccc(CCC(=O)O)c(C)c2)c(-c2ccccc2)c1,432.23006,11,6.47802,0,3,1,55.76,
CID_11774828,CCC1=CC(=C(C=C1)OC(C)CCOC2=CC(=C(C=C2)CCC(=O)O)C)C3=CC=CC=C3,432.23006,11,6.47802,0,3,1,55.76,
CHEMBL234663,C1CC2=C(C=CC(=C2C1)SCC3=CC=C(C=C3)OCC4=CC=CC=C4)OCC(=O)O,420.13953,9,5.51,0,4,1,55.76,
CHEMBL1946566,C[C@@H](Oc1cc(Cn2c(=O)n(Cc3ccc(Cl)cc3)c3ccc(C(F)(F)F)cc32)ccc1Cl)C(=O)O,538.067397,7,6.0771,0,5,1,73.46,
CID_56925781,CC(C(=O)O)OC1=C(C=CC(=C1)CN2C3=C(C=CC(=C3)C(F)(F)F)N(C2=O)CC4=CC=C(C=C4)Cl)Cl,538.067397,7,6.0771,0,5,1,73.46,
CHEMBL477941,CN(CC#Cc1ccc(C[C@@H](C(=O)O)n2cccc2)cc1)c1ccccc1,358.168128,6,3.8444,0,3,1,45.47,
CID_44263419,CN(CC#CC1=CC=C(C=C1)CC(C(=O)O)N2C=CC=C2)C3=CC=CC=C3,358.168128,6,3.8444,0,3,1,45.47,
CHEMBL234691,Cc1cc(OC/C=C\C(C#Cc2ccc(CO)cc2)c2ccc(Br)cc2)ccc1OCC(=O)O,520.088536,9,5.48372,0,4,2,75.99,
CID_44432848,CC1=C(C=CC(=C1)OCC=CC(C#CC2=CC=C(C=C2)CO)C3=CC=C(C=C3)Br)OCC(=O)O,520.088536,9,5.48372,0,4,2,75.99,
CHEMBL1079910,CCCC1=CC=C(C=C1)C2=C(N=C(O2)COC3=CC(=C(C=C3)OCC(=O)O)C)C4=CC=C(C=C4)OC,487.199488,11,6.32052,0,6,1,91.02,
CID_168870032,C1CC(CCC1NC(=O)NC2=CC(=C(C=C2)OC(F)(F)F)F)OC3=CC=C(C=C3)O,428.13592,5,4.9416,0,4,3,79.82,
CHEMBL356707,Cc1sc(NCCCN(C)C)nc1CCOc1ccc(C[C@H](Nc2ccccc2C(=O)c2ccccc2)C(=O)O)cc1,586.261377,16,5.77542,0,8,3,103.79,
CID_11801489,CC1=C(N=C(S1)NCCCN(C)C)CCOC2=CC=C(C=C2)CC(C(=O)O)NC3=CC=CC=C3C(=O)C4=CC=CC=C4,586.261377,16,5.77542,0,8,3,103.79,
CID_127029504,CC(C(C=CC=CCCC=CC(=O)NCC(C)(C)O)O)O,297.194008,9,1.064,0,4,4,89.79,
CHEMBL146231,Cc1sc(N2CCNCC2)nc1CCOc1ccc(C[C@H](Nc2ccccc2C(=O)c2ccccc2)C(=O)O)cc1,570.230077,12,4.82142,0,8,3,103.79,
CID_10674589,CC1=C(N=C(S1)N2CCNCC2)CCOC3=CC=C(C=C3)CC(C(=O)O)NC4=CC=CC=C4C(=O)C5=CC=CC=C5,570.230077,12,4.82142,0,8,3,103.79,
CID_118719398,CCC=CCC=CCC=CCCCCCCCC(=O)OC1C=C2C3CCC(C3(CCC2C4(C1(CC(CC4)O)O)C)C)C(C)C=CC(C)C(C)C,690.558711,18,11.6368,0,4,2,66.76,
CID_164610655,CC1=CC=C(C=C1)C=C2C(=O)C3=C(O2)C=C(C=C3)OCC4=CC(=C(C(=C4)C)OC(C)(C)C(=O)O)C,472.188589,7,6.04906,0,5,1,82.06,
CHEMBL198166,CCCCCOC1=CC2=CC=CC=C2C=C1C(CC#CCCCC(=O)OC)O,382.214409,10,5.179,0,4,1,55.76,
CHEMBL231688,C1=CC=C(C(=C1)COC2=CC=C(C=C2)C(F)(F)F)COC3=CC4=C(C=C3)N(C=C4)CC(=O)O,455.134443,8,5.9027,0,4,1,60.69,
CHEMBL4579901,Cc1nc(-c2ccc(C(F)(F)F)cc2)sc1COc1ccc2c(c1)OC[C@H]2CC(=O)O,449.090864,6,5.66702,0,5,1,68.65,
CID_155565451,CC1=C(SC(=N1)C2=CC=C(C=C2)C(F)(F)F)COC3=CC4=C(C=C3)C(CO4)CC(=O)O,449.090864,6,5.66702,0,5,1,68.65,
CHEMBL4639259,C[C@H](CCCOc1ccccc1Cn1c(Cl)cnc1-c1ccc(C(F)(F)F)cc1)CC(=O)O,480.142755,10,6.5404,0,4,1,64.35,
CID_132009335,CC(CCCOC1=CC=CC=C1CN2C(=CN=C2C3=CC=C(C=C3)C(F)(F)F)Cl)CC(=O)O,480.142755,10,6.5404,0,4,1,64.35,
CHEMBL3781940,CCCC(C(=O)NS(=O)(=O)C1=CC=C(C=C1)NC(=O)C)SC2=NC3=C(S2)C=CC(=C3)Cl,497.030447,8,4.674,0,7,2,105.23,
CHEMBL1956365,C1=CC=C(C=C1)CC(C(=O)O)OC2=CC(=C(C=C2)Cl)F,294.0459,5,3.5538,0,2,1,46.53,
CHEMBL478335,CC1=C(N=C(O1)C2=CC=CC=C2)CCCC3=CC=C(C=C3)CC(C4=CC=C(C=C4)C5=CC=CC=C5)C(=O)O,501.230394,10,7.90322,0,3,1,63.33,
CHEMBL1808552,CCCC(C(=O)NS(=O)(=O)C1=CC=CC=C1)SC2=NC3=C(S2)C=CC(=C3)Cl,440.008983,7,4.7156,0,6,1,76.13,
CHEMBL198623,CC(C)(C)C1=CC=C(C=C1)N2C(=C(C3=C2N=C(C=C3)Cl)OC4=CC=CC(=C4)C(F)(F)F)C(=O)O,488.111455,4,7.4857,0,4,1,64.35,
CHEMBL368931,CCCC1=C(C=CC2=C1ON=C2C3=CC=CC=C3)OCCCOC4=CC=CC=C4CCC(=O)O,459.204573,12,6.3124,0,5,1,81.79,
CHEMBL234587,CC1=CC2=C(C=C1OCC3=CC=CC=C3COC4=CC=C(C=C4)C(F)(F)F)SC=C2CC(=O)O,486.111265,8,7.01362,0,4,1,55.76,
CHEMBL3318036,C1=CC=C(C=C1)NC2=CC=C(C=C2)NC3=CC(=NC(=N3)SCC(=O)O)Cl,386.060424,7,4.7939,0,6,3,87.14,
CHEMBL373318,CCCCCOC1=C(C=CC=N1)C(CC#CCCCC(=O)OC)O,333.194008,10,3.4208,0,5,1,68.65,
CHEMBL1080708,CC1=C(C=CC(=C1)OCC2=NC(=C(S2)C3=CC=CC4=CC=CC=C43)C5=CC=C(C=C5)OC)OCC(=O)O,511.145344,9,6.98972,0,6,1,77.88,
CHEMBL3597395,COC1=CC=C(C=C1)COC2=CC=CC(=C2)OCCOC3=CC4=C(C=C3)N(C=C4CC(=O)O)CC5=CC=CC=C5,537.215138,13,6.3621,0,6,1,79.15,
CHEMBL1933824,CCCCCCS(=O)(=O)NC(=O)CCC1=CC(=NN1CC2=C(C=C(C=C2)Cl)Cl)OC(C)C,503.141233,13,4.9843,0,6,1,90.29,
CHEMBL375748,O=C(O)C[C@@H]1CCc2cc(OCCCOc3ccc(-c4ccsc4)cc3)ccc21,408.13953,9,5.7675,0,4,1,55.76,
CID_16110436,C1CC2=C(C1CC(=O)O)C=CC(=C2)OCCCOC3=CC=C(C=C3)C4=CSC=C4,408.13953,9,5.7675,0,4,1,55.76,
CHEMBL1090861,Cc1oc(-c2ccccc2)nc1CCOc1ccc(C[C@@H](C(=O)O)N2CCN(c3cccc(Cl)c3)CC2)cc1,545.208134,10,5.74282,0,6,1,79.04,
CID_11570226,CC1=C(N=C(O1)C2=CC=CC=C2)CCOC3=CC=C(C=C3)CC(C(=O)O)N4CCN(CC4)C5=CC(=CC=C5)Cl,545.208134,10,5.74282,0,6,1,79.04,
CID_149364325,CC1=CC(=CC(=C1OCC(=O)O)C)C=C2C(=O)C3=C(O2)C=C(C=C3)OCC4CC4,394.141638,7,4.17184,0,5,1,82.06,
CHEMBL4859884,Cc1cc(/C=C2\Oc3cc(OCC4CC4)ccc3C2=O)cc(C)c1OCC(=O)O,394.141638,7,4.17184,0,5,1,82.06,
CHEMBL254347,C1=CC=C(C=C1)C2=NC(=C(O2)CO)CCOC3=CC=C(C=C3)CN(CC(=O)O)C(=O)OC4=CC=C(C=C4)O,518.168916,11,4.2466,0,8,3,142.56,
CHEMBL4284723,C1C(C2=C(O1)C=C(C=C2)OCCCOC3=CC=CC=C3F)CC(=O)O,346.121652,8,3.6243,0,4,1,64.99,
CHEMBL199782,CC1=C(N=C(O1)C2=CC=CC=C2)CCOC3=CC4=C(C=C3)C(CC4)C(C(=O)O)C(=O)O,421.152537,8,4.08672,0,5,2,109.86,
CHEMBL1075894,CC1=C(C=CC(=C1)OCC2=NC(=C(O2)C3=CC=C(C=C3)OC(F)(F)F)C4=CN=C(C=C4)N5CCOCC5)OCC(=O)O,585.172285,10,5.48962,0,9,1,116.38,
CHEMBL573895,CC(C)(C(=O)O)SC1=CC=C(S1)Cl,235.973249,3,3.3568,0,3,1,37.3,
CHEMBL4762110,CC1=C(C=NC=C1)OC2=CC3=C(C=C2)N=C(N3C)COC4=CC=CC(=C4)C(=O)O,389.137556,6,4.34622,0,6,1,86.47,
CHEMBL4636990,CC(C)(Oc1ccc(CCOc2ccc(/N=N/c3ccccc3)cc2)cc1)C(=O)NS(=O)(=O)c1ccccc1,543.182792,11,6.386,0,7,1,106.42,
CID_156011142,CC(C)(C(=O)NS(=O)(=O)C1=CC=CC=C1)OC2=CC=C(C=C2)CCOC3=CC=C(C=C3)N=NC4=CC=CC=C4,543.182792,11,6.386,0,7,1,106.42,
CHEMBL234381,C1=CC(=CC=C1C2=CC(=NO2)COC3=CC4=C(C(=C3)Cl)C(=CS4)CC(=O)O)Cl,432.994234,6,6.0692,0,5,1,72.56,
CHEMBL1956359,C1=CC=C(C=C1)CC(C(=O)O)OC2=CC=CC=C2F,260.084872,5,2.9004,0,2,1,46.53,
CHEMBL2153836,CC(C)C(C(=O)NS(=O)(=O)C)SC1=NC2=C(S1)C=CC(=C2)Cl,377.993333,5,3.1422,0,6,1,76.13,
CHEMBL241298,CCc1ccc(O[C@H](C)CCOc2ccc(CCC(=O)O)c(C)c2)c(-c2cocn2)c1,423.204573,11,5.46602,0,5,1,81.79,
CID_44439632,CCC1=CC(=C(C=C1)OC(C)CCOC2=CC(=C(C=C2)CCC(=O)O)C)C3=COC=N3,423.204573,11,5.46602,0,5,1,81.79,
CHEMBL180123,C[C@]1(C(=O)O)CCc2ccc(OCCCOc3ccc(F)cc3Cl)cc2O1,394.09833,7,4.4953,0,4,1,64.99,
CID_44388684,CC1(CCC2=C(O1)C=C(C=C2)OCCCOC3=C(C=C(C=C3)F)Cl)C(=O)O,394.09833,7,4.4953,0,4,1,64.99,
CHEMBL189950,CCC(=O)C1=CC(=C(C(=C1)C)OC(C2=CC=CC=C2)C(=O)O)C,312.136159,6,4.10084,0,3,1,63.6,
CHEMBL482824,CCO[C@@H](Cc1cccc(/C(C)=N/OCc2ccc(C(C)(C)C)cc2)c1)C(=O)O,397.225308,9,4.9571,0,4,1,68.12,
CID_25115556,CCOC(CC1=CC(=CC=C1)C(=NOCC2=CC=C(C=C2)C(C)(C)C)C)C(=O)O,397.225308,9,4.9571,0,4,1,68.12,
CHEMBL2037582,CC1=C(C=CC(=C1)SC(CCCCCCCC2=CC=CC=C2)C3=C(N=C(S3)C4=CC=C(C=C4)C(F)(F)F)C)OCC(=O)O,627.208871,15,10.32584,0,5,1,59.42,
CHEMBL1079677,CC1=C(C=CC(=C1)OCC2=NC(=C(S2)C3=CC=C(C=C3)C(F)(F)F)C4=CC=C(C=C4)OC)CCC(=O)O,527.137814,9,7.40912,0,5,1,68.65,
CHEMBL2262883,CC(C)OC(CC1=CC=C(C=C1)OCCC2=NOC(=N2)C3CCCCC3)C(=O)O,402.215472,10,4.1595,0,6,1,94.68,
CHEMBL192774,C1C2=C(C=CC(=C2)OCCCOC3=C(C=C(C=C3)OC(F)(F)F)Cl)OC1(CC4=CC=CC=C4)C(=O)O,522.105701,10,6.0875,0,5,1,74.22,
CHEMBL500257,CC(C)=CCC/C(C)=C/Cc1c(O)cc(/C=C/c2ccccc2)cc1O,348.20893,7,6.5034,0,2,2,40.46,
CID_6440462,CC(=CCCC(=CCC1=C(C=C(C=C1O)C=CC2=CC=CC=C2)O)C)C,348.20893,7,6.5034,0,2,2,40.46,
CHEMBL484462,CCO[C@@H](Cc1cccc(C2=NOC(c3ccc(Br)cc3)C2)c1)C(=O)O,417.05757,7,4.347,0,4,1,68.12,
CID_25116021,CCOC(CC1=CC(=CC=C1)C2=NOC(C2)C3=CC=C(C=C3)Br)C(=O)O,417.05757,7,4.347,0,4,1,68.12,
CHEMBL207318,CC1=C(C=CC(=C1)OCC2=CC(=NC(=N2)C3=CC=C(C=C3)OC)C4=CC=C(C=C4)OC)OCC(=O)O,486.179087,10,5.17862,0,7,1,100.0,
CHEMBL428019,CCCNC(=S)OC(CCc1ccc(C[C@H](OCC)C(=O)O)cc1)c1ccccc1,429.197379,12,4.6938,0,4,2,67.79,
CID_44431882,CCCNC(=S)OC(CCC1=CC=C(C=C1)CC(C(=O)O)OCC)C2=CC=CC=C2,429.197379,12,4.6938,0,4,2,67.79,
CHEMBL148950,Cc1oc(-c2ccncc2)nc1CCOc1ccc(C[C@H](Nc2ccccc2C(=O)c2ccccc2)C(=O)O)cc1,547.210721,12,6.00532,0,7,2,114.55,
CID_10392711,CC1=C(N=C(O1)C2=CC=NC=C2)CCOC3=CC=C(C=C3)CC(C(=O)O)NC4=CC=CC=C4C(=O)C5=CC=CC=C5,547.210721,12,6.00532,0,7,2,114.55,
CHEMBL458899,OC[C@H]1O[C@@H](O[C@H](CCc2ccc(O)c(O)c2)C[C@H](O)CCc2ccc(O)cc2)[C@H](O)[C@@H](O)[C@@H]1O,494.215197,11,0.3049,0,10,8,180.3,
CHEMBL515991,CC1=C(N=C(O1)C2=CC=C(C=C2)C3=CC=CC=C3)CCOC4=CC5=C(C=C4)C=C(C(=O)O5)C(=O)OC,481.152537,7,5.83152,0,7,0,91.77,
CHEMBL1080025,CC1=C(C=CC(=C1)OCC2=NC(=C(S2)C3=CC=CC=C3)C4=CC=CC=C4)OCC(=O)O,431.119129,8,5.82792,0,5,1,68.65,
CHEMBL115604,CC[C@H](Cc1ccc(OC)c(C(=O)NCc2ccc(C(F)(F)F)cc2)c1)C(=O)O,409.150093,8,4.2973,0,3,2,75.63,
CHEMBL1089177,Cc1cccc(N2CCN([C@@H](Cc3ccc(OCCc4nc(-c5ccccc5)oc4C)cc3)C(=O)O)CC2)c1,525.262757,10,5.39784,0,6,1,79.04,
CID_11649387,CC1=CC(=CC=C1)N2CCN(CC2)C(CC3=CC=C(C=C3)OCCC4=C(OC(=N4)C5=CC=CC=C5)C)C(=O)O,525.262757,10,5.39784,0,6,1,79.04,
CHEMBL4648903,C[C@H](CCCOc1ccccc1Cn1c(C(F)(F)F)cnc1-c1ccc(C(F)(F)F)cc1)CC(=O)O,514.169112,10,6.9058,0,4,1,64.35,
CID_132009332,CC(CCCOC1=CC=CC=C1CN2C(=CN=C2C3=CC=C(C=C3)C(F)(F)F)C(F)(F)F)CC(=O)O,514.169112,10,6.9058,0,4,1,64.35,
CHEMBL4292598,CC1=CC(=CC=C1)OCCCOC2=CC3=C(C=C2)C(CO3)CC(=O)O,342.146724,8,3.79362,0,4,1,64.99,
CHEMBL3398434,CCOC(=O)N1C[C@H](CC(=O)O)[C@H](c2ccc(OCCc3nc(-c4ccccc4)oc3C)cc2)C1,478.210387,9,4.91812,0,6,1,102.1,
CID_118727480,CCOC(=O)N1CC(C(C1)C2=CC=C(C=C2)OCCC3=C(OC(=N3)C4=CC=CC=C4)C)CC(=O)O,478.210387,9,4.91812,0,6,1,102.1,
CHEMBL1080172,CC1=C(C=CC(=C1)OCC2=NC(=C(S2)C3=CC=C(C=C3)OC(F)(F)F)C4=CN=C(N=C4)OC(C)C)OCC(=O)O,575.133791,11,6.30372,0,9,1,112.89,
CHEMBL4163242,CCOC(=O)C(Cc1ccc(OCCn2c(=O)sc3cc(/C=C/c4cc(OC)cc(OC)c4)ccc32)cc1)OCC(F)(F)F,631.185158,14,6.3827,0,9,0,85.22,
CID_145959510,CCOC(=O)C(CC1=CC=C(C=C1)OCCN2C3=C(C=C(C=C3)C=CC4=CC(=CC(=C4)OC)OC)SC2=O)OCC(F)(F)F,631.185158,14,6.3827,0,9,0,85.22,
CHEMBL3398453,Cc1oc(-c2ccccc2)nc1CCOc1ccc(C[C@@H]2CN(c3nc4ccccc4o3)C[C@@H]2C(=O)O)cc1,523.210721,9,5.79242,0,7,1,101.83,
CID_58977773,CC1=C(N=C(O1)C2=CC=CC=C2)CCOC3=CC=C(C=C3)CC4CN(CC4C(=O)O)C5=NC6=CC=CC=C6O5,523.210721,9,5.79242,0,7,1,101.83,
CHEMBL583300,O=C(O)[C@@H](Cc1ccccc1)Oc1ccc(Cc2ccccc2)cc1,332.141244,7,4.3521,0,2,1,46.53,
CID_76285849,CCN1C(=NN(C1=O)CC2=CC=C(C=C2)C(C)(C)C)CCCC3=CC(=CC=C3)C4=CC(=CC=C4)C(=O)O,497.267842,9,5.951,0,5,1,77.12,
CHEMBL1080188,CCCCOC1=CC=C(C=C1)C2=C(SC(=N2)COC3=CC(=C(C=C3)OCC(=O)O)C)C4=CC=C(C=C4)OC(F)(F)F,587.158943,13,7.90542,0,7,1,87.11,
CHEMBL3752362,CC(C)(CCCOc1ccc(/C=C/c2ccc3ccccc3c2)cc1)C(=O)O,374.188195,8,6.28,0,2,1,46.53,
CID_127037376,CC(C)(CCCOC1=CC=C(C=C1)C=CC2=CC3=CC=CC=C3C=C2)C(=O)O,374.188195,8,6.28,0,2,1,46.53,
CHEMBL590983,CCCC1=C(C2=C(N1CC3=CC=C(C=C3)C4=CC=CC=C4C(=O)O)C=CC(=C2)NC(=O)C(CC)C5=CC=CC=C5)SC,576.244664,11,8.8615,0,4,2,71.33,
CHEMBL4170351,CN1C2=C(C=CC(=C2)OC3=NC(=CC=C3)Cl)N=C1COC4=CC=CC(=C4)C(=O)O,409.082934,6,4.6912,0,6,1,86.47,
CHEMBL1080032,COC1=CC=C(C=C1)C2=C(SC(=N2)COC3=CC=C(C4=CC=CC=C43)OCC(=O)O)C5=CC=C(C=C5)C(F)(F)F,565.117078,9,7.7001,0,6,1,77.88,
CHEMBL375098,CCCc1ccccc1OCCCOc1ccc2c(c1)CC[C@H]2CC(=O)O,368.198759,10,4.9915,0,3,1,55.76,
CID_16110516,CCCC1=CC=CC=C1OCCCOC2=CC3=C(C=C2)C(CC3)CC(=O)O,368.198759,10,4.9915,0,3,1,55.76,
CHEMBL4476782,C1=CC(=CC=C1CNC2=CC(=CC(=C2)C(=O)O)Br)OCC3=CC=C(C=C3)F,429.037584,7,5.4775,0,3,2,58.56,
CHEMBL4764106,CC1=CC(=CC(=N1)OC)OC2=NC3=C(C=C2)N=C(N3C)COC4=CC=CC(=C4)C(=O)O,420.14337,7,3.74982,0,8,1,108.59,
CHEMBL398133,Cc1sc(-c2cccc(C(F)(F)F)c2)nc1CCOc1ccc2c(c1)CC[C@H]2CC(=O)O,461.127249,7,6.26332,0,4,1,59.42,
CID_44442460,CC1=C(N=C(S1)C2=CC(=CC=C2)C(F)(F)F)CCOC3=CC4=C(C=C3)C(CC4)CC(=O)O,461.127249,7,6.26332,0,4,1,59.42,
CHEMBL219817,CC(=O)Nc1cc(-n2ccnn2)ccc1OCCCOc1ccc2c(c1)CC[C@H]2CC(=O)O,450.19032,10,3.5781,0,7,2,115.57,
CID_16110519,CC(=O)NC1=C(C=CC(=C1)N2C=CN=N2)OCCCOC3=CC4=C(C=C3)C(CC4)CC(=O)O,450.19032,10,3.5781,0,7,2,115.57,
CHEMBL1947141,COc1ccc2c(-n3c(=O)n(-c4cccc([C@@]5(C)OC(=O)NC5=O)c4)c4cc(C(F)(F)F)ccc43)noc2c1,538.110019,4,4.4316,0,9,1,117.59,
CID_56926188,CC1(C(=O)NC(=O)O1)C2=CC(=CC=C2)N3C4=C(C=CC(=C4)C(F)(F)F)N(C3=O)C5=NOC6=C5C=CC(=C6)OC,538.110019,4,4.4316,0,9,1,117.59,
CHEMBL560513,CCCCCC/C=C(\CCCCCCCC(=O)O)[N+](=O)[O-],299.209658,14,4.9327,0,3,1,80.44,
CID_44220886,CCCCCCC=C(CCCCCCCC(=O)O)[N+](=O)[O-],299.209658,14,4.9327,0,3,1,80.44,
CHEMBL15594,CCCCC/C=C\C/C=C\C/C=C\C/C=C\CCCC(=O)O,304.24023,14,6.2167,0,1,1,37.3,
CID_444899,CCCCCC=CCC=CCC=CCC=CCCCC(=O)O,304.24023,14,6.2167,0,1,1,37.3,
CHEMBL5964807,Cc1cc(/C=C/C(=O)c2cc3ccccc3s2)cc(C)c1OC(C)(C)C(=O)O,394.12388,6,5.65624,0,4,1,63.6,
CID_142599789,CC1=CC(=CC(=C1OC(C)(C)C(=O)O)C)C=CC(=O)C2=CC3=CC=CC=C3S2,394.12388,6,5.65624,0,4,1,63.6,
CHEMBL214026,Cc1cc(OCC[C@@H](C)Oc2ccc(Cl)cc2Oc2ccccc2)ccc1CCC(=O)O,454.154702,11,6.69432,0,4,1,64.99,
CID_16085985,CC1=C(C=CC(=C1)OCCC(C)OC2=C(C=C(C=C2)Cl)OC3=CC=CC=C3)CCC(=O)O,454.154702,11,6.69432,0,4,1,64.99,
CHEMBL523944,CCOC(CC1=CC=C(C=C1)OCCCN2CCC(=CC2)C3=CC(=C(C=C3)Cl)Cl)C(=O)O,477.147364,11,5.5838,0,4,1,59.0,
CHEMBL202137,CCC(C(=O)O)C1CCc2cc(OCCc3c(-c4ccccc4)noc3C)ccc21,405.194008,8,5.41212,0,4,1,72.56,
CHEMBL1082116,CC1=CC=C(C=C1)C2=C(N=C(S2)COC3=CC(=C(C=C3)OCC(=O)O)C)C4=CN=CC=C4,446.130028,8,5.53134,0,6,1,81.54,
CHEMBL1946569,C[C@@H](Oc1cc(Cn2c(=O)n(-c3nc4ccc(Cl)cc4s3)c3ccc(C(F)(F)F)cc32)ccc1Cl)C(=O)O,581.019067,6,6.6277,0,7,1,86.35,
CID_56925894,CC(C(=O)O)OC1=C(C=CC(=C1)CN2C3=C(C=CC(=C3)C(F)(F)F)N(C2=O)C4=NC5=C(S4)C=C(C=C5)Cl)Cl,581.019067,6,6.6277,0,7,1,86.35,
CHEMBL497203,CCC#CCOC1=C(C=CC(=C1)COC2CCOCC2)SC3=C4CCCCC4=C(C=C3)OCC(=O)O,510.20761,10,5.6678,0,6,1,74.22,
CHEMBL114286,CCCC1=C(C=CC(=C1)OC2=CC=CC=C2)OCCCOC3=CC4=C(C=C3)OC(CC4)(C)C(=O)O,476.219889,11,6.4476,0,5,1,74.22,
CHEMBL197671,CC(C)(C)C1=CC=C(C=C1)N2C3=C(C=C(C=C3)OC)C(=C2C(=O)O)OC4=CC=CC(=C4)C(F)(F)F,483.165743,5,7.4459,0,4,1,60.69,
CHEMBL495990,C#CCOC1=C(C=CC(=C1)COC2=CC=C(C=C2)C(F)(F)F)SC3=C4CCCCC4=C(C=C3)OCC(=O)O,542.13748,10,6.7898,0,5,1,64.99,
CHEMBL491627,CCO[C@@H](Cc1cccc(/C(C)=N/OCc2ccccc2Cl)c1)C(=O)O,375.123736,9,4.313,0,4,1,68.12,
CID_25117176,CCOC(CC1=CC(=CC=C1)C(=NOCC2=CC=CC=C2Cl)C)C(=O)O,375.123736,9,4.313,0,4,1,68.12,
CHEMBL4245186,CC1=C(C=CC(=C1)SC(CC2=CC(=C(C(=C2)F)F)F)C3=CC=C(C=C3)C4=CC=CC=C4)OCC(=O)O,508.132,9,7.61882,0,3,1,46.53,
CHEMBL391470,CCc1ccc(O[C@H](C)CCOc2ccc(CCC(=O)O)c(C)c2)c(-c2ncco2)c1,423.204573,11,5.46602,0,5,1,81.79,
CID_11235560,CCC1=CC(=C(C=C1)OC(C)CCOC2=CC(=C(C=C2)CCC(=O)O)C)C3=NC=CO3,423.204573,11,5.46602,0,5,1,81.79,
CHEMBL4592451,COc1ccc(/N=N/c2ccc(OCCc3ccc(OC(C)(C)C(=O)O)cc3)cc2)cc1,434.184172,10,5.9741,0,6,1,89.71,
CID_155569313,CC(C)(C(=O)O)OC1=CC=C(C=C1)CCOC2=CC=C(C=C2)N=NC3=CC=C(C=C3)OC,434.184172,10,5.9741,0,6,1,89.71,
CHEMBL477094,Cc1oc(-c2ccccc2)nc1C/C=C/c1ccc(C[C@H](C(=O)O)n2cccc2)cc1,412.178693,8,5.57582,0,4,1,68.26,
CID_25014794,CC1=C(N=C(O1)C2=CC=CC=C2)CC=CC3=CC=C(C=C3)CC(C(=O)O)N4C=CC=C4,412.178693,8,5.57582,0,4,1,68.26,
CHEMBL479002,Cc1oc(-c2ccccc2)nc1C/C=C/c1ccc(C[C@@H](C(=O)O)n2cccc2)cc1,412.178693,8,5.57582,0,4,1,68.26,
CHEMBL4173802,CN1C(=NC2=C1N=C(C=C2)OC3=CC4=C(CCO4)C=C3)COC5=CC=CC(=C5)C(=O)O,417.132471,6,3.9727,0,7,1,95.7,
CHEMBL1956362,O=C(O)[C@H](Cc1ccccc1)Oc1ccc(Cl)cc1F,294.0459,5,3.5538,0,2,1,46.53,
CID_57399207,C1=CC=C(C=C1)CC(C(=O)O)OC2=C(C=C(C=C2)Cl)F,294.0459,5,3.5538,0,2,1,46.53,
CHEMBL489364,CCOC(CC1=CC=C(C=C1)OCCN2CCC(=CC2)C3=CC=C(C=C3)OC)C(=O)O,425.220223,11,3.8955,0,5,1,68.23,
CHEMBL1081729,CC1=C(C=CC(=C1)OCC2=NC(=C(O2)C3=CC(=C(C=C3)Cl)Cl)C4=CC=C(C=C4)OC)OCC(=O)O,513.074593,9,6.67482,0,6,1,91.02,
CHEMBL560160,CCC[C@H](Oc1cccc(Cn2c(C)c(C(=O)c3ccc(Cl)cc3)c3ccc(OC(F)(F)F)cc32)c1)C(=O)O,559.137335,10,7.41312,0,5,1,77.76,
CHEMBL572674,CC(C)(C(=O)O)SC1=NC2=C(S1)C=C(C=C2)Br,330.933633,3,4.0141,0,4,1,50.19,
CHEMBL368793,CCCC1=C(C=CC2=C1ON=C2C3=CC=CC=C3)OCCCOC4=CC=CC(=C4)CCC(=O)O,459.204573,12,6.3124,0,5,1,81.79,
CHEMBL4556277,CC1=C(C(=CC=C1)NC2=CC(=NC(=N2)SCCC(=O)O)Cl)C,337.065175,6,4.05724,0,5,2,75.11,
CHEMBL446365,CC1=C(N=C(O1)C2=CC=CC=C2)CCOC3=C4CCN(CC4=C(C=C3)CCC(=O)O)C(=O)OCC(C)C,506.241687,10,5.43942,0,6,1,102.1,
CHEMBL3963887,C1=CC=NC(=C1)CC(=O)OCC2=CC=C(C=C2)CC(C(=O)O)SCCC3=CC=C(C=C3)F,453.141007,11,4.4782,0,5,1,76.49,
CID_10116561,CC1=C(N=C(S1)C2=CC=C(C=C2)C(F)(F)F)C(=O)NCC3=CC=C(C=C3)OC(C)(C)C(=O)O,478.117413,7,5.30932,0,5,2,88.52,
CHEMBL4087052,CC1=NC2=C(S1)C=CC(=C2)S(=O)(=O)N3C4=C(C=C(C=C4)Cl)C=C3CCCC(=O)O,448.031827,6,4.85712,0,6,1,89.26,
CHEMBL4544745,CCOC1=C(C=C(C=C1)C2=CC=C(C=C2)OCC3=NN(C(=O)N3C4=CC=CC=C4F)C5=CC=C(C=C5)C(F)(F)F)CC(=O)O,607.173034,10,6.4529,0,7,1,95.58,
CHEMBL398485,COc1cccc(-c2nc(CCOc3ccc4c(c3)CC[C@H]4CC(=O)O)c(C)o2)c1,407.173273,8,4.78462,0,5,1,81.79,
CID_44442443,CC1=C(N=C(O1)C2=CC(=CC=C2)OC)CCOC3=CC4=C(C=C3)C(CC4)CC(=O)O,407.173273,8,4.78462,0,5,1,81.79,
CHEMBL234800,C1=CC(=CC=C1COC2=CC=C(C=C2)C(F)(F)F)COC3=CC4=C(C=C3)C(=CO4)CC(=O)O,456.118458,8,6.2367,0,4,1,68.9,
CHEMBL393778,Cc1cnc(-c2ccc(F)cc2)nc1N(C)CCCOc1ccc2c(c1)CC[C@H]2CC(=O)O,449.21147,9,5.00092,0,5,1,75.55,
CID_44439715,CC1=CN=C(N=C1N(C)CCCOC2=CC3=C(C=C2)C(CC3)CC(=O)O)C4=CC=C(C=C4)F,449.21147,9,5.00092,0,5,1,75.55,
CHEMBL172718,CCCC1=C(C=CC2=C1ON=C2C3=CC=CC=C3)OCCCOC4=CC=CC(=C4)CC(=O)O,445.188923,11,5.9223,0,5,1,81.79,
CHEMBL393987,Cc1ccc(C#CC(/C=C\COc2ccc(OCC(=O)O)c(C)c2)c2ccc(Br)cc2)s1,510.050042,8,6.36134,0,4,1,55.76,
CID_44432847,CC1=CC=C(S1)C#CC(C=CCOC2=CC(=C(C=C2)OCC(=O)O)C)C3=CC=C(C=C3)Br,510.050042,8,6.36134,0,4,1,55.76,
CHEMBL210469,CC1=C(C=CC(=C1)OCC2=CC(=CC(=C2)C3=CC=C(C=C3)C(F)(F)F)C4=CC=C(C=C4)C(F)(F)F)OCC(=O)O,560.142229,8,8.40902,0,3,1,55.76,
CHEMBL4176459,CN1C2=C(C=CC(=C2)OC3=CC(=CC=C3)OC(F)(F)F)N=C1COC4=CC=CC(=C4)C(=O)O,458.108956,7,5.5414,0,6,1,82.81,
CHEMBL2180634,C1=CC=C(C(=C1)CNC(=O)NC2=CC=C(C=C2)OC(F)(F)F)CN3C=CC=C3C(=O)O,433.124941,7,4.4549,0,4,3,92.59,
CHEMBL2035065,CC1=C(C=CC(=C1)SC(CC2=CC=CC3=CC=CC=C32)C4=C(N=C(S4)C5=CC=C(C=C5)C(F)(F)F)C)OCC(=O)O,593.13062,9,9.13844,0,5,1,59.42,
CHEMBL491423,CCOC(CC1=CC=C(C=C1)OCCN2CCC(=CC2)C3=CC=CS3)C(=O)O,401.166079,10,3.9484,0,5,1,59.0,
CHEMBL218101,CC1=C(C=CC(=C1)C2=NOC(=C2C(=O)NCCOC3=C(C=C(C=C3)Cl)Cl)C4=CC=CC=C4)OCC(=O)O,540.085492,10,5.89602,0,6,2,110.89,
CHEMBL4643748,CCCCNC(=O)C(C)(C)Oc1ccc(CCOc2ccc(/N=N/c3ccccc3)cc2)cc1,459.252192,12,6.7972,0,5,1,72.28,
CID_156018283,CCCCNC(=O)C(C)(C)OC1=CC=C(C=C1)CCOC2=CC=C(C=C2)N=NC3=CC=CC=C3,459.252192,12,6.7972,0,5,1,72.28,
CHEMBL491596,CCC(CC1=CC=C(C=C1)OCCN2CCC(=CC2)C3=CC=C(C=C3)Cl)C(=O)O,413.175771,9,5.1614,0,3,1,49.77,
CHEMBL590984,CCCC1=C(C2=C(N1CC3=CC=C(C=C3)C4=CC=CC=C4C(=O)O)C=C(C=C2)NC(=O)C(CC)C5=CC=CC=C5)SC,576.244664,11,8.8615,0,4,2,71.33,
CHEMBL4457493,C1=CC=C(C=C1)S(=O)(=O)NC2=CN=C(C=C2)C3=CC=C(C=C3)OCC4=NN(C(=O)N4C5=CC=CC=C5F)C6=CC=C(C=C6)C(F)(F)F,661.140688,9,6.6229,0,8,1,108.11,
CHEMBL4166946,CN1C2=CC(=NC=C2N=C1COC3=CC=CC(=C3)C(=O)O)OC4=CC5=C(CCC5)C=C4,415.153206,6,4.5265,0,6,1,86.47,
CHEMBL1081223,CC1=C(C=CC(=C1)OCC2=NC(=C(S2)C3=CC=C(C=C3)OC(F)(F)F)C4=CC5=C(C=C4)NC(=O)O5)OCC(=O)O,572.086507,9,6.16102,0,8,2,123.88,
CHEMBL378325,CC1=C(C(=NO1)C2=C(C=C(C=C2)CC(=O)O)Cl)C(=O)NCCOC3=C(C=C(C=C3)Cl)Cl,482.020305,8,5.04612,0,5,2,101.66,
CHEMBL569372,CCCCCCCCCCCC/C(=C\CCCC(=O)O)[N+](=O)[O-],327.240959,16,5.7129,0,3,1,80.44,
CID_44220889,CCCCCCCCCCCCC(=CCCCC(=O)O)[N+](=O)[O-],327.240959,16,5.7129,0,3,1,80.44,
CHEMBL1760415,CCCCN(C1=CC(=C(C=C1)C)C2=CC=C(C=C2)Cl)S(=O)(=O)C3=C(C(=C(C=C3)OC(C)C(=O)O)C)C,529.168972,10,6.77956,0,4,1,83.91,
CHEMBL4557173,CC(C)(Oc1ccc(OCCc2ccc(/N=N/c3ccc(C#N)cc3)cc2)cc1)C(=O)O,429.168856,9,5.83718,0,6,1,104.27,
CID_155554421,CC(C)(C(=O)O)OC1=CC=C(C=C1)OCCC2=CC=C(C=C2)N=NC3=CC=C(C=C3)C#N,429.168856,9,5.83718,0,6,1,104.27,
CHEMBL326015,CCCC1=CC2=C(C(=C1OC(C3=CC=CC=C3)C(=O)O)CCC)ON=C2CC,381.194008,9,5.4999,0,4,1,72.56,
CHEMBL4163093,CN1C(=NC2=C1N=C(C=C2)OC3=CC4=C(CCC4)C=C3)COC5=CC=CC(=C5)C(=O)O,415.153206,6,4.5265,0,6,1,86.47,
CHEMBL207887,CC1=C(C=CC(=C1)OCC2=CC(=CC(=C2)C3=CC(=CC=C3)C(F)(F)F)C4=CC=C(C=C4)C(F)(F)F)OCC(=O)O,560.142229,8,8.40902,0,3,1,55.76,
CHEMBL567390,COc1ccc2sc(S[C@@H](C)C(=O)O)nc2c1,269.018035,4,2.8701,0,5,1,59.42,
CHEMBL583774,CC(C(=O)O)SC1=NC2=C(S1)C=CC(=C2)OC,269.018035,4,2.8701,0,5,1,59.42,
CHEMBL572662,COc1ccc2sc(S[C@H](C)C(=O)O)nc2c1,269.018035,4,2.8701,0,5,1,59.42,
CID_166629735,CC1=C(SC(=N1)C2=CC(=C(C=C2)C(F)(F)F)F)COC3=CC=C(C=C3)C=CC(=O)O,437.070877,6,5.95322,0,4,1,59.42,
CHEMBL4746218,C=CC(C1=CC=CC=C1)C2=C(C=C(C3=C2OC(=CC3=O)C4=CC=CC=C4)O)O,370.120509,4,5.1891,0,4,2,70.67,
CHEMBL233785,CCNC(=S)OC(CCc1ccc(C[C@H](OCC)C(=O)O)cc1)c1ccccc1,415.181729,11,4.3037,0,4,2,67.79,
CID_44431880,CCNC(=S)OC(CCC1=CC=C(C=C1)CC(C(=O)O)OCC)C2=CC=CC=C2,415.181729,11,4.3037,0,4,2,67.79,
CHEMBL23881,CCCC1=C(C=CC(=C1O)C(=O)C)OCCCSC2=C(C=C(C=C2)CC(=O)O)Cl,436.111123,11,5.389,0,5,2,83.83,
CHEMBL4243662,CC1=C(C=CC(=C1)SC(CC2=CC(=C(C(=C2)F)F)F)C3=CC=C(C=C3)C4=CC(=CC=C4)C(F)(F)F)OCC(=O)O,576.119385,9,8.63762,0,3,1,46.53,
CHEMBL1813205,CCCOc1cc(N2C(=O)c3ccccc3C2=O)ccc1CCc1ccc(C[C@@H](CC)C(=O)O)cc1,485.220223,11,5.7145,0,4,1,83.91,
CHEMBL1813204,CCCOc1cc(N2C(=O)c3ccccc3C2=O)ccc1CCc1ccc(C[C@H](CC)C(=O)O)cc1,485.220223,11,5.7145,0,4,1,83.91,
CHEMBL1813198,CCCOC1=C(C=CC(=C1)N2C(=O)C3=CC=CC=C3C2=O)CCC4=CC=C(C=C4)CC(CC)C(=O)O,485.220223,11,5.7145,0,4,1,83.91,
CHEMBL1828832,C1=CC=C(C=C1)NC(=O)NC2=CC=C(C=C2)OCCCCC(=O)O,328.142307,8,3.9643,0,3,3,87.66,
CHEMBL200810,CCC(C(=O)O)C1CCc2cc(OCCc3noc(-c4ccccc4)n3)ccc21,392.173607,8,4.4987,0,5,1,85.45,
CHEMBL1075856,CC1=CC=C(C=C1)C2=C(N=C(S2)COC3=CC(=C(C=C3)OCC(=O)O)C)C,383.119129,7,4.77776,0,5,1,68.65,
CHEMBL5517725,CC1=CC(=CC(=C1OC(C)(C)C(=O)O)C)CN2CCN(CC2)C3=C(C=CC=N3)C(F)(F)F,451.208276,6,4.28144,0,5,1,65.9,
CID_177373633,COC1=C(C=C(C=C1)C=C2C(=O)NC(=NC3=CC=C(C=C3)S(=O)(=O)N)S2)OCC4=CC(=CC=C4)OC,525.102827,8,3.8218,0,8,2,129.31,
CHEMBL2262884,CC(C)CC1=CC=C(C=C1)C2=NC(=NO2)COC3=CC=C(C=C3)CC(C(=O)O)OC(C)C,438.215472,11,4.9348,0,6,1,94.68,
CHEMBL4575562,CCOC1=C(C=C(C=C1)C2=CC=C(C=C2)CCCC3=NN(C(=O)N3C4=CC=CC=C4F)C5=CC=C(C=C5)S(=O)(=O)C)CC(=O)O,629.199585,12,5.4339,0,8,1,120.49,
CHEMBL246207,Cc1oc(-c2ccc(-c3ccccc3)cc2)nc1CCOc1ccc2c(c1)CC[C@H]2CC(=O)O,453.194008,8,6.44302,0,4,1,72.56,
CID_23657636,CC1=C(N=C(O1)C2=CC=C(C=C2)C3=CC=CC=C3)CCOC4=CC5=C(C=C4)C(CC5)CC(=O)O,453.194008,8,6.44302,0,4,1,72.56,
CHEMBL3946222,CCC1=C(C=CC(=C1)OCCC2=COC(=N2)C3=CC=C(C=C3)C(F)(F)F)CCC(=O)O,433.150093,9,5.5615,0,4,1,72.56,
CHEMBL289887,CC1=C(C=CC(=C1)SCC2=C(N=C(O2)C3=CC=C(C=C3)C(F)(F)F)C)OCC(=O)O,437.090864,7,5.73294,0,5,1,72.56,
CHEMBL4445012,CCCCCCC(C(=O)O)SC1=NC2=C(S1)C=C(C=C2)NS(=O)(=O)C3=CC=C(C=C3)C4=CC=CC=C4,540.12112,12,7.2798,0,6,2,96.36,
CHEMBL3601092,O=C(NCC1CCCCC1)c1ccc(NC(=O)c2cccc(CN3C(=O)OC[C@H]3Cc3ccccc3)c2)cc1,525.262757,9,5.8125,0,4,2,87.74,
CID_90469424,C1CCC(CC1)CNC(=O)C2=CC=C(C=C2)NC(=O)C3=CC=CC(=C3)CN4C(COC4=O)CC5=CC=CC=C5,525.262757,9,5.8125,0,4,2,87.74,
CID_168287667,CCOC1=CC=C(C=C1)C=CC2=CC(=CC(=C2)OCC3=CC(=C(C=C3)OCC(=O)O)F)OCC,466.179167,12,5.8359,0,5,1,74.22,
CHEMBL1808555,CCCCCCC(C(=O)NS(=O)(=O)C1=CC=CC=C1)SC2=NC3=C(S2)C=CC(=C3)Cl,482.055933,10,5.8859,0,6,1,76.13,
CHEMBL1726068,CCOc1cccc(/C=C2/SC(=S)N(CCC(=O)O)C2=O)c1,337.04425,6,2.7612,0,5,1,66.84,
CID_1306590,CCOC1=CC=CC(=C1)C=C2C(=O)N(C(=S)S2)CCC(=O)O,337.04425,6,2.7612,0,5,1,66.84,
CHEMBL490220,CCO[C@@H](Cc1cccc(/C(C)=N/OCc2ccc(Cl)cc2)c1)C(=O)O,375.123736,9,4.313,0,4,1,68.12,
CID_16038358,CCOC(CC1=CC(=CC=C1)C(=NOCC2=CC=C(C=C2)Cl)C)C(=O)O,375.123736,9,4.313,0,4,1,68.12,
CHEMBL1565327,CC1=C(C=CC2=C1N=C(C=C2C(=O)O)C3=CC=CC=C3)Cl,297.055656,2,4.56182,0,2,1,50.19,
CHEMBL234170,CC1=CC2=C(C=C1OCC3=NOC(=C3)C4=CC=C(C=C4)Cl)SC=C2CC(=O)O,413.048857,6,5.72422,0,5,1,72.56,
CHEMBL462378,COc1ccc(C(=O)c2c(C)n(Cc3cc(O[C@@H](C)C(=O)O)ccc3F)c3nc(OC)ccc23)cc1,492.169665,9,4.63222,0,7,1,99.88,
CID_25164959,CC1=C(C2=C(N1CC3=C(C=CC(=C3)OC(C)C(=O)O)F)N=C(C=C2)OC)C(=O)C4=CC=C(C=C4)OC,492.169665,9,4.63222,0,7,1,99.88,
CHEMBL5505922,CC1=C(C=CC(=C1C)OC(C)(C)C(=O)O)CN2CCN(CC2)C3=CC=C(C=C3)C(F)(F)F,450.213027,6,4.88644,0,4,1,53.01,
CHEMBL199225,CC(CC1=CC=CC=C1)(C(=O)O)OC2=CC=C(C=C2)Cl,290.070972,5,3.8048,0,2,1,46.53,
CHEMBL611073,C1=CC(=C(C=C1C(=O)NCCS(=O)(=O)C2=NC=C(C=C2)C(F)(F)F)Br)Cl,469.931438,5,3.72,0,4,1,76.13,
CHEMBL1209170,CN(CC1=CC(=CC=C1)C(=O)O)C2=C(N=C(C=C2)OCC3=C(ON=C3C4=C(C=CC=C4Cl)Cl)C5CC5)C(F)(F)F,591.093946,9,7.8532,0,6,1,88.69,
CHEMBL375747,COc1cc(C#N)ccc1OCCCOc1ccc2c(c1)CC[C@H]2CC(=O)O,381.157623,9,3.91928,0,5,1,88.78,
CID_16110427,COC1=C(C=CC(=C1)C#N)OCCCOC2=CC3=C(C=C2)C(CC3)CC(=O)O,381.157623,9,3.91928,0,5,1,88.78,
CHEMBL4443192,CCCCCCC(C(=O)O)SC1=NC2=C(S1)C=C(C=C2)NCC3=CC=C(C=C3)C(F)(F)F,482.130955,11,7.4429,0,5,2,62.22,
CHEMBL108861,C=CCc1ccc(OC)c(OC)c1,178.09938,4,2.4323,0,2,0,18.46,
CHEMBL554608,CCCCC/C=C(\C/C=C\CCCCCCCC(=O)O)[N+](=O)[O-],325.225308,15,5.4889,0,3,1,80.44,
CID_5282316,CCCCCC=C(CC=CCCCCCCCC(=O)O)[N+](=O)[O-],325.225308,15,5.4889,0,3,1,80.44,
CHEMBL1087336,COC(=O)N(CC(=O)O)Cc1cccc(OCc2coc(-c3ccc(F)cc3F)n2)c1,432.113293,8,3.8518,0,6,1,102.1,
CHEMBL4739884,Cc1cnc(-c2ccc(Cl)c(F)c2)n1Cc1ccccc1OCCC[C@@H](C)CC(=O)O,444.161599,10,5.96912,0,4,1,64.35,
CID_126752343,CC1=CN=C(N1CC2=CC=CC=C2OCCCC(C)CC(=O)O)C3=CC(=C(C=C3)Cl)F,444.161599,10,5.96912,0,4,1,64.35,
CHEMBL1075704,CC1=C(C=CC(=C1)OCC2=NC(=C(S2)C3=CC=C(C=C3)OC(F)(F)F)C4=CC=C(C=C4)N5CCCC5)OCC(=O)O,584.159278,10,7.32672,0,7,1,81.12,
CHEMBL423026,CN(CCOc1ccc(C[C@H](Nc2ccccc2C(=O)c2ccccc2)C(=O)O)cc1)c1nc2ccccc2o1,535.210721,12,5.6818,0,7,2,104.9,
CID_10186986,CN(CCOC1=CC=C(C=C1)CC(C(=O)O)NC2=CC=CC=C2C(=O)C3=CC=CC=C3)C4=NC5=CC=CC=C5O4,535.210721,12,5.6818,0,7,2,104.9,
CHEMBL1779477,CCC(CC1=CC(=C(C=C1)OC)CNC(=O)C2=CC=CC=C2C3=CC=CC=C3)C(=O)O,417.194008,9,4.9455,0,3,2,75.63,
